1,3.72
2,3.11
3,2.77
4,2.03
5,2.66
6,3.84
7,2.94
8,2.36
9,2.41
10,3.31
11,3.35
12,2.54
13,3.28
14,3.3
15,2.32
16,3.9
17,3.6
18,3.34
19,2.59
20,2.69
21,3.42
22,3.08
23,2.96
24,3.04
25,3.6
26,3.36
27,2.83
28,3.58
29,3.72
30,4.05
31,2.95
32,3.96
34,3.27
36,3.6
38,2.16
39,3.21
40,3.32
41,3.71
42,2.8
43,3.16
44,2.48
45,3.41
46,2.76
47,4.04
48,2.95
49,3.38
50,4.18
52,3.36
53,3.56
54,2.27
55,2.14
57,3.11
58,3.51
60,2.79
61,2.68
62,3.38
63,2.94
64,1.94
65,1.97
66,1.73
68,3.58
69,3.3
70,3.36
71,2.3
72,3.12
73,3.6
74,2.58
75,1.71
76,3.02
77,2.83
78,3.3
79,2.72
80,3.78
81,3.05
82,3.71
83,3.44
85,3.39
86,3.22
87,1.57
88,2.8
89,3.02
92,2.5
93,2.34
94,3.59
95,2.72
96,3.72
97,4.02
99,3.33
100,3.03
101,3.55
102,1.97
103,2.7
104,3.1
105,3.17
106,4
107,3.11
108,3
110,3.76
111,3.94
112,3.17
113,2.76
116,3.77
117,3.5
118,2.21
119,2
121,3.73
122,2.65
123,3.88
125,3.37
126,2.19
128,3.4
129,3
132,2.23
135,2.71
137,3.5
140,2.61
141,3.29
144,3.14
145,3.06
146,2.73
147,3.41
148,3.07
149,3.43
150,3.72
151,3.35
152,2.91
153,2.55
154,3.71
155,3.14
156,2.92
157,2.78
158,2.79
159,3.17
160,2.36
161,3.5
162,3.91
163,3.35
164,3.18
165,3.51
166,3.34
168,2.73
169,1.69
170,3.19
171,2.79
172,2.83
173,2.4
174,1.77
175,3.5
176,3.7
177,3.15
178,3.18
179,2.22
180,3.37
181,1.8
183,2.94
184,2.72
185,2.66
186,2.37
187,3.02
188,2.98
189,3
190,3.64
191,2.43
193,2.13
194,3.59
195,2.58
196,2.58
198,3.39
199,3.63
201,2.71
202,2.69
203,3.03
204,2.45
205,3.67
206,3.05
207,2.85
208,2.77
209,2.41
210,2.73
211,3.43
212,1.71
213,3.74
214,3.57
215,3.85
216,2.93
217,2.47
218,2.74
219,3.33
220,2.44
222,3.1
223,3.72
224,3.27
225,2.89
227,2.3
228,2.06
229,3.66
230,3.42
231,2.94
232,3.74
233,3.5
234,2.21
235,3.63
236,3.02
237,2.69
238,2.96
239,2.84
240,2.53
241,2.96
242,3.39
243,2.12
246,3.87
247,3.71
248,2.29
249,3.67
250,2.79
251,2.43
252,2.92
253,3.53
254,2.9
255,1.86
256,2.2
257,3.11
258,2.14
259,2.45
260,4.02
261,3.35
262,3.55
263,3.75
265,3.5
266,3.31
267,2.54
269,3
270,2.36
271,2.77
272,3.49
273,2.97
274,2.42
275,2.56
276,2.4
277,2.74
278,2.32
279,3.14
280,3.56
281,3.48
282,3.16
283,3
284,3
285,1
287,2.62
288,3.47
289,2.93
290,3.86
291,2.33
292,3.1
293,4.11
294,3
295,2.12
296,4.2
298,3.75
299,3.42
300,3.68
301,3.17
302,3.45
303,2.98
304,2.56
305,2.62
306,4.11
307,3.96
308,3.97
310,2.58
311,2
312,2.73
313,2.82
314,3.63
315,2.7
316,3.31
317,2.81
318,4.36
319,3.6
320,3.21
321,3.59
322,3.42
324,3.67
325,2.38
326,4.11
327,2.66
328,3.02
329,3.19
330,2.31
331,2.93
332,2.85
333,3.18
334,3.63
335,2.64
336,3.14
337,3.67
338,2.7
339,3.09
340,2.85
341,3.27
342,3.46
343,2.07
344,2.92
345,3.58
346,3.38
347,3.32
348,3.69
349,3.5
350,3.29
351,3.01
352,3.19
353,3.46
354,2.72
355,2.12
356,3.93
357,3.37
358,3.14
359,3
360,2.53
361,3.02
362,3
363,3.68
364,3.81
365,2.99
366,2.88
367,2.96
368,3.3
369,2.71
370,2.97
371,3.04
372,3.19
373,3.79
374,2.08
376,2.95
377,3.27
378,2.71
379,2.54
380,3.28
381,2.88
382,2.96
383,3.09
384,2.82
385,3.3
386,2.67
387,2.29
388,2.75
389,3.12
390,3.4
391,2.42
393,1.86
405,2.24
406,2.5
407,3.36
408,3.39
409,3.04
410,3.03
412,3.27
413,2.83
414,2.29
415,2.48
416,2.59
417,3.31
418,2.06
419,2.27
420,2.57
421,2.76
422,2.77
423,2.86
424,2.59
425,3.59
426,2.98
427,2.31
428,3.79
429,2
430,2.57
431,3.72
432,2.4
433,2.46
434,2.72
435,2.42
436,2.62
437,2.5
438,2.17
440,3.31
441,3.59
442,2.98
444,2.32
445,2.64
446,3.8
448,3.51
449,3.15
450,3.24
451,3.11
452,3.5
453,2.81
454,3.37
455,2.34
456,3.82
457,3.77
458,3.19
459,2.48
460,1.91
461,2.75
464,2.79
466,3.02
467,2.5
468,3.11
469,3.47
470,1.5
471,3.7
472,2.62
473,2.42
474,3.52
475,3.95
476,2.83
477,3.63
478,2.33
479,2.94
480,3.57
481,3.17
482,3.22
484,2.17
485,2.78
486,2.33
487,2.25
488,3.38
489,2.4
490,3.12
491,3.01
492,3.62
493,3.67
494,3.05
495,2.94
496,2.77
497,3.58
499,2.56
500,3.1
501,3.8
502,2.09
504,3.05
505,2.21
506,3.26
507,3.46
508,3.72
509,3.44
510,2.77
511,2.68
512,2.68
513,2.86
514,3.35
515,3.81
516,2.87
517,2.98
518,2.58
519,2.2
520,3.14
521,3.04
522,3.45
523,3.46
524,3.38
526,2.5
527,4.09
528,2.68
529,3.76
531,3.35
532,3.04
533,2.65
534,3.56
535,3.65
536,2.59
537,2.79
538,3.52
539,3.14
540,2.52
541,4
542,2.49
543,3.2
544,2.85
546,1.9
547,2.43
548,2.54
549,3.42
550,3.16
551,3.71
552,2.98
553,3.69
555,3.71
556,3.69
558,2.46
562,3.55
563,3.64
564,1.92
567,3.15
568,3.33
569,2.55
573,3
574,3.07
575,2.6
577,2.21
579,2.67
580,2.71
581,3.95
583,3.21
585,2.55
586,3.14
587,3.2
588,3.65
589,3.93
590,3.56
592,3.5
593,4.03
594,3.48
595,3.6
596,3.44
597,3.14
599,3.77
600,2.27
602,3.75
605,2.85
606,2.38
608,4
609,2.39
610,3.12
611,2.33
612,2.25
613,3.46
615,3.94
616,3.37
617,3.71
618,2.1
619,2.15
626,2.12
627,3.4
628,3.77
631,2.12
632,3.89
633,3.25
634,0.5
635,3.77
636,1.83
637,2.47
638,2.33
639,2.71
640,2.5
645,3.5
647,3.11
648,3.31
649,3
650,3.35
653,3.01
656,2.22
661,3.18
662,2.81
663,3.33
665,3.8
667,1.81
668,3.88
670,3.98
671,3.58
673,2.64
674,3.09
678,3.71
679,3
680,3.23
685,3.22
688,2.21
691,2.75
692,2.27
694,2.69
695,3.03
697,2.25
698,1
700,2.73
703,2.25
704,2.66
706,3.25
707,3.07
708,3.11
709,3.18
710,2
711,1.99
714,3.73
715,3.3
718,3.1
719,2.7
720,3.94
722,3.62
724,2.96
725,2.71
726,2.5
728,3.44
731,2.77
733,3.42
735,3.44
736,2.83
737,1.79
741,3.86
742,2.56
743,2.48
745,3.76
747,2
748,3.06
750,4.03
757,3.67
759,3.92
760,3.62
761,2.47
762,2.1
764,3.2
765,2.6
766,3.28
773,4
775,2.42
778,3.97
779,1.5
780,3.13
781,3.12
782,2.63
783,3.11
784,2.67
785,3
786,2.77
788,2.25
790,3.75
791,3.5
798,2.39
799,3.34
800,3.71
801,2.79
802,3.01
803,3.48
804,2.61
805,3.55
806,2.67
808,2.86
809,2.21
810,1.47
813,2.82
818,2.39
823,2.8
824,3.33
828,2.35
829,2.62
830,2.78
832,3.16
833,2.36
835,3.13
836,2.47
837,3.28
838,3.32
839,2.52
840,2.25
841,3.81
842,2.36
848,3.21
849,2.61
851,3.33
852,2.76
858,4.22
861,3.19
866,3.61
867,2.19
869,2.21
870,2.65
875,3.71
876,2.4
879,2.66
880,2.42
881,2.34
882,2.53
885,2.5
886,2.41
888,1.84
889,3.5
891,2.17
892,3.94
893,3.44
896,3.45
897,3.33
898,3.75
899,3.89
900,3.28
901,3.31
902,3.64
903,3.9
904,4.05
905,3.88
906,3.84
907,3.44
908,3.97
909,3.91
910,3.8
911,3.89
912,3.99
913,3.97
914,3.77
915,3.64
916,3.73
917,3.45
918,3.51
919,3.72
920,3.68
921,3.62
922,4.1
923,3.85
924,3.94
926,3.91
927,3.3
928,3.87
929,3.64
930,3.87
931,3.45
932,3.38
933,3.76
934,3.05
935,2.94
936,3.57
937,3.58
938,3.22
940,3.76
941,3.68
942,3.75
943,3.72
944,3.47
945,3.5
946,3.89
947,3.81
948,3.51
949,3.77
950,3.93
951,3.74
952,3.4
953,3.88
954,3.99
955,3.82
956,3.5
959,3.33
961,3.5
963,3.94
965,3.68
968,3.65
969,3.73
970,3.25
971,3.9
973,3.76
976,3.12
981,3
982,3.29
984,2.93
986,3.06
987,3.17
988,3.46
990,2.77
991,3.55
993,3.5
994,3.87
996,2.95
998,2.94
999,3.17
1003,2.98
1004,2.1
1005,2.11
1006,2.69
1007,2.87
1008,3.17
1009,3.1
1010,3.14
1011,2.8
1012,3.57
1013,3.47
1014,3.21
1015,3.2
1016,3.09
1017,3.56
1018,2.96
1019,3.6
1020,3.16
1021,2.69
1022,3.38
1023,3.75
1024,3.19
1025,3.6
1027,3.13
1028,3.62
1029,3.4
1030,2.9
1031,3.42
1032,3.65
1033,3.44
1034,3.17
1035,3.81
1036,3.88
1037,2.71
1040,2.5
1041,3.75
1042,3.16
1043,2.19
1046,3.79
1047,3.23
1049,3.26
1050,3.54
1051,3.64
1053,3.11
1054,3.42
1055,2
1056,3.39
1057,3.27
1059,3.25
1060,3.56
1061,3.6
1064,3.02
1066,3.69
1068,3.68
1073,3.59
1076,3.55
1077,3.7
1078,3.66
1079,3.63
1080,3.96
1081,3.57
1082,3.68
1083,3.19
1084,3.74
1085,3.62
1086,4.05
1088,3.03
1089,4.03
1090,3.84
1091,2.79
1092,3.23
1093,3.38
1094,3.49
1095,3.85
1096,3.77
1097,3.52
1099,3.41
1100,2.58
1101,3.18
1103,3.67
1104,3.81
1105,1.75
1111,3.97
1112,2.93
1114,3.6
1116,3.42
1117,3.71
1119,2
1120,3.51
1121,2
1123,3.94
1124,3.73
1125,3.58
1126,2.64
1127,3.65
1128,3.06
1129,3.37
1130,2.98
1131,3.89
1132,4.07
1135,3.09
1136,4.06
1137,4
1144,3.62
1147,3.78
1148,3.83
1150,3.71
1151,3
1156,4.12
1161,3.68
1162,3.5
1163,2.83
1167,2.44
1170,1.75
1171,3.69
1172,3.9
1173,3.48
1175,3.78
1176,3.74
1177,3.44
1178,4.1
1179,3.57
1180,3.44
1183,3.25
1184,3.42
1185,3.69
1186,3.52
1187,3.37
1188,3.51
1189,3.99
1190,3.38
1191,2.73
1192,3.6
1193,4.11
1194,3.3
1196,4.08
1197,3.89
1198,3.92
1199,3.88
1200,3.98
1201,4.08
1202,3.75
1203,4.22
1204,4.04
1206,3.95
1207,3.94
1208,4.03
1209,3.91
1210,3.91
1211,3.75
1212,3.95
1213,4.1
1214,4.06
1215,3.52
1216,3.61
1217,3.97
1218,3.56
1219,3.98
1220,3.7
1221,4.16
1222,4
1223,3.81
1224,3.72
1225,4
1226,3.47
1227,3.83
1228,3.86
1230,3.83
1231,3.82
1232,3.85
1233,4.05
1234,4.08
1235,3.85
1236,3.56
1237,4.02
1238,3.67
1240,3.79
1241,3.67
1242,3.87
1243,3.63
1244,3.95
1245,3.83
1246,3.85
1247,3.81
1248,3.84
1249,3.66
1250,3.95
1251,3.77
1252,3.93
1253,3.76
1254,4.02
1255,2.96
1256,3.86
1257,3.49
1258,3.98
1259,3.84
1260,3.96
1261,3.6
1262,3.95
1263,3.85
1264,3.65
1265,3.94
1266,3.95
1267,3.89
1268,3.48
1269,3.8
1270,3.94
1271,3.54
1272,4.01
1273,3.68
1274,3.82
1275,3.4
1276,3.96
1277,3.55
1278,3.87
1279,3.73
1280,3.93
1281,3.94
1282,3.68
1283,3.89
1284,3.94
1285,3.55
1286,3.14
1287,3.74
1288,3.78
1289,3.9
1290,3.31
1291,3.93
1292,3.91
1293,3.84
1295,3.72
1296,3.66
1297,3.53
1298,3.88
1299,3.98
1300,3.88
1301,3.71
1302,3.49
1303,3.79
1304,3.9
1305,3.86
1306,3.29
1307,3.61
1310,3.59
1312,3.5
1318,2
1320,3.17
1321,3.5
1322,1.33
1323,2.12
1324,2
1325,1.75
1326,2.12
1327,2.86
1328,2
1329,3.31
1330,2.83
1331,2.5
1332,3.11
1333,3.71
1334,3.12
1335,1.25
1336,2.1
1337,3.64
1339,3.54
1340,3.63
1341,2.83
1342,3.03
1343,3.48
1344,3.7
1345,3.53
1346,2.96
1347,3.4
1348,3.66
1350,3.55
1351,2.71
1352,2.71
1353,2.85
1354,3.75
1355,2.85
1356,3.56
1357,3.61
1358,3.82
1359,2.4
1361,4.11
1363,2.61
1365,3.77
1366,3.26
1367,2.72
1370,3.43
1371,3.03
1372,3.53
1373,2.81
1374,3.69
1375,3.26
1376,3.55
1377,3.3
1378,3.16
1379,2.91
1380,3.04
1381,1.91
1382,2.32
1385,2.86
1387,3.7
1388,2.36
1389,1.74
1390,2.96
1391,2.99
1392,3.45
1393,3.31
1394,3.63
1395,3.23
1396,3.64
1397,3.3
1398,2.3
1399,3.11
1401,3.25
1405,3.02
1406,3.62
1407,3.08
1408,3.64
1409,2.79
1411,3.88
1412,3.5
1413,3.59
1414,3.15
1415,3.75
1416,2.79
1417,3.28
1419,3.72
1422,2.73
1423,4.5
1425,3.19
1426,2.17
1427,2.09
1428,3.58
1429,3.06
1430,3.2
1431,2.14
1432,2.55
1437,3.73
1438,2.62
1439,2.25
1440,2.61
1441,3.58
1442,3.08
1445,1.95
1446,3.78
1447,2.83
1449,3.65
1453,2.12
1454,3.1
1456,1.66
1457,2.86
1458,2.12
1459,3.17
1460,2.22
1461,2.68
1464,3.76
1465,3.53
1466,3.78
1468,2.14
1473,2
1474,2.21
1475,3.14
1476,3.15
1477,3.12
1479,2.96
1480,3.08
1483,3.05
1484,3.41
1485,3.08
1487,2.76
1488,2.89
1489,2.97
1490,1.86
1493,3.33
1495,1.53
1496,2.8
1497,2.05
1498,2.88
1499,1.92
1500,3.65
1502,3.21
1503,2.34
1507,3.23
1513,2.84
1514,3.33
1515,2.42
1516,3.62
1517,3.27
1518,3.18
1519,3.38
1526,2.16
1527,3.78
1529,3.39
1533,3.71
1537,3.8
1541,2.81
1542,3.42
1544,2.88
1545,3.38
1546,3.61
1547,2.95
1549,3
1550,2.69
1551,1.81
1552,3.06
1554,3.68
1556,1.79
1562,2.06
1564,4
1565,2.65
1566,3.34
1569,2.9
1571,3.08
1572,3.74
1573,3.17
1574,3.33
1580,3.49
1581,2.28
1582,2.62
1583,2.25
1584,3.65
1585,3.62
1586,2.76
1587,3.18
1588,2.51
1589,3.34
1590,3.08
1591,2.51
1592,1.86
1593,2.55
1594,3.77
1596,3.36
1597,3.23
1598,2.43
1599,1.88
1600,2.91
1601,2.72
1602,1.5
1603,2.73
1604,2.27
1605,2.37
1606,2.55
1608,3.04
1609,3.08
1610,3.73
1611,3.31
1612,3.3
1613,3
1614,3.05
1615,3.18
1616,2.82
1617,4.04
1619,3.39
1620,3.19
1621,3.28
1623,2.52
1624,2.86
1625,3.87
1626,2.09
1627,3.09
1629,2.94
1631,3.38
1633,3.36
1635,3.59
1639,3.43
1641,3.47
1642,3.12
1643,3.44
1644,2.42
1645,3.55
1646,2.4
1647,2.67
1648,3.31
1649,3.42
1650,3.36
1652,3.25
1653,3.86
1654,3.07
1655,2.74
1656,3.07
1658,2.98
1659,3.5
1660,3.78
1661,2.89
1662,2.92
1663,3.39
1665,2.66
1667,2.56
1670,3.4
1671,3.22
1672,3.49
1673,3.69
1674,3.69
1675,2.8
1676,3.33
1677,3.1
1678,3.34
1679,2
1680,3.34
1681,1.79
1682,3.89
1683,3.5
1684,3.3
1685,2.7
1686,3.03
1687,3.17
1688,3.26
1689,3.39
1690,3.01
1693,3.66
1694,3.53
1695,3.95
1696,3.69
1699,3.27
1701,3.63
1702,2.32
1703,2.39
1704,3.96
1707,1.82
1711,3.16
1713,2.91
1717,2.6
1719,3.9
1721,3.25
1722,3.12
1726,2.88
1727,2.98
1729,3.71
1730,3.48
1731,1.67
1732,3.95
1733,3
1734,3.82
1735,3.04
1739,1.5
1746,2.38
1747,3.54
1748,3.77
1752,2.55
1753,3.06
1754,3.38
1755,3.33
1757,3.75
1759,3.55
1760,1.79
1762,2.8
1767,2.61
1769,2.87
1770,2.83
1771,2.29
1772,2.57
1777,3.08
1779,2.86
1783,2.85
1784,3.64
1785,3.14
1791,2.57
1792,3.11
1793,1.75
1794,3.39
1797,3.41
1798,2.11
1799,3.22
1801,3.11
1804,2.81
1805,2.96
1806,2.33
1807,2.57
1809,3.79
1810,3.46
1812,3.12
1816,2.47
1821,2.8
1824,3.05
1825,2.75
1826,0.79
1827,3.34
1829,3.5
1831,2.5
1833,3
1834,3.64
1835,3.04
1836,3.17
1837,2.33
1839,2.5
1840,3.23
1841,2.62
1844,3.72
1845,3.58
1848,2.78
1855,2.06
1856,3.21
1857,2.55
1858,3.21
1859,3.59
1860,4.23
1862,1.93
1863,2.28
1866,2.81
1867,2
1870,3.29
1873,3.6
1875,3.34
1876,2.81
1881,2.88
1882,2.29
1883,3.25
1884,3.7
1885,3.5
1887,2.61
1888,2.49
1889,3.49
1891,3.59
1892,3.26
1893,3.55
1894,2.53
1895,2.9
1897,3.29
1900,3.94
1902,2.6
1904,3.29
1906,3.06
1907,3.62
1909,3.26
1910,3.62
1911,2.46
1912,3.57
1913,3.52
1914,3.52
1916,3.54
1917,2.8
1918,2.95
1919,3.13
1920,2.71
1921,3.63
1922,3.33
1923,3.27
1924,2.18
1926,2.55
1927,3.82
1928,2.43
1929,3.44
1931,3.65
1932,3.08
1933,3.37
1934,3.59
1936,3.69
1937,3.53
1938,3.76
1939,3.95
1940,3.55
1941,3.62
1942,3.26
1944,3.74
1945,4
1946,3.62
1947,3.56
1948,3.38
1949,3.99
1950,3.95
1951,3.79
1952,3.73
1953,3.73
1954,3.64
1955,3.71
1956,3.84
1957,3.61
1958,3.36
1959,3.37
1960,3.71
1961,3.8
1962,3.51
1963,3.73
1964,3.66
1965,3.3
1966,3.6
1967,3.65
1968,3.73
1969,2.44
1970,2.99
1971,2.57
1972,2.24
1973,2.16
1974,2.9
1975,2.64
1976,2.5
1977,2.6
1978,2.26
1979,2.43
1980,2.25
1981,2.26
1982,3.47
1983,2.83
1984,2.46
1985,2.41
1986,2.12
1987,2.5
1990,1
1991,2.86
1992,2.38
1993,2.38
1994,3.52
1995,2.74
1996,2.27
1997,3.63
1998,1.93
1999,3
2000,3.54
2001,3.3
2002,3.06
2003,3.34
2004,2.82
2005,3.58
2006,3.03
2007,2.58
2008,3.12
2009,3.44
2010,3.82
2011,3.65
2012,3.46
2013,3.13
2014,2.95
2015,3.33
2016,2.5
2017,3
2018,3.43
2019,4.11
2020,3.74
2021,3.16
2022,3.54
2023,3.42
2024,3.48
2025,3.34
2026,2.5
2027,2.39
2028,3.91
2032,3.12
2033,2.98
2034,2.77
2035,2.5
2036,2.19
2037,3.59
2038,2.98
2040,2.88
2041,2.63
2042,2.51
2043,3.37
2044,2.5
2046,3.38
2048,3.42
2050,2.54
2051,2.64
2052,2.99
2053,2.06
2054,2.7
2055,2.61
2056,3.14
2057,3.17
2058,3.54
2059,3.15
2060,2.98
2064,3.71
2065,3.63
2066,4.03
2067,3.8
2068,3.87
2069,3.58
2070,3.68
2071,3.45
2072,3.02
2073,2.94
2074,3.62
2075,3.91
2076,3.75
2077,3.71
2078,3.57
2080,3.42
2081,3.51
2082,2.82
2083,3.6
2084,2.76
2085,3.41
2087,3.45
2088,2.47
2089,3.43
2090,3.4
2091,3.03
2092,2.42
2093,3.19
2094,3.12
2095,2.72
2096,3.49
2097,3.32
2098,2.75
2099,3.54
2100,3.09
2102,3.42
2103,2.93
2104,3.21
2105,3.27
2106,3.24
2107,2.22
2108,3.38
2109,3.45
2110,3.25
2111,2.97
2112,3.22
2114,3.37
2115,3.63
2116,3.11
2117,3.51
2118,3.43
2119,2.42
2120,3.11
2121,2.67
2122,2.64
2123,3.04
2124,3.31
2125,3.42
2126,2.68
2130,3.74
2131,3.99
2132,3.77
2133,3.23
2134,3.12
2135,2.94
2136,2.76
2137,3.57
2138,3.64
2139,3.73
2140,3.6
2141,3.46
2142,2.97
2143,3.2
2144,3.46
2145,3.31
2146,2.87
2147,2.27
2148,3.23
2149,2.78
2150,3.59
2151,3.13
2152,1.57
2153,2.15
2154,2.52
2155,3.18
2159,3.13
2160,3.79
2161,3.53
2162,2.48
2163,2.63
2164,2
2165,3.02
2166,3.46
2167,3.16
2169,2.74
2170,2.48
2171,3.35
2172,3
2174,3.53
2176,3.89
2177,3.4
2178,3.71
2179,3
2180,3.43
2181,3.51
2182,3.7
2183,3.61
2184,3.41
2185,3.48
2186,3.82
2187,3.5
2188,2.62
2190,3
2193,3.42
2194,3.88
2195,2.78
2196,2.04
2201,3.25
2202,3.7
2203,3.95
2204,3.71
2205,3.25
2206,3.46
2207,2.55
2208,3.8
2210,3.37
2211,3.18
2212,3.36
2226,2.1
2227,3.53
2231,3.62
2232,3.45
2236,3.46
2239,3.52
2240,3.42
2241,2.43
2243,3.68
2244,2
2245,3.35
2247,3.28
2248,3.61
2249,2.99
2252,3.25
2253,2.74
2255,2.73
2256,2.75
2257,2.8
2259,2.74
2260,1.83
2261,3.23
2262,3.06
2263,2.94
2264,2.87
2265,1.97
2266,2.39
2267,3.04
2268,3.71
2269,2.56
2271,3.17
2272,3.31
2273,3.19
2275,3.28
2278,3.55
2279,2.43
2280,3.1
2281,2
2282,3.15
2283,3.27
2286,2.33
2287,3.31
2288,3.89
2289,3.75
2290,3.64
2291,3.75
2292,2.57
2294,3.1
2295,3.17
2296,2.59
2297,3.05
2298,1.88
2300,3.69
2301,3.48
2302,3.5
2303,3.59
2304,3.44
2306,2.44
2307,2.5
2310,3.2
2311,3.21
2312,3.57
2313,3.93
2314,3.11
2315,2.18
2316,2.87
2318,3.83
2320,3
2321,3.54
2322,2.78
2323,3.59
2324,4.06
2325,3.03
2327,2.78
2328,2.75
2329,4.07
2330,3.8
2331,3.36
2332,2.62
2333,3.59
2334,3.07
2335,2.68
2336,3.59
2337,3.25
2338,1.89
2339,2.5
2340,3.17
2342,3.56
2344,3.46
2346,3.53
2347,3.39
2348,3.17
2349,3.5
2350,2.81
2351,3.76
2352,3.5
2353,3.45
2354,2.21
2355,3.44
2356,3
2357,3.83
2358,3.5
2359,3.64
2360,4.01
2361,3.12
2362,2.9
2363,3.13
2364,2.85
2365,3.12
2366,3.5
2367,2.61
2368,2.11
2369,2.73
2370,3.36
2371,3.46
2372,3.04
2373,2.38
2374,2.67
2375,2.83
2376,3.11
2377,2.91
2378,3
2379,2.48
2380,2.27
2381,2.11
2382,1.95
2383,1.82
2384,2.66
2385,2.48
2387,2.92
2388,3.44
2389,2.67
2390,3.56
2391,3.71
2392,1.96
2393,3.11
2394,3.26
2395,3.8
2396,3.43
2398,3.68
2399,2.48
2400,2.56
2401,3.64
2402,2.93
2403,3.59
2404,2.6
2405,3.02
2406,3.31
2407,3.3
2408,2.57
2409,3.18
2410,3.01
2411,2.86
2412,2.25
2413,3.66
2414,3.26
2415,3
2416,3.05
2417,2.92
2418,2.46
2419,2.67
2420,3.35
2421,2.69
2422,2.26
2423,3.35
2424,2.94
2425,3.4
2427,3.46
2428,2.9
2429,2.47
2430,3.1
2431,3.01
2432,2.95
2433,3.3
2435,2.7
2436,3.44
2439,3.29
2442,3.66
2443,3.23
2445,2.67
2446,2.45
2447,3.03
2448,2.21
2450,2.17
2451,2.84
2453,2.78
2454,3.33
2455,3.5
2456,2.23
2457,3.04
2458,2.52
2459,3.36
2460,2.66
2462,1.89
2463,3.26
2465,2.22
2467,3.84
2468,2.68
2469,3.07
2470,3.04
2471,2.55
2472,3
2473,2.29
2474,3.35
2475,2.85
2476,3.21
2477,2.12
2478,3.07
2481,3.56
2482,2.83
2483,3.87
2485,2.7
2488,3.56
2490,3.32
2491,2.62
2492,3.38
2493,3.17
2494,3.5
2495,3.85
2496,3.12
2497,2.41
2498,2.32
2500,2.74
2501,3.71
2502,3.93
2503,3.75
2504,3
2505,2.94
2506,2.58
2511,3.67
2512,3.73
2513,2.95
2514,2.33
2515,2.39
2516,1.58
2517,2.99
2518,3.27
2520,3.19
2521,2.38
2522,2.38
2523,3.05
2524,3.25
2525,2.58
2526,2.21
2527,3.36
2528,3.32
2529,3.71
2530,2.91
2531,2.9
2532,2.84
2533,2.92
2534,2.25
2535,2.79
2537,2.33
2539,3.05
2540,2.96
2541,3.12
2542,3.94
2544,2.83
2546,2.53
2548,2.3
2549,2.18
2550,3.76
2551,3.4
2552,2.11
2553,3.51
2554,3.54
2555,1.47
2557,3.45
2558,2.44
2559,2.4
2560,3.35
2561,2.96
2563,3.01
2565,3.66
2566,2.56
2567,2.86
2568,1.92
2570,3.05
2571,4.15
2572,3.46
2573,3.22
2574,2.28
2575,3.3
2577,3
2579,3.66
2580,3.51
2581,2.85
2582,3.19
2583,3.29
2585,3.91
2586,1.62
2587,2.89
2589,2.56
2590,3.17
2593,3.59
2594,3.85
2596,3.34
2597,2.35
2598,2.82
2599,3.58
2600,3.35
2605,2.93
2606,2.8
2607,3.68
2609,4.2
2611,3.59
2612,3.89
2613,3.23
2614,2.62
2615,2.93
2616,2.79
2617,3.06
2618,3.78
2620,2.44
2622,3.07
2623,3
2624,3.89
2625,2.72
2628,2.94
2629,2.25
2630,4.1
2632,3.67
2633,3.23
2634,3.22
2639,3.29
2640,3.33
2641,3.09
2642,2.4
2643,1.88
2644,3.36
2648,3.69
2651,2.79
2652,3.04
2654,3.2
2655,1.67
2656,2.57
2657,3.41
2659,3.58
2660,3.55
2661,3.11
2662,3.4
2664,3.67
2665,2.78
2668,2.69
2669,3.12
2670,3.6
2671,3.27
2672,3.37
2674,2.92
2676,2.89
2677,3.56
2681,3.58
2682,3.55
2683,2.98
2686,3.75
2687,3.25
2688,2.86
2690,3.69
2691,3.89
2692,3.81
2693,3.5
2694,2.85
2695,3
2696,3.64
2697,3.7
2698,2.5
2699,2.77
2700,3.62
2701,2.28
2702,3.07
2706,2.94
2707,3.48
2708,3.83
2709,3.07
2710,2.96
2712,3.51
2713,2.48
2716,3.72
2717,3.09
2718,3.19
2719,2.51
2720,1.9
2722,2.5
2723,3.11
2724,2.4
2725,3.17
2726,3.87
2727,2.86
2728,3.77
2729,3.7
2730,3.75
2731,3.91
2732,3.85
2733,2.86
2734,3.43
2735,2.89
2736,3.62
2737,2.38
2738,3
2739,3.73
2740,2.5
2741,2.58
2742,3.5
2743,3
2744,4.5
2745,3.61
2746,3.28
2747,3.14
2748,1.89
2749,3.03
2750,3.76
2751,2.65
2752,2.66
2754,2
2757,3.5
2759,3.2
2761,3.77
2762,3.87
2763,3.34
2764,3.48
2765,3.5
2766,2.81
2769,3.05
2770,2.9
2771,2.95
2772,3.24
2774,2.98
2775,3.43
2779,3.44
2782,3.33
2784,3.38
2786,2.59
2787,2.93
2788,3.95
2789,2.79
2790,2.68
2791,3.7
2792,3.09
2793,2.43
2794,2.94
2795,3.48
2796,3.04
2797,3.52
2798,2.03
2799,1.71
2800,3.25
2801,3.22
2802,2.89
2803,3.2
2804,3.69
2805,2.59
2806,2.4
2807,1.92
2808,2.48
2810,3.87
2812,2.94
2813,3.17
2815,2.28
2816,1.81
2817,1.95
2818,1.2
2819,3.79
2820,4
2822,2.86
2824,3.5
2826,3.18
2827,2.42
2828,1.62
2829,2.67
2835,1.95
2836,3.04
2837,3.44
2839,3.8
2840,2.91
2841,3.34
2843,3.97
2844,2.95
2846,3.22
2847,3.68
2848,3.58
2851,2.14
2852,3.74
2856,2.88
2857,3.47
2858,4.03
2859,3.97
2860,2.84
2861,2.98
2862,2.41
2863,3.67
2865,2.4
2866,3.61
2867,3.23
2868,2.28
2870,3.38
2871,3.77
2872,3.43
2874,3
2875,2.89
2876,2.47
2877,3.23
2878,2.18
2879,3.38
2880,3.2
2881,3
2882,2.88
2883,3.49
2884,2.35
2885,2.96
2886,2.42
2887,1.44
2888,2.72
2889,3.33
2890,3.55
2891,3.12
2892,1.8
2893,2.72
2894,2.71
2896,3.12
2897,3.7
2898,2.94
2899,3.17
2900,3.02
2901,3.01
2902,2.68
2903,2.02
2905,3.91
2906,2.24
2907,2.3
2908,3.72
2912,3.52
2915,3.24
2916,3.63
2917,3.76
2918,3.78
2919,3.68
2921,3.67
2922,3.61
2924,3.65
2925,3.69
2926,3.47
2927,3.93
2928,3.03
2929,3.32
2930,4
2931,3.91
2932,3.74
2935,3.63
2936,3.81
2937,3.64
2939,3.29
2940,3.7
2941,3.35
2942,3.08
2943,3.32
2944,3.77
2946,3.57
2947,3.65
2948,3.61
2949,3.53
2950,2.53
2951,3.87
2952,3.65
2953,2.6
2956,3.02
2959,4.24
2961,2.73
2962,3.05
2964,3.08
2965,1.96
2966,3.83
2967,3.54
2968,3.55
2969,4.05
2970,3.81
2971,3.73
2972,3.57
2973,3.87
2974,1.32
2975,3.11
2976,3.25
2977,2.86
2978,2.94
2979,2.2
2982,2
2983,3.64
2984,3.8
2985,3.46
2986,2.67
2987,3.55
2988,3.24
2989,3.38
2990,3.07
2991,3.31
2992,2.58
2993,3.5
2995,2.49
2996,3.5
2997,3.85
3000,4.04
3002,3.88
3003,3.5
3004,2.43
3005,3.15
3006,3.84
3007,3.71
3008,3.86
3010,3.91
3011,3.65
3013,2.75
3014,3.4
3015,3.15
3016,3.35
3017,3.2
3018,3.22
3019,3.67
3020,3.75
3021,2.73
3022,3.99
3024,1.95
3028,3.33
3029,3
3030,4.06
3031,2.07
3032,3.24
3033,3.35
3034,3.65
3035,3.67
3036,3.5
3037,3.75
3038,4.04
3039,3.67
3040,2.98
3041,1.81
3042,1.55
3043,1.86
3044,3.45
3045,3.38
3046,3
3048,2.54
3051,2.99
3052,3.46
3053,3.11
3054,2.48
3055,3.18
3056,2.35
3057,3.25
3060,3.68
3061,3.67
3062,3.94
3063,2.6
3064,2.27
3066,3.55
3067,3.67
3068,3.73
3070,3.25
3071,3.74
3072,3.53
3073,3.5
3074,3.65
3075,3.67
3076,3.85
3077,4.03
3078,3.44
3079,3.53
3081,3.48
3082,3.08
3083,3.8
3086,3.54
3087,3.45
3088,3.79
3089,4
3090,3.89
3091,3.92
3093,3.51
3094,3.6
3095,3.88
3096,3.8
3097,3.71
3098,3.67
3099,3
3100,3.67
3101,3.32
3102,3.38
3103,3
3104,3.62
3105,3.73
3106,3.5
3107,3.19
3108,3.6
3109,2.94
3111,3.86
3112,3.12
3113,2.58
3114,3.7
3115,3.14
3117,3.19
3120,2.77
3125,3.23
3127,2.9
3129,3.49
3130,2.43
3132,2.88
3134,3.89
3135,3.66
3138,2.45
3141,2.85
3142,3.65
3143,3.32
3145,3.34
3146,2.24
3147,3.96
3148,3.49
3150,3.48
3152,3.88
3153,3.34
3155,3.21
3156,3.12
3157,2.73
3158,3.59
3159,3.43
3160,3.74
3161,3.3
3162,1.83
3163,3.63
3165,2.17
3167,3.61
3168,3.66
3169,3.61
3171,3.5
3173,3.01
3174,3.5
3175,3.6
3176,3.57
3177,2.55
3178,3.42
3179,3.6
3181,3.59
3182,4.02
3183,2.86
3185,3.37
3186,3.45
3189,3.17
3190,2.68
3192,3.39
3194,3.26
3196,3.88
3197,2.94
3198,3.89
3200,3.8
3201,3.55
3203,3.49
3204,3.42
3206,2.94
3208,2.75
3210,3.51
3211,3.53
3213,3.59
3214,2.92
3217,3.33
3219,3.24
3221,3.62
3223,3.52
3224,4.37
3225,2.5
3230,3.26
3235,2.93
3238,2.37
3240,2.83
3241,3.05
3243,2.64
3244,3.39
3246,3.67
3247,2.95
3248,2.55
3249,2.97
3250,3.44
3251,3.53
3252,3.7
3253,3.48
3254,2.91
3255,3.41
3256,3.45
3257,2.61
3258,3.09
3259,3.01
3260,3.67
3261,3.4
3262,3.65
3263,3.12
3264,2.88
3265,3.64
3266,3.84
3267,3.46
3268,1.77
3269,2.95
3270,3.12
3271,3.74
3272,3.17
3273,2.2
3274,2.97
3275,3.63
3276,2.63
3280,3.17
3281,3.38
3283,3.62
3284,3.64
3285,3.09
3286,2.6
3287,3.21
3289,3.67
3294,2.21
3295,3.44
3296,3.64
3298,3.47
3299,2.06
3300,3.44
3301,3.18
3302,3.44
3303,3.17
3306,4.12
3307,3.93
3308,2.75
3310,3.91
3313,2.4
3315,2.17
3316,2.62
3317,3.71
3323,3
3324,2.69
3325,1.89
3326,2.52
3327,3.7
3328,3.7
3329,3.62
3330,3.46
3331,2.67
3334,3.81
3338,3.95
3341,3.52
3342,3.84
3344,2.9
3345,3
3347,3.72
3350,3.66
3354,2.52
3355,3.23
3357,3.36
3358,3.6
3359,3.76
3360,3.82
3361,3.6
3362,3.94
3363,3.68
3364,3.88
3365,3.77
3368,3.92
3370,3.32
3372,3.23
3374,3.5
3378,3.5
3379,3.73
3384,3.86
3385,2.47
3386,3.66
3387,2.52
3388,2.61
3389,2.17
3390,1.56
3391,2.36
3392,2.46
3393,2.56
3394,2.47
3395,2.38
3396,3.73
3397,3.67
3398,3.31
3400,2.18
3401,2.2
3402,3.17
3403,2.44
3404,3.45
3405,3.67
3406,3.81
3408,3.4
3409,2.99
3410,3.5
3412,3.71
3414,2.5
3415,4.02
3417,3.69
3418,3.55
3420,3.51
3421,3.52
3422,3.27
3423,2.75
3424,3.8
3425,2.97
3426,3.07
3428,3
3429,3.84
3430,3.27
3431,2.52
3432,2.4
3433,1.45
3434,1.78
3435,3.98
3436,2.65
3438,2.84
3439,2.55
3440,2.04
3441,3.06
3442,2.2
3444,3.17
3445,3.08
3446,3.6
3447,2.75
3448,3.57
3449,3.3
3450,3.12
3451,3.82
3452,3.03
3453,2.22
3454,2.65
3456,3.86
3459,2.89
3461,3.44
3462,3.99
3466,3.45
3467,4.04
3468,4.01
3469,3.93
3470,3.93
3471,3.61
3473,3
3474,3.06
3475,3.85
3476,3.69
3477,3.31
3478,3.29
3479,3.25
3480,3.12
3481,3.64
3483,3.22
3484,2.51
3489,3.12
3492,3.75
3494,3.59
3496,3.33
3497,3.31
3498,3.83
3499,3.74
3500,2.69
3501,3.45
3502,3.07
3503,3.88
3504,4
3505,3.6
3506,3.27
3507,3.76
3508,3.81
3510,3.41
3511,2.26
3512,3.22
3513,2.99
3514,3.75
3515,3.02
3516,3.21
3519,3.21
3521,3.63
3524,3.41
3525,2.95
3526,3.46
3527,3.62
3528,3.2
3529,3.46
3531,3.25
3534,2.93
3535,3.73
3536,3
3537,2.5
3538,3.2
3539,3.81
3543,3.64
3544,2.79
3545,3.71
3546,3.74
3548,3.87
3549,3.59
3550,3.53
3551,3.74
3552,3.38
3553,2.7
3554,3.25
3555,3.23
3556,3.56
3557,2.94
3559,3.96
3563,2.25
3564,1.65
3565,2.83
3566,3.45
3567,3.7
3568,2.7
3569,3.52
3571,3.05
3572,1.36
3573,1.5
3574,0.75
3576,3.43
3577,2.45
3578,3.83
3580,2.5
3581,3.63
3584,2.82
3586,3.7
3587,2.76
3590,2.86
3591,3.25
3592,3.58
3593,1.46
3594,3.16
3596,2.24
3597,1.79
3598,3.18
3599,3.46
3604,3.41
3606,3.23
3608,3.2
3609,3.83
3614,2.8
3615,2.93
3616,2.32
3617,2.93
3618,3.31
3619,2.92
3622,3.5
3623,2.76
3624,3.06
3625,2.8
3626,3.12
3627,3.55
3628,3.14
3629,3.77
3632,3.79
3633,3.32
3634,3.87
3635,3.48
3637,3.76
3638,3.1
3639,3.37
3640,3.5
3641,3.39
3643,3.42
3646,1.95
3648,3
3649,3.06
3652,3
3653,3.7
3654,3.65
3655,3.29
3658,3.31
3660,2.62
3661,2.45
3662,2.75
3663,2
3664,1.8
3667,1.88
3668,3.5
3669,2.65
3671,3.74
3672,2.74
3673,2.5
3674,2.69
3675,3.6
3676,3.47
3677,3.99
3678,3.5
3679,3.63
3680,3.44
3681,3.94
3682,3.59
3683,3.75
3684,3.29
3685,3.33
3686,3.25
3687,3.44
3688,2.63
3689,2.23
3690,2.18
3691,2.08
3692,2.61
3693,2.94
3694,2.83
3695,2.35
3696,3.04
3697,2.83
3698,3.17
3699,3.36
3700,3.48
3701,3.21
3702,3.3
3703,3.69
3704,3.02
3705,2.76
3706,3.55
3707,3.02
3708,3.03
3709,2.52
3710,1.68
3711,4
3712,3.24
3713,3.5
3714,3.5
3715,1.5
3716,2.08
3717,2.93
3719,2.77
3720,3.33
3723,3.51
3724,3.79
3725,3.42
3726,3.48
3727,3.38
3728,3.45
3729,3.2
3730,3.89
3731,3.05
3732,2.92
3733,3.59
3735,3.84
3736,3.9
3737,3.69
3738,3.24
3739,3.73
3740,3.43
3741,3.85
3742,3.61
3743,2.53
3744,2.8
3745,3.1
3746,3.52
3747,3.42
3751,3.35
3752,2.77
3753,3.2
3754,2.06
3755,2.88
3756,2.92
3758,2.41
3760,3.29
3761,3.98
3763,3.16
3764,2.45
3765,2.96
3766,2.24
3767,1.75
3768,2.3
3769,3.45
3770,3.15
3771,3.48
3773,2.59
3774,1.81
3783,3.56
3784,3.02
3785,2.51
3786,3.49
3787,3.92
3788,3.59
3789,3.92
3790,2.92
3791,3.12
3792,2.82
3793,3.5
3794,3.45
3795,2.92
3797,2.2
3798,3
3799,2.14
3801,3.77
3802,2.64
3806,3.42
3807,3.25
3808,4.12
3809,3.27
3810,2.9
3811,4.13
3812,3.3
3813,3.71
3814,3.85
3816,3.96
3819,4.12
3821,1.92
3822,3.67
3823,2.94
3824,2.38
3825,2.49
3826,2.43
3827,2.92
3830,2.93
3831,3.32
3832,3.34
3833,2.41
3834,2.73
3835,2.36
3836,3.7
3837,2.53
3838,2.8
3839,2.5
3840,2.36
3841,2.68
3843,3.13
3844,3.32
3845,3
3846,2.64
3847,2.81
3849,3.5
3851,3.53
3852,3.28
3855,3.5
3857,2.1
3858,2.77
3859,3.45
3861,2.92
3862,3.09
3863,2.99
3864,2.63
3865,3.08
3868,3.59
3869,3.24
3870,3.42
3871,3.68
3872,3.74
3873,3.4
3877,1.99
3879,2.94
3882,2.84
3884,2.3
3888,2.5
3889,2.27
3893,3.06
3894,3.89
3895,2.51
3896,2.94
3897,3.73
3898,2.5
3899,1.83
3900,2.78
3901,2.69
3906,3.24
3908,2.08
3909,2.2
3910,3.78
3911,3.66
3912,1.61
3914,3.65
3915,3.26
3916,3.6
3917,3.36
3918,2.96
3919,2.56
3920,3.9
3922,1.75
3925,3.66
3926,3.42
3927,3.35
3928,3.19
3929,3.26
3930,3.34
3932,3.68
3933,1.25
3937,2.92
3938,2.5
3939,1.4
3940,1.33
3941,2.17
3942,2.17
3943,2.89
3945,2.73
3946,2.32
3947,3.44
3948,3.03
3949,3.95
3950,3.5
3951,3.75
3952,3.61
3953,2.03
3955,2.29
3957,2.91
3958,3
3959,3.51
3962,2.25
3963,2.54
3964,3.55
3965,3.67
3966,3.35
3967,3.66
3968,2.77
3969,3.2
3971,3.08
3972,3.63
3973,2.11
3974,2.08
3977,2.55
3978,2.92
3979,2.27
3980,3.47
3981,2.64
3983,3.81
3984,3.31
3985,3.68
3986,2.84
3987,2.73
3988,2.65
3989,3.79
3990,2.43
3991,2.09
3992,3.6
3993,3.42
3994,3.48
3996,3.69
3997,1.84
3998,2.99
3999,2.61
4000,3.5
4002,3.52
4003,2.63
4005,3.22
4006,2.97
4007,3.74
4008,3.39
4009,3.56
4010,3.09
4011,3.99
4012,2.85
4014,3.47
4015,2.46
4016,3.51
4017,3.4
4018,2.86
4019,3.57
4020,3.23
4021,3.52
4022,3.63
4023,3.15
4024,3.29
4025,2.8
4027,3.81
4029,3.45
4030,2.41
4031,3
4032,2.67
4033,3.64
4034,3.64
4035,2.97
4036,3.38
4037,3.84
4039,3.13
4040,2.74
4041,3.29
4042,3.1
4043,3.11
4046,3.5
4047,3.83
4051,0.5
4052,3.01
4053,2.42
4054,2.94
4055,3.38
4056,3.25
4061,3.39
4062,3.15
4063,2.43
4064,3.29
4065,3.38
4066,3.07
4067,2.78
4068,2.69
4069,2.38
4074,3.42
4077,3.62
4078,3.15
4079,3.39
4080,2.63
4081,2.5
4082,3.28
4083,2.83
4084,3.01
4085,3.47
4086,3.32
4089,2.28
4090,3.41
4091,3.03
4092,3.07
4093,2.86
4102,3.56
4103,3.67
4104,2.33
4105,3.55
4109,2.58
4110,3.06
4111,3.4
4113,3.62
4115,2.64
4116,3.24
4117,3.63
4121,3.35
4123,2.3
4124,1.85
4125,1.56
4126,2.89
4127,2.47
4128,3.39
4129,3.25
4130,2.78
4131,3.1
4132,2.76
4133,2.54
4135,3.12
4138,2.3
4139,2.8
4141,2.3
4142,2
4143,1.97
4144,3.99
4146,3
4147,3.37
4148,3.17
4149,2.55
4152,3.29
4153,2.67
4154,2.75
4155,2.82
4156,1.25
4157,3
4158,2.21
4159,2.52
4160,3.58
4161,2.77
4164,2.8
4166,3.55
4167,2.86
4168,2.88
4171,4.5
4174,3.86
4175,3.64
4178,3.83
4180,2.25
4181,2.88
4184,3.77
4187,3.75
4189,3.39
4190,3.73
4191,3.44
4193,3.5
4194,3.46
4195,3.45
4197,3.35
4198,2.85
4200,2.21
4202,2.5
4203,2.53
4204,1.64
4205,3.09
4207,2.77
4210,3.53
4211,3.77
4212,3.52
4214,3.03
4215,2.41
4217,3.62
4218,3.47
4219,2.71
4220,3.38
4221,2.91
4223,3.7
4224,2.21
4225,3.52
4226,4.08
4228,2.62
4229,2.1
4231,2.66
4232,2.4
4233,2.24
4234,2.91
4235,3.92
4236,3.25
4237,3.68
4238,3.06
4239,3.61
4240,3.02
4241,2.12
4242,2.38
4243,4.17
4246,3.1
4247,2.26
4248,2.3
4251,3.61
4252,2.85
4254,2.19
4255,2.04
4256,3.07
4259,3.5
4260,3.5
4262,3.79
4263,3.5
4265,2.24
4267,2.6
4268,2.15
4270,2.76
4273,3.7
4275,2.57
4276,3.34
4278,3.8
4280,3.38
4282,3.44
4284,2.25
4285,3.26
4289,3
4290,3
4291,3.22
4292,3.84
4293,2.89
4294,3.24
4296,2.93
4297,3.68
4298,3.96
4299,3.13
4300,3.27
4304,3.79
4305,2.57
4306,3.6
4307,3.67
4308,3.34
4310,2.56
4312,3.71
4313,2.74
4316,2.55
4317,2.61
4321,3.22
4322,3.79
4323,3.69
4325,3.94
4326,3.91
4327,3.82
4329,3.85
4333,2.8
4334,3.85
4337,3.67
4338,3.74
4339,3.57
4340,2.07
4342,3.17
4343,2.89
4344,2.91
4345,3.31
4347,3.73
4349,3.54
4350,3.31
4351,3.31
4353,2.96
4354,2.58
4355,3.25
4356,3.51
4357,3.37
4359,3.51
4361,3.65
4366,3.24
4367,2.63
4368,2
4369,2.79
4370,3.35
4371,2.62
4372,2.92
4373,2.88
4374,3
4378,3.52
4380,3.73
4381,3.62
4383,3.54
4384,4.33
4386,2.25
4387,3.17
4388,2.12
4389,3.26
4390,2.69
4392,3.17
4393,3.7
4394,2
4395,3.88
4396,2.96
4397,2.4
4399,3.77
4402,2.62
4403,3.35
4404,3.87
4406,3.91
4407,3.34
4408,3.47
4409,3.2
4410,3.29
4412,1.86
4419,3.44
4420,3.53
4422,3.9
4424,3.2
4426,3.75
4427,3.98
4428,3.46
4429,3.59
4432,4.1
4433,3.47
4434,3.62
4436,3.33
4437,3.6
4438,3.57
4439,3.67
4440,3.38
4441,3.5
4442,2.88
4443,3.27
4444,3.57
4445,2.5
4446,2.95
4447,2.94
4448,3.38
4449,3
4450,3.3
4451,3.25
4452,2.98
4453,3.33
4454,3.76
4458,3.11
4459,3.5
4462,2.53
4463,2.08
4464,3.39
4465,3.7
4466,2.69
4467,3.59
4470,3.76
4471,2.09
4473,3.18
4474,2.68
4475,3.47
4476,3.03
4477,2.33
4478,3.56
4480,2.92
4482,2.58
4483,1.93
4484,3.47
4487,2.48
4488,3.26
4489,3.36
4490,2.57
4492,2.77
4495,3.2
4496,3.16
4497,2.46
4498,3.05
4499,3.58
4500,3.68
4502,2.26
4504,2.5
4505,2.45
4506,3.41
4508,3.47
4509,3.05
4511,2.36
4516,2.15
4517,3
4518,2.78
4519,3.35
4520,2.78
4521,3
4522,3.28
4523,3.57
4524,2.69
4526,2.41
4527,2.25
4529,3.3
4531,2.88
4533,3.42
4534,3.29
4535,3.64
4537,3.5
4541,2.94
4544,2.67
4545,3.2
4546,3.91
4552,3.24
4553,3.65
4557,3.45
4558,2.68
4562,3.57
4563,2.67
4564,2.89
4565,2.33
4568,3.09
4571,3.43
4572,2.96
4573,2.81
4574,3.04
4577,3.31
4578,2.87
4580,1.96
4581,2.71
4583,2.5
4584,2.81
4585,3.22
4587,2.66
4589,3.21
4591,3.23
4593,2.65
4594,3.42
4595,3.31
4597,2.35
4599,3.03
4600,2.85
4602,2.61
4603,2.67
4605,3.58
4608,2.64
4610,2.87
4611,2.81
4612,3.85
4613,2.84
4614,2.9
4615,3.3
4616,3.57
4617,3.07
4619,2.4
4621,2.58
4622,2.68
4623,3.43
4624,3.08
4625,2.7
4626,3.17
4628,3.39
4629,2.44
4630,2
4632,3.32
4634,2.72
4635,2.44
4636,2.39
4638,2.63
4639,2.66
4640,3.38
4641,3.6
4642,3.63
4643,2.69
4644,3.57
4645,3.66
4646,3.48
4649,2.99
4653,2.75
4654,2.63
4658,3.43
4660,3.5
4661,3.48
4662,3.28
4663,2.72
4666,2.14
4670,3.09
4671,3.36
4672,3.58
4673,2.76
4675,3.1
4676,2.56
4677,2.72
4678,3.38
4679,3.19
4681,3.09
4683,2.81
4686,1.96
4687,3.33
4688,3.56
4689,3.25
4690,3.15
4695,3.1
4697,3.14
4699,2.49
4700,2.94
4701,3.02
4703,3.34
4704,3.33
4705,3.58
4708,4.14
4709,3.21
4710,3.88
4711,3.75
4713,3.35
4714,2.87
4715,2.67
4717,3.1
4718,2.6
4719,2.91
4720,3.73
4721,2.24
4722,3.08
4723,3.22
4725,3.26
4727,2.45
4728,3.11
4732,2.65
4733,3.32
4734,3.11
4735,2.28
4736,2.41
4738,3.45
4740,3.05
4741,3.71
4743,3.03
4744,2.54
4745,2.9
4748,2
4749,1.86
4750,1.56
4754,3.65
4756,2.43
4757,3
4759,2.73
4765,3.29
4766,3.56
4769,3.86
4770,2.78
4771,2.81
4772,3.61
4773,2.79
4774,2.99
4775,0.95
4776,3.65
4777,3.08
4780,3.75
4782,2.83
4783,3.65
4784,3.74
4785,3.65
4786,2.86
4787,3.38
4788,3.44
4789,3.24
4792,2.88
4794,2.94
4795,3.73
4796,3.75
4798,3.53
4799,3.4
4800,3.5
4801,4
4802,3.55
4803,3.46
4804,3.5
4808,2.9
4809,3.79
4810,3.5
4811,3.6
4812,2.77
4813,3.22
4814,2.83
4815,3.09
4816,3.13
4818,0.67
4821,3.21
4822,2.14
4823,3.15
4825,4.21
4826,3.37
4827,2
4828,3.3
4830,3.7
4831,2.44
4833,3.5
4835,3.7
4836,3.39
4840,3.23
4844,3.22
4845,1.86
4846,3.74
4847,3.56
4848,3.71
4849,3.54
4850,2.73
4852,1.96
4855,3.71
4857,4.01
4860,2.25
4862,2.98
4863,3.69
4864,3.5
4865,3.18
4866,3.3
4867,2.8
4871,3.37
4873,3.67
4874,3.49
4876,2.53
4877,3.31
4878,3.82
4879,2.64
4880,3.43
4881,3.69
4883,3.67
4885,2.33
4886,3.77
4887,2.77
4888,3.39
4889,3.25
4890,2.59
4893,3.08
4896,3.48
4898,2.93
4899,2.03
4900,2.71
4901,3.5
4902,3.5
4903,3.7
4909,3.18
4911,2.78
4912,3.4
4914,3.65
4915,2.89
4916,3.4
4917,3.12
4919,3.1
4920,3.71
4921,3.44
4925,3.31
4926,3.6
4927,3.38
4928,3.82
4929,2.88
4932,3.28
4936,3.15
4939,3.33
4941,3.28
4942,2.5
4945,3.43
4946,2.8
4947,3.07
4951,3.12
4952,2.2
4953,2.2
4954,3.16
4956,3.41
4957,3.33
4958,3.01
4959,2.94
4961,3.08
4962,2.25
4963,3.74
4964,3.95
4965,3.13
4966,3.77
4967,4
4969,3.57
4970,3.69
4971,3.28
4973,4
4974,2.47
4975,3.29
4976,3.31
4977,3.68
4978,3.58
4979,3.67
4980,3.11
4981,3.17
4985,1.69
4987,2.38
4988,2.67
4989,2.78
4990,2.87
4991,2.5
4992,3.05
4993,3.99
4994,3.14
4995,3.9
4998,3.96
5004,3.6
5007,3.52
5008,4.07
5009,3.08
5010,3.56
5011,3.13
5012,3.06
5013,3.52
5014,3.37
5015,3.26
5016,3.43
5021,3.77
5023,3.5
5025,2.73
5026,3.29
5027,2.82
5028,3.32
5033,3.44
5034,3.65
5039,3.14
5040,2.83
5041,2.85
5046,2.92
5047,2.79
5048,2.39
5049,3.4
5051,3.74
5053,1.82
5054,3.34
5055,3.53
5059,3.91
5060,3.59
5062,3.56
5063,3.33
5064,3.7
5065,3.03
5066,3.1
5068,3.45
5069,3.38
5071,4.21
5072,3.4
5073,3.41
5074,3.52
5075,3.77
5076,3.09
5077,2.45
5080,2.57
5081,3.13
5083,2.93
5088,3.36
5092,2.58
5093,2.43
5094,1.63
5095,3.12
5096,1.9
5099,3.47
5102,2.58
5103,3.41
5105,3.55
5106,1.74
5107,3.02
5108,3.28
5109,2.93
5110,3.27
5111,2.84
5112,3.27
5113,2.58
5114,3.83
5116,2.93
5120,3.97
5121,3.72
5127,2.63
5128,2.39
5131,3
5134,3.22
5135,3.64
5136,1.77
5137,4
5139,3.51
5146,3.62
5147,4.06
5151,2.44
5152,3.53
5155,2.5
5156,3.25
5159,3.08
5165,3.24
5168,3
5170,2.14
5171,2.75
5177,3.64
5178,2.75
5181,2.5
5187,3.67
5189,2.4
5197,3.09
5198,3.78
5202,3.92
5205,2.87
5209,3.5
5212,2.62
5213,2.5
5214,3.27
5218,3.41
5219,3.03
5220,2.66
5221,2.67
5222,3.22
5224,4.06
5225,3.7
5226,2.97
5231,3.44
5237,3.5
5238,3.44
5239,3.33
5240,3
5241,3.32
5244,3.75
5246,2.74
5247,3.22
5248,2.15
5250,3.54
5254,2.92
5255,2.33
5256,2.5
5258,3.4
5264,2.5
5265,3.17
5266,3.07
5267,3.27
5268,2.86
5269,3.61
5272,3.33
5275,2.75
5278,2
5279,3.38
5282,2.97
5283,3.03
5284,2.3
5285,3.5
5288,3.93
5291,3.91
5292,3.55
5293,3.23
5294,3.49
5296,2.35
5297,2.81
5298,3.16
5299,3.22
5300,3.65
5303,2.88
5304,3.86
5307,3
5308,2.73
5309,2.32
5311,3.31
5312,2.84
5313,2.42
5316,3.35
5319,3.94
5321,3
5322,1.25
5323,2.03
5324,2.8
5325,3.46
5328,3.58
5329,3.43
5333,3.58
5334,2.62
5337,2.5
5338,3.25
5339,3.69
5341,3.8
5345,3.1
5346,2.5
5347,2.42
5348,2.99
5349,3.31
5353,3.42
5356,1.5
5357,3.37
5358,3.43
5361,2.81
5363,2.71
5364,3.19
5365,3.33
5372,3
5373,4.08
5375,3.67
5377,3.48
5378,2.96
5379,3.73
5380,3.58
5382,2.8
5384,3.2
5385,3.95
5387,2.56
5388,3.41
5389,2.99
5390,3.09
5391,3.52
5397,3.32
5398,4
5400,3.01
5401,2.79
5404,3.62
5409,2.36
5410,3.36
5414,2.62
5415,2.74
5416,2.56
5417,3.61
5418,3.85
5419,2.21
5420,2.69
5421,3.25
5422,3.75
5423,3.16
5424,1.83
5425,3.65
5427,2.77
5428,2.59
5433,2.78
5434,3.47
5435,3.71
5437,3.22
5438,2.55
5440,3.68
5442,2.33
5443,2.12
5444,3.39
5445,3.7
5446,3.83
5447,3.05
5448,2.28
5449,2.52
5450,3.24
5451,3.02
5452,1.9
5454,2.24
5455,2.43
5456,2.61
5458,2.17
5459,2.87
5460,3.31
5461,3.47
5462,2.23
5463,2.86
5464,3.64
5465,3.94
5466,3.19
5468,2.79
5470,3.83
5471,1.78
5472,3.21
5475,3.88
5476,1.97
5477,3.68
5478,2.44
5479,3.23
5480,2.29
5481,2.78
5483,3.61
5485,3.26
5486,2.56
5489,3.72
5490,2.5
5493,3.09
5497,3.06
5498,4.08
5499,3.03
5500,3.54
5501,1.81
5502,3.09
5503,3.54
5504,2.29
5505,3.08
5506,2.92
5507,2.55
5508,3.47
5512,3.3
5513,1.67
5515,4.12
5521,2.72
5522,3.19
5523,2.02
5524,2.57
5525,3.88
5527,3.15
5528,3.32
5529,2.55
5530,2.74
5531,2.58
5532,2.33
5537,3.33
5538,2.48
5539,2.07
5540,3.24
5541,3.28
5543,1.73
5544,3.27
5548,2.75
5550,2.33
5553,3.02
5556,1.92
5560,3.29
5562,3.5
5563,2.94
5564,2.19
5568,3.33
5569,2.47
5570,3.44
5572,3.01
5573,2.53
5574,3.18
5575,3.83
5577,3.45
5580,1.71
5581,2.88
5582,2.42
5584,2.34
5585,2.28
5588,3.22
5589,3.08
5590,3
5591,2.35
5596,2.47
5597,2
5601,3.41
5602,3.71
5603,3.69
5604,3.85
5607,4.1
5608,3.87
5609,1.93
5610,2.55
5611,2.93
5612,2.58
5613,3.33
5614,3.8
5615,2.85
5617,3.63
5618,4.12
5619,3.7
5620,2.79
5621,2.49
5625,3.09
5628,3.41
5629,3.06
5630,3.52
5632,3.78
5633,3.5
5635,3
5636,3.12
5637,3.59
5638,2.85
5640,3.06
5643,3.81
5644,3.75
5646,3.54
5649,3.47
5650,3.35
5651,3.36
5657,3.17
5663,2.91
5664,2.75
5665,3.17
5666,2.97
5667,3.06
5668,3.5
5669,3.61
5670,3.34
5672,1.72
5673,3.47
5675,1.94
5678,2.83
5679,3.29
5680,3.12
5682,3.41
5684,3.44
5685,3.53
5688,3.89
5689,3.19
5690,4.08
5693,3.26
5694,2.2
5696,2.97
5699,3.72
5700,2
5704,2
5706,2
5707,3.4
5710,2.83
5712,3.59
5720,3.12
5721,3.82
5723,2.69
5733,2.86
5735,2.23
5736,2
5741,3.5
5742,2.75
5745,3.36
5746,2.65
5747,3.86
5749,2.76
5752,3.71
5755,2.83
5764,2.94
5767,4
5768,2.78
5771,2.79
5772,3.83
5773,2.58
5779,1.5
5780,3.43
5782,3.84
5784,2.41
5785,2.75
5786,3.5
5787,2.5
5788,3.8
5791,3.61
5792,3.38
5796,2.75
5797,3.45
5799,3.79
5801,3.5
5802,3.17
5803,2.63
5804,2.61
5809,3.13
5810,3.15
5812,3.66
5816,3.44
5817,3.93
5818,3.4
5820,3.6
5826,3.6
5829,2.94
5833,3.09
5836,3.61
5838,3
5839,3.88
5840,3.92
5841,1.85
5843,2.97
5847,3.72
5853,3.25
5856,3.25
5863,2.43
5867,3.55
5872,3.04
5873,3.43
5874,2.54
5875,3.52
5876,3.66
5878,3.88
5879,2.4
5880,1.4
5881,3.07
5882,3.45
5883,2.3
5884,2.7
5888,3.56
5890,3.88
5891,2.6
5893,3.65
5896,3.83
5899,3.89
5900,2.65
5901,2.41
5902,3.8
5903,3.56
5909,3.29
5912,4.06
5915,3.16
5919,2.67
5922,2
5925,2
5927,3.16
5929,2.83
5932,3.86
5938,3.42
5941,3.03
5942,2.41
5943,2.56
5944,3.03
5945,3.31
5947,3.79
5949,3.26
5951,3.24
5952,4
5953,4.12
5954,3.68
5955,3.47
5956,3.46
5957,2.97
5959,3.4
5961,2.81
5962,2
5963,3.68
5965,3.59
5968,3.18
5969,2.2
5970,3.14
5971,4.06
5974,3.58
5975,3.31
5979,2.75
5980,3.31
5984,3.33
5986,3.5
5988,2.57
5989,3.85
5990,1.86
5991,3.33
5992,3.62
5993,3
5994,3.74
5995,4.01
5999,2.5
6001,3.71
6002,3.29
6003,3.39
6005,3.14
6006,2.34
6009,3
6012,2.84
6013,1.87
6014,2.47
6016,4.09
6020,2.95
6021,3.59
6022,2.92
6023,3.62
6025,3.03
6027,3.56
6030,2.17
6031,3.82
6033,3.5
6035,3.71
6036,2.56
6039,2.85
6040,2.09
6041,3.58
6042,3.67
6044,2.17
6049,1.88
6051,3.23
6055,2.75
6057,2.38
6058,2.67
6059,3.21
6060,2.76
6062,3.51
6063,3.22
6064,3.86
6067,3.06
6070,2.8
6078,2.82
6086,2.5
6090,3.12
6093,3.3
6095,4.5
6100,3.22
6101,3.73
6104,3.89
6107,2.75
6111,3.25
6116,2.36
6119,3.81
6122,3.37
6123,3.95
6124,3.57
6125,4
6140,3.32
6141,2.3
6143,2.36
6145,3
6148,3.23
6153,2.14
6155,2.85
6156,2.92
6157,2.45
6158,2.86
6159,3.13
6162,3.27
6163,3.73
6166,2.3
6169,2.33
6170,3.61
6178,4.02
6181,3.29
6182,3.1
6183,3.52
6184,3.3
6185,3.2
6186,2.93
6187,3.6
6188,3.32
6192,3.96
6193,2.79
6195,3.88
6196,2.87
6197,3.15
6201,3.96
6202,3
6203,2.8
6204,1.97
6210,2.94
6212,2.37
6213,3.03
6214,3.47
6215,3.32
6216,3.88
6217,3.04
6218,3.21
6219,2.65
6220,2.98
6222,2.94
6223,3.06
6225,3.06
6228,3.61
6232,3.5
6234,3.05
6235,3.71
6237,3.61
6238,2.72
6239,3.55
6241,3.5
6242,3.54
6244,3.8
6245,2.92
6246,3
6249,2
6250,2.6
6251,2.41
6252,2.41
6254,3.74
6263,3.07
6264,2.38
6265,2.47
6266,2.71
6267,2.5
6268,3.45
6269,3.74
6270,3.54
6271,3.85
6273,3.88
6279,3.16
6280,3.03
6281,3.32
6283,3.84
6285,3.2
6286,3.97
6287,2.77
6288,3.41
6289,2.72
6290,2.91
6291,3.86
6294,2.72
6295,3
6296,3.6
6297,3.31
6298,2.5
6299,3.8
6300,3.75
6301,3.62
6302,1.5
6303,3.5
6305,3.51
6306,3.63
6308,2.88
6310,3
6313,2.28
6314,2.95
6315,2.84
6316,2.8
6319,2.45
6320,2.15
6322,3.37
6323,3.45
6324,2.42
6327,3.56
6329,3.18
6330,2.67
6331,3.83
6332,2.61
6333,3.53
6334,3.1
6335,3.5
6336,3.88
6337,3.32
6338,2.33
6339,3.79
6341,3.25
6342,3.2
6344,3.62
6345,3.1
6347,2.5
6348,2.5
6349,2.5
6350,3.93
6357,3.39
6358,3.14
6365,3.3
6367,3.08
6368,3.82
6370,3.72
6371,1.67
6373,3.04
6374,2.93
6375,4
6376,4
6377,3.76
6378,3.38
6379,2.65
6380,3.92
6382,4.22
6383,2.49
6385,3.71
6386,3.5
6387,3.5
6390,3.21
6395,2.84
6400,4.04
6402,3.5
6405,3.5
6407,3.5
6408,3.95
6410,3.09
6412,3.74
6415,4.3
6417,2.75
6422,3.67
6424,2.76
6425,2.25
6427,3.64
6428,3.42
6429,3.67
6433,3.83
6434,3.1
6436,3.5
6440,3.68
6442,3.55
6448,3.38
6449,3.25
6452,3.58
6453,3.62
6454,3.5
6460,3.8
6461,3.63
6464,2.11
6465,3.5
6466,3.42
6476,2.77
6477,3.77
6480,3.22
6482,1.58
6483,0.95
6484,2.41
6493,2.83
6502,3.72
6503,2.36
6506,3.58
6509,3.97
6510,3.17
6514,1
6515,3.7
6516,3.46
6517,2.61
6523,2.6
6527,3.5
6528,3.54
6530,3.93
6533,3.62
6534,2.58
6535,2.16
6536,3.24
6537,2.95
6538,3.18
6539,3.67
6541,2.72
6542,4.04
6545,3.59
6547,3.03
6548,2.86
6549,2.33
6550,2.83
6551,3
6552,3.67
6553,4.25
6554,3.17
6557,1.62
6558,2.21
6559,2.42
6560,2.06
6561,3.49
6563,1.75
6564,2.58
6565,3.4
6566,1.79
6567,3.41
6568,3.21
6571,3.87
6572,2.86
6573,3.58
6574,1.93
6577,1.64
6578,3.25
6579,3.61
6581,3.47
6582,3
6583,3.5
6584,3.11
6586,2.58
6587,1.12
6588,3.08
6591,3.9
6592,2.89
6593,2.91
6595,2.76
6596,2.31
6597,3.36
6598,3.75
6603,3.75
6604,3.5
6609,4
6611,3.86
6612,3.94
6614,3.18
6615,2.33
6616,1.67
6617,3.41
6618,3.49
6619,2.87
6620,3.63
6624,2.35
6625,2.62
6628,1.44
6629,3.41
6631,2.14
6636,3.42
6638,3
6639,3.82
6643,3.95
6644,3.94
6645,3.31
6650,3.95
6654,3.25
6656,2
6658,3
6659,3.45
6660,3.77
6662,3.55
6663,3.52
6664,3.13
6665,2.79
6666,3.78
6667,4.2
6668,3.92
6669,4.07
6670,2.5
6671,3.6
6678,3.15
6679,3.92
6684,3.08
6686,2.54
6687,2.24
6688,3.64
6689,2.62
6691,2
6692,3.75
6695,2.48
6696,2.5
6699,2.89
6702,2.86
6705,3.16
6707,2.84
6708,3.55
6709,3.03
6710,3.23
6711,3.77
6713,3.61
6715,1.75
6718,2.84
6720,2.5
6721,3.52
6722,3.34
6723,3.67
6724,3.91
6731,3.3
6732,3.48
6734,2.87
6744,2.58
6746,2.39
6748,3.41
6750,3.23
6751,2.2
6752,2.5
6753,3.55
6754,3.18
6755,3.35
6760,3.85
6763,2.66
6764,3.15
6765,3
6768,3.5
6769,2.97
6770,3.69
6772,3.6
6773,3.74
6774,3.59
6775,3
6776,3.69
6777,3.97
6780,3.82
6782,3.3
6783,3.76
6785,3.4
6786,3.44
6787,3.98
6788,2.19
6789,3.59
6790,3.32
6791,3.87
6793,2.25
6794,1.79
6796,3.72
6797,3.49
6798,2.81
6800,2.64
6803,2.97
6804,3.07
6807,3.78
6808,3.68
6809,3.12
6810,2.75
6811,2.85
6812,2.77
6814,2.65
6816,3.45
6817,3.3
6818,4.04
6820,3.33
6821,2.25
6827,1.8
6832,3.17
6836,1.83
6837,3.5
6849,3.2
6850,3.17
6851,2.94
6852,3.9
6853,3
6856,3.38
6857,3.61
6858,3.89
6860,2.07
6862,3.1
6863,3.23
6867,3.82
6868,3.06
6869,3.82
6870,3.78
6872,1.15
6873,3.05
6874,3.78
6879,3.33
6880,2.66
6881,3.51
6882,3.48
6883,2.83
6884,3.41
6885,2.46
6886,2.88
6887,3.19
6888,2.35
6889,3.26
6890,3.5
6893,3.61
6898,3.67
6899,1.6
6902,3.55
6909,3.18
6911,3.33
6912,3
6918,3.94
6920,3.78
6927,3.07
6932,3.52
6934,3.15
6935,4.16
6936,3.1
6938,4.17
6939,3.67
6942,3.54
6944,3.18
6945,4.05
6946,2.84
6947,3.57
6948,3.28
6949,3.04
6950,3.24
6951,1.88
6952,2.65
6953,3.61
6954,3.72
6957,3.2
6958,2.39
6959,2.7
6961,3.4
6962,4
6963,3.62
6965,3.5
6966,3
6967,3.81
6969,3.5
6970,3.6
6971,3.99
6973,2.77
6974,3.27
6975,3.79
6978,3.34
6979,3.72
6981,3.5
6982,4.12
6983,3.63
6984,3.88
6985,4.08
6986,3.72
6987,3.85
6989,3.34
6990,3.5
6992,2.73
6993,3.83
6994,2.9
6996,2.16
6997,3.27
6998,3.15
6999,3
7000,2.77
7001,3.54
7004,2.74
7005,2.63
7007,3.31
7008,3.48
7009,3.29
7010,3.52
7012,2.96
7013,3.76
7015,2.62
7016,2.47
7017,2.76
7018,3.57
7019,3.12
7020,3.59
7022,3.66
7023,3.79
7024,3.39
7025,3.53
7026,3.1
7027,3.68
7028,3.52
7030,3.04
7031,2.53
7032,2.64
7033,3.07
7034,3.59
7036,2.95
7037,3.54
7038,3.1
7040,3.64
7041,2.75
7044,3.44
7045,3.45
7046,3.23
7047,3.5
7048,3.06
7049,3.2
7050,3.44
7051,3.1
7052,3.25
7053,3.25
7054,3.33
7055,3.6
7056,3.45
7057,2.69
7058,3.77
7059,3.35
7060,3.39
7061,3.33
7062,3.65
7063,3.85
7064,4.02
7065,3.14
7067,3.6
7069,3.56
7070,3.69
7071,3.86
7072,3.8
7073,3.77
7074,3.93
7075,3.74
7076,3.66
7078,3.33
7079,3.82
7080,3.37
7082,3.41
7083,2.62
7084,3.89
7085,3.19
7086,3.96
7087,3.67
7088,3.55
7089,3.56
7090,3.74
7091,4.09
7092,3.67
7093,3.22
7096,3.44
7099,4.02
7101,2.98
7102,2.87
7103,2.25
7104,2.74
7107,3.41
7108,3.75
7109,4
7114,3.58
7115,3.73
7116,4.03
7117,1.94
7118,3.45
7121,3.51
7122,3.5
7123,3.64
7124,3.54
7125,3.77
7127,2.17
7131,3.17
7132,3.77
7134,3.17
7137,3.43
7139,3.74
7141,4.25
7142,2.19
7143,3.54
7147,3.73
7149,3.26
7150,2.51
7151,3.44
7153,4.02
7154,3.01
7155,3.27
7156,3.99
7158,3.73
7160,3.55
7161,2.44
7162,3.35
7163,3.12
7164,3.1
7165,2.94
7167,3.25
7169,2.87
7171,3.5
7173,2.71
7175,1.55
7176,3.38
7177,3.7
7178,3.01
7179,2.39
7181,3.46
7184,2.88
7190,3.33
7191,2.69
7192,3
7193,2.58
7202,2.65
7205,3.5
7206,3.73
7208,3.56
7209,3.59
7211,3.59
7212,3.76
7215,3.76
7216,3.49
7217,3.52
7218,3.75
7219,3.65
7222,2.62
7223,3.56
7225,3.39
7228,2.45
7234,3.83
7235,3.33
7236,3.3
7238,3.88
7243,3.24
7245,2.5
7247,3.26
7248,2.83
7251,3
7254,3.56
7255,2.61
7256,3.81
7257,2.28
7258,2.65
7259,1.96
7260,3.4
7261,2.65
7262,3.05
7263,3.6
7264,2.5
7265,3.53
7266,3.46
7282,0.5
7285,3.26
7292,2.12
7293,3.04
7294,2.25
7297,3.44
7299,3.83
7301,3.78
7302,3.82
7303,3.72
7304,3.36
7305,3.33
7306,3.56
7307,3.18
7308,2.38
7310,2.55
7311,3.84
7312,3.5
7315,2.17
7316,2.3
7317,3.09
7318,3.05
7319,2.31
7320,2.76
7321,2.46
7323,3.81
7324,3.09
7325,2.7
7326,3.3
7327,4.02
7328,3.65
7333,3.65
7335,3.64
7336,3.42
7340,2.9
7344,4
7345,2.27
7346,3.02
7347,3.09
7348,3.28
7349,4.29
7352,3.38
7354,3.12
7357,3.19
7360,3.5
7361,3.99
7362,2.89
7364,3.33
7366,2.91
7367,2.96
7368,3.12
7369,2.21
7371,3.86
7372,3.02
7373,3.27
7375,2.68
7376,2.86
7377,3.17
7379,2.74
7380,3.14
7381,2.7
7382,3.79
7386,3.69
7387,3.66
7390,2.5
7394,3.34
7395,3.02
7396,4.01
7411,2.5
7414,3.5
7419,3.75
7438,3.75
7439,2.85
7440,3.42
7443,1.67
7444,2.8
7445,3.54
7448,2.13
7449,2.15
7450,2.78
7451,3.41
7454,2.68
7455,2.5
7457,2.5
7458,3.15
7459,3.75
7460,3.61
7477,2.3
7479,3.5
7481,3.49
7482,3.6
7486,3.44
7487,3.28
7492,3.09
7493,3.75
7541,2.84
7560,3.93
7561,2.75
7562,3.32
7564,3.97
7566,3.92
7569,3.54
7570,3.22
7572,3.81
7573,3.2
7579,3.3
7581,3.07
7584,3.77
7587,3.95
7614,3.38
7615,3.14
7616,3.33
7618,3.52
7619,3.82
7620,3.86
7624,3.2
7636,2.54
7646,2.62
7647,3.69
7649,3.38
7650,3.11
7657,2.72
7669,3.82
7698,3.68
7700,3.99
7701,1.93
7702,3.58
7704,2.56
7705,3.44
7706,3.79
7707,2.59
7708,3.4
7713,3.37
7714,3.76
7716,3.77
7720,3.56
7727,2.5
7728,3.62
7730,3.5
7742,3.33
7743,3.43
7745,3.52
7748,3.57
7749,3.25
7753,3.17
7756,3.1
7757,3.45
7762,3.82
7766,3.95
7767,4.15
7772,2.5
7773,3.69
7781,3.04
7782,3.03
7786,3.58
7789,3.45
7792,3.4
7802,3.69
7810,3.53
7811,3.32
7812,3.38
7815,3.32
7820,3.99
7822,3.33
7826,3.57
7831,3.46
7832,3.52
7833,3.5
7834,3.77
7835,3.28
7839,3.7
7840,3.65
7841,3.37
7842,3.48
7843,3.77
7844,3.68
7845,2.92
7846,2.92
7879,3.29
7882,2.9
7883,3.26
7884,3.5
7888,3.84
7889,3.57
7891,3.41
7894,3.78
7895,3.5
7896,3.39
7899,3.33
7900,3
7916,2.5
7920,3.85
7924,3.92
7925,3.76
7926,4.17
7930,2.64
7932,3.8
7934,3.74
7936,3.58
7937,3.84
7938,4.26
7939,4.1
7940,3.69
7943,3.79
7944,3.86
7951,3.54
7976,3.06
7979,3.77
7980,3.82
7981,3.84
7982,3.53
7983,3.77
7984,3.19
7986,2.45
7987,2.9
7988,2.78
7991,3.11
7993,3.29
8008,3.38
8010,3.41
8011,3.74
8012,3.76
8014,3.96
8015,3.39
8016,3.31
8019,3.16
8024,2.93
8025,3.5
8033,3.69
8035,2.36
8042,3.59
8043,2.56
8044,3.76
8045,3.19
8057,3.62
8092,2.5
8093,3.05
8094,3.88
8117,3.78
8118,2.05
8119,3.45
8121,3.84
8125,3.92
8126,3
8128,3.74
8131,3.56
8132,3.68
8136,2.33
8137,2.44
8138,2.2
8142,3.17
8143,3.25
8147,3.8
8153,3.53
8154,3.62
8157,3.79
8158,3.45
8167,3.7
8169,3.25
8183,3.79
8188,4.1
8189,3.39
8190,3.88
8191,3.97
8195,3.66
8196,2.79
8197,3.79
8199,3.95
8207,3.92
8225,3.25
8228,3.86
8232,3.88
8235,3.9
8236,3.58
8238,3.12
8239,3.56
8241,2.33
8253,3.82
8254,3.52
8261,3.67
8264,3.52
8266,2.98
8268,3
8270,3.69
8275,3.14
8290,1.9
8293,3.25
8302,3.2
8327,3.68
8331,3.7
8335,3.86
8336,3.25
8337,3.83
8338,3.93
8340,3.73
8341,3.74
8360,3.31
8361,2.9
8362,2.97
8363,2.05
8364,3.46
8366,3.48
8368,3.62
8369,3.15
8370,3.62
8371,3.16
8372,1.91
8373,2.55
8375,3.33
8376,3.19
8378,3.26
8379,3.65
8380,1.67
8382,2.22
8383,2.54
8385,3.45
8387,1.95
8391,3.3
8402,3
8405,3.61
8410,3.86
8424,2.4
8425,2.1
8426,3.27
8427,2
8446,3.13
8447,2.57
8450,3
8451,3.53
8454,3.67
8456,4.08
8458,3.5
8459,3.88
8461,3
8462,3.7
8463,3.56
8464,3.34
8465,3.1
8477,3.98
8481,3.3
8482,3.37
8484,4.13
8487,3.06
8491,3.9
8492,3.96
8493,3.62
8494,3.76
8495,3.38
8500,3.33
8501,3.59
8502,3.28
8506,2.67
8507,3.69
8511,3.43
8512,3.13
8518,2.9
8521,3.54
8526,2.79
8528,3.09
8529,3.49
8530,3.66
8531,2.19
8532,3.23
8533,3.36
8534,3.32
8535,2.89
8542,3.93
8571,3.18
8574,3.25
8575,3.62
8577,5
8578,2.71
8580,3.94
8581,3.57
8582,3.77
8587,2.94
8588,2.17
8591,3
8593,3.22
8596,3.47
8600,3.65
8601,3.21
8604,3.35
8605,2.77
8607,3.8
8609,3.78
8610,3.5
8611,3.8
8614,3.06
8617,2.57
8620,3.86
8622,3.41
8623,3.43
8626,2.64
8633,3.42
8636,3.24
8638,3.8
8640,2.95
8641,3.26
8643,2.82
8644,3.35
8645,3.62
8650,4
8656,4.07
8665,3.72
8666,1.56
8667,3.59
8670,4.05
8677,3
8684,4.17
8685,2.17
8690,3.49
8695,3.38
8711,3.41
8712,3.81
8713,2.33
8714,3.25
8718,3.59
8720,2.29
8724,3.58
8727,2.92
8730,3.33
8738,3.56
8743,3
8748,3.44
8753,3.83
8754,3.86
8755,4.2
8765,3.65
8771,2.83
8772,3.82
8773,2.94
8774,3
8778,3.25
8781,3.21
8782,2.03
8783,3.04
8784,3.48
8795,3.4
8796,3.72
8798,3.57
8799,2.5
8800,3.24
8804,3.43
8807,3.25
8808,2.85
8809,3.21
8810,2.44
8813,2.92
8814,2.62
8815,2.26
8827,3.89
8830,1.83
8831,2.84
8832,3.38
8833,3.06
8835,2.44
8836,3.21
8838,3.74
8840,3.1
8844,3.93
8848,3.89
8860,2.91
8861,2.85
8864,2.33
8865,2.94
8866,2.94
8869,2.28
8870,2.78
8873,3.77
8874,3.8
8875,3.33
8879,3.6
8880,3.45
8894,2.64
8905,2.83
8906,2.74
8907,2.62
8908,2.9
8910,3.42
8911,2.42
8912,2.41
8914,3.72
8915,3.5
8916,2.87
8917,3.4
8918,2.59
8919,2.93
8920,4.08
8921,3.14
8928,3.27
8933,3.42
8934,2.03
8937,3.37
8938,3.15
8939,3.1
8943,3.61
8946,2.64
8947,2.74
8948,2.84
8949,3.57
8950,3.76
8951,3.72
8952,3.25
8954,3
8955,3.11
8957,3.21
8958,3.7
8959,3.14
8961,3.77
8964,3
8965,2.9
8966,3.52
8967,1.98
8968,2.97
8969,2.72
8970,3.6
8972,3.12
8973,3.78
8974,2.91
8977,2.38
8978,2.13
8979,3.67
8981,3.45
8982,3.94
8983,3.66
8984,3.17
8985,2.8
8987,2.88
8989,3.65
8998,4
9004,3.04
9005,2.97
9008,3.1
9010,3.46
9018,3.78
25746,3.33
25750,3.81
25752,3.61
25753,3.68
25757,2.75
25769,3.78
25771,3.65
25773,3.5
25782,3.42
25788,3.72
25795,3.39
25797,3.58
25805,3.44
25825,3.83
25826,3.7
25827,3.58
25833,3.07
25834,3.71
25841,3.64
25850,3.86
25855,3.88
25856,3.57
25865,3.83
25870,3.54
25886,3.71
25887,3.25
25898,4
25905,3.67
25906,3.38
25923,3.84
25927,3.78
25937,3.62
25940,3.62
25946,3.3
25947,3.86
25952,3.6
25959,2.58
25962,3.39
25963,3.87
25996,3.38
25999,3.27
26002,3.31
26003,4.04
26038,3.59
26048,4.05
26052,3.63
26059,3.25
26073,4.75
26078,3.62
26082,4.19
26084,3.71
26085,3.54
26095,3.5
26116,3.26
26122,4.03
26124,2.75
26131,3.98
26133,3.75
26142,2.83
26147,3.61
26150,3.62
26151,3.64
26152,3.18
26158,3.62
26159,4.03
26169,3.56
26171,3.73
26172,3.68
26176,3.79
26183,3.44
26184,3.38
26195,3.1
26198,3.35
26225,3.35
26231,3.32
26236,3.92
26237,3.42
26242,3.63
26249,3.39
26258,3.62
26265,3.12
26283,3.38
26285,3.38
26303,3.26
26308,3.25
26313,3.1
26317,2.68
26322,3.05
26326,3.79
26340,3.52
26344,3.14
26347,4.23
26350,3.81
26357,2.64
26359,3.6
26365,2.5
26366,4.04
26375,3.46
26386,3.64
26391,2.95
26394,2.94
26399,3.27
26401,2.75
26409,0.5
26413,3.64
26422,3.5
26429,3.3
26444,3.51
26453,3.74
26464,2.98
26467,3.14
26471,3.81
26472,3.82
26492,3.05
26498,3.7
26504,3.19
26510,3.1
26523,2.95
26524,4
26527,3.5
26528,4.03
26539,3.88
26542,3.44
26547,3.68
26554,3.38
26555,3
26562,3.23
26564,3.09
26567,2.75
26578,3.85
26585,3.55
26587,4.39
26590,3.08
26593,3.08
26599,3.68
26603,3.12
26606,3.77
26612,3.65
26614,3.75
26622,3.71
26629,2.76
26630,2.27
26631,3.62
26645,3.25
26649,4.09
26662,3.88
26676,2.5
26680,3.23
26681,3.69
26686,2.28
26693,3.03
26694,3.66
26695,3
26696,2.65
26700,2.76
26701,3.68
26704,3.43
26712,3.99
26713,3.76
26717,3
26726,2.75
26729,3.88
26732,3.36
26736,3.16
26741,2
26743,3.77
26745,2.73
26750,3.42
26761,3.82
26764,2
26765,3.25
26776,3.92
26777,3.83
26778,2.4
26782,2.93
26791,3.15
26792,2.42
26796,3.27
26797,3.83
26810,3.56
26812,3.37
26819,2.82
26828,1.73
26838,3.83
26840,3.62
26849,3.4
26854,2.33
26861,2.82
26865,3.63
26870,2.53
26871,2.57
26875,3.64
26887,2.87
26900,3.12
26901,3
26903,3.88
26913,2.85
26928,3.92
26940,3.38
26947,3.8
26958,3.4
26965,3.45
26974,3.36
26985,3.6
26999,2.9
27002,3.84
27003,1.88
27006,3.58
27008,2.32
27020,3.16
27022,3.71
27032,3.3
27036,3.25
27074,2.5
27075,3.09
27105,3.33
27124,3.5
27134,3.02
27140,1.6
27155,3.53
27156,3.84
27176,3.07
27178,3.93
27186,3.45
27193,2.96
27246,3.5
27251,3.38
27255,3.79
27266,3.56
27306,3.75
27311,3.62
27317,3.27
27328,4.5
27329,3.79
27368,3.42
27369,3.57
27370,3.71
27373,3.79
27397,3.82
27408,3.31
27416,3.4
27420,2.67
27426,2.87
27434,2.52
27441,3.5
27450,3.15
27473,1.94
27478,2.85
27480,3.67
27482,2.91
27491,3.05
27513,3.62
27523,3.53
27537,3.27
27539,3
27549,2.5
27555,3.35
27563,3.15
27584,2.91
27592,3.66
27595,1.33
27604,3.08
27611,3.94
27618,1.87
27619,2.67
27627,3.43
27644,3.22
27660,3.62
27664,2.62
27667,2.64
27674,3.42
27683,3.21
27685,1.73
27689,2.88
27692,3
27695,3.75
27704,2.83
27705,2.8
27706,3.29
27708,3.08
27716,3.55
27721,3.64
27722,3.92
27728,3.65
27731,3.62
27741,3.92
27744,3.44
27746,2.96
27751,2.82
27768,3.59
27769,2.5
27772,3.19
27773,3.93
27776,3.12
27778,2.27
27784,2.73
27788,3.36
27790,3.47
27793,1.73
27801,3.32
27802,3.68
27803,3.89
27808,2.99
27815,3.8
27816,3.47
27820,3.79
27821,3.12
27822,2.69
27826,3.25
27829,3.5
27830,3.06
27831,3.67
27834,4.04
27837,2.89
27838,3.51
27839,2.4
27846,3.86
27850,3.69
27865,3.06
27866,3.75
27869,3.63
27873,3.4
27878,3.57
27879,3.75
27882,3.5
27899,2.46
27904,3.54
27905,3.15
27912,3.74
30707,3.75
30745,3.12
30749,3.95
30793,3.12
30803,3.88
30810,3.64
30812,3.51
30816,3.39
30818,3.14
30820,3.57
30822,3.22
30825,2.73
30846,3.31
30848,3.43
30850,3.41
30883,1.9
30890,4
30892,3.71
30894,2.59
30898,3.35
30994,2.33
31000,2.93
31030,4
31038,2.5
31049,1.5
31083,2.08
31086,3.62
31101,3.39
31114,2.88
31116,3.77
31123,3.6
31150,2.96
31162,3.33
31184,3.18
31193,3.89
31221,2.27
31223,2.2
31225,3.49
31260,3.5
31297,3.33
31309,3.61
31364,3.93
31367,2.72
31410,3.99
31420,3.02
31422,2.59
31424,1.4
31427,2.82
31431,1.84
31433,2.79
31435,3.81
31437,4
31445,2.93
31522,3.86
31545,4.02
31553,2
31590,3.96
31610,2.75
31617,3.54
31658,3.96
31660,3.37
31664,3.12
31685,3.17
31692,3.25
31694,3.14
31696,3.28
31698,1.08
31700,3.14
31702,3.63
31737,3.42
31804,3.19
31851,3.5
31867,2.95
31878,3.69
31903,3.94
31909,2.17
31921,3.04
31923,3.53
31925,2.67
31952,3.55
31973,4
32009,3.38
32011,2.38
32017,2.46
32019,2.66
32022,3.25
32029,3.07
32031,3.03
32058,3.13
32060,3.62
32116,2.83
32139,3.38
32160,3.17
32179,3.86
32213,2.84
32234,3.14
32243,3.17
32289,2.54
32291,3.22
32296,2.25
32298,2.8
32300,2.75
32302,2.38
32314,3.36
32371,3.7
32387,3.84
32392,3.5
32440,2.75
32442,2.78
32456,3.55
32460,3.98
32469,3.73
32511,3.8
32515,3.33
32554,3.82
32582,3.5
32584,2.97
32587,3.65
32589,2.79
32596,2.86
32598,3
32600,2.64
32620,2.5
32632,3.4
32649,4
32657,4.17
32659,2.57
32666,1.25
32728,3
32743,3.21
32770,3.81
32799,4
32862,3.22
32875,3.14
32892,4.04
32898,3.66
32906,4
32914,2.62
32917,3
33004,3.38
33085,2.7
33090,3
33124,3.87
33126,3.35
33132,0.5
33138,3.26
33145,3.21
33148,2.5
33154,3.94
33158,2.26
33162,3.41
33164,2.03
33166,3.62
33171,3.76
33188,3.06
33201,4
33237,3.57
33294,3.3
33310,2.75
33312,3.72
33421,3.37
33435,4.07
33437,3.38
33493,3.31
33495,2.34
33499,2.3
33558,3.37
33564,3.78
33615,3.21
33629,3.25
33639,3.76
33644,2.36
33646,2.87
33649,3.61
33660,3.76
33669,3.12
33672,3.38
33677,3.64
33679,3.07
33681,1.76
33683,3.12
33725,3.48
33779,3.99
33781,3.44
33794,3.84
33801,2.88
33815,2.65
33826,3.62
33830,2.42
33834,3.01
33836,2.37
33838,3.57
33880,3.67
33893,3.6
33896,3.39
33903,3.75
33966,1.96
34018,3.4
34048,2.97
34072,3.55
34129,2.36
34143,2.62
34148,3.52
34150,2.57
34153,3.46
34162,3.14
34164,3.1
34271,3.37
34292,2.66
34312,2.75
34319,3.21
34321,2.63
34323,3.05
34326,2.77
34330,2.6
34332,3.07
34334,2.37
34336,2.62
34338,3.13
34359,3.54
34397,1.69
34405,3.82
34437,3.61
34450,4
34482,4.23
34520,2.31
34523,3.44
34528,3.5
34530,1.92
34532,3.15
34534,3.17
34536,3.5
34540,2.95
34542,3.82
34800,2.38
34811,3.57
35015,3.63
35347,3.39
35807,3
35836,3.22
35957,3.07
36276,3.65
36289,2.73
36363,3.86
36397,2.63
36401,2.75
36477,3.12
36509,2.41
36517,3.59
36519,2.97
36525,3.19
36527,3.42
36529,3.64
36533,2.62
36535,3.69
36537,3.32
36708,3.42
36850,3.8
36931,3.71
37211,3.18
37240,3.88
37380,2.33
37382,2.89
37384,3.18
37386,2.73
37475,3.4
37477,2.8
37495,3.83
37545,3.55
37720,3.24
37727,2.96
37729,3.47
37731,3.54
37733,3.55
37736,3.31
37739,3.57
37741,3.62
37830,3.09
37844,2.72
37853,2.57
37857,3.36
38038,3.7
38061,3.76
38095,3.71
38159,4.07
38164,3.2
38198,3.56
38294,2.82
38304,3.75
38388,3.25
38583,2.5
38798,3.26
38886,3.54
38992,2.94
39183,3.63
39231,3.05
39234,3.62
39292,3.75
39307,3.36
39381,3.71
39400,2.08
39414,3.28
39427,3.38
39435,2.9
39444,3.12
39446,2.77
39449,3.01
39516,4.5
39715,2.12
39801,2.83
39869,3.61
40148,3.2
40278,3.38
40339,2.61
40412,3.86
40414,3.74
40478,2.4
40491,3.9
40578,4.25
40581,2.81
40583,3.4
40597,2.5
40614,2.95
40617,2.53
40629,3.62
40697,4.15
40723,2.81
40732,3.33
40815,3.54
40819,3.61
40826,3.05
40851,2.9
40870,3.76
40946,3.12
40955,3.55
40959,3.1
40962,3.05
40966,2.96
41014,3.53
41285,3.54
41527,3.7
41566,3.24
41569,3.09
41571,3.41
41573,3.17
41617,2.52
41627,4.19
41712,3.61
41716,3.37
41724,3.41
41769,3.08
41828,4.06
41863,3.5
41997,3.71
42002,3.14
42004,3.65
42007,2.69
42009,2.47
42011,2.8
42013,2.48
42015,3.15
42018,3.54
42176,4.33
42191,3.69
42285,2.5
42418,3.16
42422,3.88
42556,3.25
42559,3.25
42602,3.25
42632,3.66
42718,3.4
42723,2.56
42725,3.44
42728,3.21
42730,3.24
42732,2.99
42734,3.08
42738,2.97
42740,2.68
42761,2.25
42943,1.88
42946,3.7
43289,2.38
43333,3.94
43376,3.77
43396,3.67
43419,2.61
43460,3.33
43549,2.88
43556,2.66
43558,1.8
43560,3.14
43677,3.68
43679,2.54
43684,3.75
43708,3.62
43744,3.34
43836,2.55
43869,3.08
43871,2.74
43904,2.32
43908,3.22
43912,2.47
43914,3.1
43917,3.1
43919,1.51
43921,3.21
43928,2.31
43930,2.49
43932,1.93
43936,3.21
44004,2.55
44020,3.03
44022,3.1
44189,2.3
44191,3.87
44193,3
44195,3.76
44197,3.33
44199,3.73
44204,3.77
44225,2.6
44238,1.93
44241,2.25
44243,2
44301,3.5
44397,2.75
44399,2.71
44511,3.57
44555,4.16
44597,3.62
44613,3.36
44633,3.79
44657,3.71
44665,3.68
44694,3.76
44709,3.58
44719,4
44731,2.27
44759,2.02
44761,3.71
44773,2
44777,2.62
44788,3.68
44828,3.08
44840,2.4
44849,2.88
44851,3.12
44864,3.17
44889,3
44929,3.27
44931,2.5
44937,3.58
44943,3.39
44972,2.12
44974,3.52
45028,3.29
45062,2.96
45074,2.5
45081,2.93
45106,2.87
45175,3.41
45183,3.42
45186,3.23
45208,2.55
45210,3.74
45221,3.08
45361,2.48
45382,2.82
45431,3.24
45440,2.96
45442,2.52
45447,2.94
45499,3.15
45501,2.72
45503,3.47
45517,3.22
45635,2.94
45648,2.75
45658,3.25
45662,2.7
45666,2.7
45668,2.94
45672,2.75
45720,3.19
45722,3.31
45726,2.47
45728,3.34
45730,2.63
45732,2.46
45880,3.16
45928,3.65
45950,3.57
45969,2.65
46062,2.37
46105,3.21
46231,2.12
46322,3.58
46335,2.73
46337,2.73
46347,3.46
46367,2.88
46530,2.76
46559,3.66
46572,2.43
46574,2.97
46578,3.78
46664,3.81
46723,3.54
46772,2.95
46850,3.68
46855,3.98
46862,2.67
46865,1.89
46948,3.17
46965,2.43
46967,3.36
46970,2.96
46972,2.83
46974,2.97
46976,3.78
47044,2.88
47099,3.66
47122,2.53
47124,2.68
47200,3.25
47202,3.55
47254,3.07
47261,2.85
47382,3.04
47384,2.37
47404,3.88
47423,3.57
47446,3.39
47465,3.11
47491,3.88
47516,2.29
47518,2.98
47538,3.62
47566,3.91
47610,3.62
47629,3.64
47640,2.78
47644,3.42
47646,2.31
47721,3.89
47725,3.58
47736,3.29
47774,3.67
47793,3.25
47810,1.89
47894,3.68
47937,3.36
47950,2.9
47952,2.26
47970,3.09
47978,3.38
47997,3.31
47999,3.63
48001,4.25
48032,3.83
48043,3.44
48045,4.15
48082,3.57
48142,2.6
48150,2.43
48161,3.04
48214,3.75
48262,3.52
48304,3.58
48319,3.18
48322,2.92
48326,2.88
48342,3.36
48385,3.18
48394,3.95
48412,3.16
48414,2.83
48416,2.69
48516,4
48518,2.63
48520,2.74
48560,2.96
48593,2.75
48596,2.36
48598,3.47
48638,2.79
48649,3.5
48678,2.95
48696,3.76
48698,3.68
48738,3.8
48741,3.34
48744,3.27
48774,3.85
48780,4.01
48783,3.46
48872,3.56
48877,2.5
48879,3.26
48883,3.12
48982,3.27
48997,3.47
49013,2.33
49110,2.5
49130,3.31
49132,3.5
49220,3.05
49263,3.35
49265,3.92
49272,3.7
49274,2.92
49276,2.57
49278,3.38
49280,3.32
49284,3.52
49286,3.19
49314,2.84
49347,2.91
49389,3.26
49396,3.16
49524,2.93
49530,3.79
49647,3.23
49649,2.41
49651,3.19
49666,2.88
49688,3.67
49735,2.56
49772,3.62
49793,3.36
49822,3.33
49824,3.3
49910,3.43
49917,4.38
49932,3.54
49957,3.66
49961,3.7
50003,2.27
50005,3.45
50064,2.87
50068,3.73
50147,2.08
50158,2.96
50160,3.5
50189,2.29
50274,3.44
50354,3.5
50356,3.75
50440,1.67
50442,3
50445,2.88
50514,3.8
50601,3.37
50610,2.38
50613,3
50658,3.92
50685,3.46
50740,3.84
50792,2.73
50794,3.07
50796,2.76
50798,1.49
50800,2.37
50802,2.72
50804,2.93
50806,1.88
50842,3.38
50851,3.73
50872,3.73
50912,3.5
50923,3.17
50942,2.62
50954,2.7
50999,2
51024,3.33
51037,3.25
51077,2.18
51080,3.49
51082,3.29
51084,3.17
51086,2.86
51088,3.02
51091,3.33
51167,2.5
51174,2.91
51255,3.8
51314,2.88
51357,3.26
51412,3.04
51471,3.68
51498,2.56
51540,3.64
51545,3.59
51562,3.32
51573,3.67
51575,2.52
51662,3.35
51666,2.5
51694,3.35
51698,2.94
51705,3.42
51709,3.42
51834,3.23
51884,3.57
51903,2.42
51925,2.74
51927,2.83
51931,3.4
51933,2.67
51935,3.38
51937,2.43
51939,2.88
52042,3.71
52241,3.55
52245,2.96
52279,2.5
52281,3.66
52283,2.87
52287,3.44
52299,4
52319,3.82
52328,3.54
52375,3.18
52435,3.74
52458,3.12
52462,3.27
52579,3.54
52604,3.59
52644,2.96
52668,3.02
52694,2.78
52712,2.68
52715,2.21
52722,2.74
52724,2.78
52730,2.15
52767,4.01
52784,2.9
52831,3.12
52867,2.35
52885,3.86
52950,3.4
52952,3.8
52967,3.75
52973,3.23
52975,3.25
53000,3.29
53022,3.61
53024,3.94
53121,2.89
53123,3.73
53125,3.2
53127,2.88
53129,3.44
53138,3.15
53140,3.21
53143,3.06
53161,3.51
53280,2.92
53318,3.49
53322,3.4
53326,3.41
53355,3.75
53435,2.56
53447,3.04
53450,3.33
53453,2.59
53460,3.05
53464,2.46
53466,2.98
53468,3.4
53519,3.51
53550,3.51
53574,3
53578,3.06
53808,1.83
53883,3.98
53894,3.57
53921,2.81
53953,3.06
53956,3.65
53972,3.31
53974,2.2
53993,2.59
53996,2.79
54001,3.57
54004,2.72
54116,2.78
54121,3.18
54185,3.25
54190,3.48
54256,3.18
54259,3.71
54272,3.36
54274,1.71
54276,2.91
54281,3.42
54286,3.8
54372,3.88
54503,3.48
54617,2
54648,2.77
54686,2.82
54732,2.48
54734,2.98
54736,3.55
54745,3.54
54768,1.71
54771,2.79
54780,2.85
54785,2.85
54787,3
54796,3.32
54881,3.73
54908,2.11
54910,3.5
54934,2.35
54962,3.45
54995,3.44
54997,3.66
54999,3.03
55020,2.78
55036,2.67
55052,3.6
55061,3.25
55067,3.72
55069,3.95
55071,3.46
55080,3.11
55094,3.52
55110,3.06
55112,3.5
55116,3.29
55118,3.76
55156,3.47
55167,3.63
55190,3
55205,3.15
55207,3.27
55232,3.01
55241,2.21
55245,2.47
55247,3.76
55250,2.88
55253,3.8
55259,2.42
55261,2.66
55267,3.31
55269,3.54
55272,3.16
55274,3.24
55276,3.63
55278,3.32
55280,3.68
55282,2.9
55290,3.71
55292,2
55294,2.5
55363,3.55
55391,3
55442,3.91
55444,3.74
55451,3.36
55492,3.06
55553,3.05
55555,3.88
55577,2.57
55620,3.81
55687,3.65
55721,4.05
55729,3.24
55765,3.71
55768,2.72
55805,3.62
55814,3.84
55820,3.91
55830,3.12
55844,2.91
55854,3.42
55872,3.31
55908,3.77
55946,2.84
55995,2.8
56003,2.39
56012,3.84
56022,3.75
56060,3.44
56145,3.33
56152,3.33
56156,2.84
56169,2.85
56171,2.93
56174,3.28
56176,2.23
56251,3.67
56274,2.97
56286,3.16
56333,3.44
56336,2.5
56339,3.65
56367,3.69
56379,3.23
56389,3.34
56563,3.5
56587,3.51
56607,3.73
56620,2.5
56715,3.56
56757,3.35
56775,2.96
56782,3.88
56788,3.63
56801,2.12
56805,3.22
56837,3.3
56869,3.12
56908,3.45
56915,3.1
56921,3.57
56941,3.17
56949,2.85
57147,3.04
57183,3.79
57243,3.7
57274,3.5
57326,2.12
57368,3.12
57421,3
57499,3.5
57502,3.98
57504,3.87
57522,2.79
57526,2.94
57528,3.18
57532,1.43
57536,2.32
57637,2.96
57640,3.25
57669,3.81
57772,3.69
57843,2.7
57910,2.89
57951,2.66
58025,2.76
58047,3.48
58078,2.85
58103,3.13
58105,3.1
58107,2.78
58154,3.22
58156,2.72
58162,3.15
58191,4.01
58287,2.19
58291,2.42
58293,2.46
58295,3.55
58297,2.76
58299,3.3
58301,3.28
58303,3.79
58306,3.53
58309,3.6
58315,1.98
58332,2.72
58347,3.34
58351,3.73
58376,2.97
58404,3.58
58425,4
58492,3.3
58554,3.68
58559,4.07
58627,3
58655,2.5
58783,3.19
58803,3.36
58806,3.06
58826,2.17
58839,2.94
58842,3.5
58870,3
58876,3
58879,3.72
58964,3.07
58972,3.15
58975,2.83
58998,3.37
59014,2.28
59016,3.05
59018,3.81
59022,3.05
59026,3.72
59037,2.92
59103,3.15
59118,3.38
59126,3.4
59129,3.36
59131,2.2
59141,3.54
59143,3.03
59220,3.39
59258,2.92
59295,1.86
59306,1.68
59315,3.74
59333,2.79
59336,3.36
59369,3.6
59387,3.83
59421,2.75
59429,2.44
59440,3.06
59501,3.08
59549,3.23
59604,3
59615,2.79
59667,3
59725,2.46
59727,2.88
59731,3.63
59738,2.85
59784,3.51
59810,3.59
59814,3.33
59900,2.43
59915,3.37
59947,3.17
59985,3.27
59995,3.73
60030,3.36
60037,2.35
60040,3.04
60046,3.5
60069,3.98
60072,3
60074,2.98
60126,3.07
60128,3.28
60141,2.78
60161,3.64
60289,3.09
60291,3.88
60293,3.29
60303,2.83
60333,3.87
60363,2.15
60365,3.29
60389,3.25
60397,2.77
60408,3.51
60471,2.79
60487,3.75
60514,2.55
60516,2.55
60522,2.69
60538,1.86
60647,3.26
60674,3.51
60684,3.65
60735,3.66
60737,3
60753,3.62
60756,3.11
60760,2.95
60766,3.77
60803,2.94
60818,3.57
60832,2.45
60857,2.75
60885,3.7
60894,2.82
60904,4.32
60937,2.48
60941,2.88
60943,3.68
60950,3.58
60979,3.35
61011,2.83
61024,3.19
61026,3.31
61071,3.1
61073,2.59
61123,2.3
61132,3.29
61160,2.91
61167,2.89
61210,2.48
61236,3.87
61240,3.9
61246,3.08
61248,2.81
61250,2.6
61255,2.68
61257,3.56
61262,2.77
61289,3.12
61319,3.08
61323,3.49
61348,1.12
61350,2.76
61352,3.34
61394,3.17
61401,2.27
61406,3.92
61465,2.43
61628,3.5
61692,2.6
61697,2.74
61705,2.66
61729,3.34
61818,1.67
61986,3.33
62008,0.5
62081,3.13
62113,3.03
62155,3.21
62208,4.5
62250,3.43
62293,3.35
62299,1.83
62336,3.93
62344,3.34
62374,3.53
62376,3.32
62383,3
62394,2.38
62434,3.08
62437,3.03
62439,3.03
62511,3.66
62553,3.51
62586,2.3
62644,3.78
62662,3.6
62718,2.76
62792,2.95
62799,3.63
62834,2.89
62836,3.15
62849,3.55
62956,3.65
62970,2.98
62999,3.08
63033,3.09
63062,3.68
63072,3.42
63082,3.71
63113,3.23
63131,3.31
63179,3.77
63222,3.44
63239,3
63276,3.25
63312,3.29
63393,2.14
63433,3.86
63436,2.57
63479,3.1
63515,3.74
63540,1.62
63768,3.75
63808,3.7
63826,2.99
63853,2.89
63859,3.36
63876,3.73
63992,2.18
64010,2.64
64030,2.94
64032,2.77
64034,3.71
64114,2.79
64116,2.9
64167,2.42
64197,3.67
64231,2.65
64249,2.84
64278,3.58
64285,3.64
64497,2.65
64499,3.31
64501,3.18
64575,3.83
64614,3.82
64620,3.73
64622,3.72
64695,3.82
64716,3.55
64839,3.78
64957,3.47
64969,3.2
64983,3.34
64993,3.67
64997,2.61
65037,3.18
65088,2.89
65126,3.1
65130,3.43
65133,3.87
65135,3.8
65188,3.83
65193,2.88
65216,3.47
65225,2.87
65230,3.11
65261,3.73
65350,3.5
65359,2.41
65514,3.8
65577,3.07
65585,2.56
65588,3.43
65596,3.57
65601,2.64
65631,3.13
65642,3.58
65651,2.5
65682,2.99
65685,2.99
65738,2.25
65740,2.17
65802,2.29
65810,2.94
65882,3
65982,3.08
66090,3.27
66097,3.67
66171,2.98
66198,3.08
66203,2.82
66240,2.78
66297,3.65
66310,2.83
66320,3.38
66335,3.28
66371,4.04
66427,2.85
66509,2.99
66511,3.58
66544,3.62
66665,3.61
66744,3.46
66783,2.74
66785,3.43
66798,2.81
66915,3.05
66934,3.78
66943,3.31
67087,3.41
67168,3.31
67186,2.97
67193,2.98
67197,2.84
67255,3.83
67267,3.41
67295,3.42
67361,2.63
67408,3.1
67508,3.63
67534,2.72
67618,2.72
67665,3.72
67695,2.79
67734,3.32
67788,2.61
67799,2.65
67888,3.83
67923,2.97
67997,3.76
68073,3.61
68135,2.91
68157,3.96
68159,3.5
68194,3.65
68205,2.88
68237,3.94
68269,3.61
68319,2.98
68347,3.77
68358,3.75
68444,3.27
68480,4
68486,3.43
68522,3.85
68536,4
68552,3.03
68554,3.05
68597,3.2
68600,2.67
68650,2.6
68659,3.09
68791,3
68793,2.7
68835,4
68848,3.44
68872,3.58
68886,3.5
68932,3.26
68945,3.72
68952,3.01
68954,3.89
68959,3.61
69069,2.87
69118,2.83
69122,3.43
69131,2.45
69134,3.27
69140,3.05
69211,3
69227,2.33
69251,3.23
69275,2.94
69278,2.65
69304,3
69306,3.08
69394,3.6
69406,3.2
69436,2.39
69453,2.71
69469,1.25
69481,3.66
69495,3.25
69516,2.97
69524,4.05
69526,2.49
69529,4.01
69604,3.66
69606,2.7
69640,3.2
69644,3.12
69654,3.45
69685,3.69
69712,3.44
69720,1.17
69746,3.36
69757,3.66
69784,2.45
69805,3
69844,3.56
69849,3.58
69860,2
69904,1.42
69951,3.21
69953,3.5
69988,2.7
70015,3.43
70159,3.21
70183,2.94
70206,2.95
70208,3.14
70286,3.78
70293,3.42
70301,2.32
70305,2.82
70334,2.39
70336,2.64
70361,2.79
70451,3.67
70492,3
70521,3.24
70533,3.67
70545,2.83
70565,2.76
70599,3.29
70637,3.08
70641,2.47
70663,2.39
70687,3.17
70697,2.32
70703,3.5
70708,2.97
70728,3.32
70862,3.66
70932,2.5
70946,1.83
70984,3.55
70990,2.92
70994,2.46
71033,4.02
71057,3.34
71106,3.54
71108,3.87
71129,3.24
71131,3.99
71135,3.32
71147,3.62
71156,3.19
71160,3.17
71205,2.45
71211,3.29
71248,2.98
71252,2.39
71254,2.73
71264,3.3
71268,3.33
71282,3.71
71302,2.36
71304,3.31
71327,3.23
71341,2.65
71379,2.87
71429,3.4
71438,3.72
71453,3.1
71462,3.82
71464,3.55
71466,3.68
71468,3.22
71484,3.04
71494,2.58
71500,3.46
71518,3.45
71520,3.08
71530,3.08
71535,3.63
71550,2.79
71579,3.64
71619,3.18
71640,3.86
71668,2.66
71732,3
71745,3.19
71810,2.7
71823,2.82
71838,3.35
71867,3.41
71899,3.87
71902,3.29
71910,2.85
71970,3
71999,3.1
72011,3.69
72104,3.71
72129,2.68
72142,3.43
72165,2.53
72167,2.94
72171,3.49
72178,2.58
72224,2.67
72226,3.81
72294,3.14
72308,3.13
72330,3.17
72356,3.97
72378,2.46
72395,3.5
72405,3.26
72407,2.04
72424,1.92
72479,3.55
72489,2.96
72554,3.89
72591,2.1
72601,3
72603,2.83
72605,3.31
72624,3
72641,3.53
72692,2.88
72694,3.37
72696,2.42
72701,2.97
72714,3.17
72720,3.71
72731,2.97
72733,3.39
72737,3.5
72874,3
72919,2.44
72921,3.25
72982,3.31
72998,3.53
73015,3.16
73017,3.56
73023,3.56
73042,1.65
73106,2.19
73160,2.3
73211,3.55
73266,3.25
73268,2.96
73290,3.45
73319,2.99
73321,3.25
73323,3.69
73344,3.86
73386,3.5
73431,2.89
73488,2.94
73499,2.83
73501,1.5
73515,3
73569,4.12
73676,3.17
73681,3.41
73741,2.18
73804,2.73
73808,3.75
73822,3.67
73854,3.66
73858,1
73876,3.25
73881,3.71
73929,2.45
74075,2.28
74089,3.22
74095,3
74154,2.52
74226,2.33
74228,3.45
74275,3.22
74282,3.91
74324,4.01
74342,3.25
74370,3.1
74450,2.73
74452,2.51
74458,3.86
74508,3.88
74510,3.64
74530,2.74
74532,2.82
74545,3.54
74553,3.58
74580,2.62
74624,3.5
74647,2.25
74668,3.07
74677,3.83
74683,2.8
74685,3.14
74688,2.83
74696,3.59
74698,2.31
74727,3.93
74750,3.13
74754,2.16
74789,3.01
74791,3.45
74795,3.31
74851,3.01
74868,3.12
74916,3.12
74946,3.03
74948,3.48
75341,3.13
75389,2.81
75395,2.86
75446,3.38
75803,3
75805,2.59
75813,3.41
75816,2.69
75947,2.7
75985,3.02
76030,2.95
76054,3.5
76060,3.3
76077,3.01
76091,3.87
76093,3.82
76143,3
76173,3.58
76175,2.56
76251,3.58
76293,3.12
76301,2.7
76738,4.05
76743,2.17
76751,2.5
76763,3.15
77177,3.82
77191,3
77201,2.9
77206,2.76
77233,3.89
77266,3.64
77364,2.92
77414,2.93
77421,3.12
77427,2.04
77455,3.83
77561,3.33
77667,2.41
77688,3.33
77709,3.1
77795,2.97
77798,2.38
77800,3.53
77841,2.67
77846,3.9
77866,3.09
77881,2.25
77893,3.81
77931,4.17
78034,3.34
78039,3.58
78041,2.73
78088,3.27
78103,3.5
78105,2.81
78116,3.23
78142,3.38
78160,3.63
78174,1.92
78209,3.05
78218,3.41
78264,2.54
78266,2.81
78316,3.08
78349,3.4
78467,2.43
78469,3.03
78499,3.88
78544,3.43
78574,3.66
78620,3.25
78626,2.9
78637,3.1
78703,3.12
78746,3.14
78772,2.03
78836,3.56
78893,2.05
78959,3.25
79006,3.62
79008,3.84
79057,3.04
79073,3.66
79091,3.63
79132,4.09
79134,2.52
79139,2.97
79185,3.05
79224,3
79242,3.45
79251,2.55
79259,2.5
79274,3.65
79293,3.05
79299,3.86
79333,2.88
79357,3.68
79428,2.74
79501,3.5
79536,3.15
79553,3.62
79572,2.85
79590,3.14
79592,3.12
79677,3.92
79684,3.42
79695,2.85
79702,3.7
79798,4.1
79868,2.5
79879,2.55
79895,2.76
79897,3.46
79946,3.19
80083,3.12
80094,2.95
80126,3.15
80139,2.76
80162,3.11
80166,2.99
80219,3.33
80241,3.1
80363,2.97
80454,3
80463,3.71
80489,3.64
80549,3.47
80551,2.64
80553,3.09
80572,2.66
80584,3.32
80586,3.59
80590,2.77
80615,3.19
80693,3.51
80727,3
80748,3.17
80831,3.56
80834,3.29
80839,3.56
80846,2.78
80858,2.57
80860,3.27
80862,3.38
80864,3.04
80880,2.48
80906,3.91
80917,3.07
80969,3.57
81018,3.56
81087,3.5
81132,2.81
81156,3.09
81158,3.6
81191,3.6
81229,3.49
81257,3.82
81383,3.19
81417,2.59
81456,3.41
81512,2.98
81520,3.31
81535,2.56
81537,3
81562,3.54
81564,3.51
81591,3.8
81681,3.17
81782,3.28
81784,3.18
81786,3.52
81788,3.61
81791,2.98
81819,3.54
81831,3.38
81834,3.6
81845,3.92
81847,3.63
81910,3.62
81932,3.73
81949,2.3
82041,3.15
82053,3.07
82088,4
82093,3.16
82095,1.96
82152,2.75
82167,3.17
82169,3.05
82202,2.93
82242,3.5
82366,2.67
82378,2.84
82459,3.75
82461,3.18
82499,2.76
82527,3.53
82534,3.26
82641,3.5
82667,3.59
82684,3.06
82744,3.02
82765,3.82
82767,3.48
82848,4.06
82852,2.58
82854,2.32
82857,3
83086,3.01
83132,3.83
83134,3.71
83177,2.03
83270,3.56
83349,2.67
83369,3.54
83374,2.9
83480,2.52
83601,2.7
83613,2.86
83796,3.5
83803,3.84
83827,3.58
83910,2.73
83969,3
83976,3.59
84152,3.64
84156,4.03
84187,3.73
84189,3
84240,3.82
84246,3.12
84273,3.3
84374,3.12
84392,3.59
84414,3.52
84512,3
84523,3.6
84553,2
84601,3.32
84615,3.2
84637,2.75
84696,3
84716,3.96
84772,3.29
84799,2.83
84844,4.12
84847,3.83
84942,2.49
84944,3.39
84950,3.09
84952,3.84
84954,3.37
85020,3.22
85022,2.65
85025,3.1
85056,2.87
85131,2.63
85179,3.78
85213,3.8
85259,4
85261,2.7
85295,2.5
85316,3.89
85334,2.5
85342,3.92
85354,3.53
85367,3.02
85394,3.77
85397,2.57
85399,2.41
85401,3.26
85412,3.45
85414,3.64
85438,3.6
85510,2.77
85565,2.85
85736,3.89
85774,3.91
85780,3.43
85788,3.26
85796,2.91
85881,3.6
85885,2.78
86000,3.8
86014,3.53
86028,2.5
86059,2.38
86066,4.75
86068,2.5
86142,3.5
86190,3.4
86237,3.82
86279,3.44
86286,3.31
86290,3.56
86293,2.93
86295,3.04
86298,3.09
86320,3.58
86332,3.26
86345,3.86
86347,3.82
86355,2.84
86377,3.73
86487,3.84
86504,4.15
86548,3.31
86593,3.83
86628,3.46
86644,3.2
86668,3.86
86721,2.62
86781,4.05
86815,3.4
86817,2.72
86833,3.23
86835,2.69
86864,2.94
86880,3.1
86882,3.75
86892,3.67
86898,3.31
86911,2.87
86922,2.94
86960,3
87028,2.31
87192,3.32
87194,3.43
87197,3.22
87222,3.49
87232,3.68
87234,3.74
87287,3.62
87298,3.28
87304,3.62
87306,3.36
87413,3.67
87430,2.59
87444,2.17
87483,2.95
87485,2.62
87520,2.53
87522,3.02
87529,2.52
87660,3.58
87785,2.97
87867,2.34
87869,3.22
87876,2.98
87960,3.67
88069,3.12
88094,3.33
88108,2.77
88125,3.71
88129,3.78
88140,3.38
88163,3.54
88179,3.1
88235,3.65
88267,3.31
88272,2.82
88327,3
88345,3.57
88356,2.2
88405,3.22
88448,2
88515,2.99
88593,3.69
88672,3.25
88697,2
88699,2.73
88744,3.54
88746,3.25
88785,2.92
88810,3.82
88812,3.04
88911,3.58
88932,2.59
88954,2.9
89028,2.73
89030,3.01
89039,3.49
89047,3.3
89072,3.28
89085,3.51
89087,3.1
89090,3.84
89118,3.67
89190,2.81
89208,2.5
89281,1.26
89305,3.09
89343,3.13
89386,3.64
89388,3.05
89427,2
89470,3.4
89492,3.78
89580,2.12
89582,3.21
89586,3.28
89678,3.72
89745,3.75
89753,3.5
89759,3.98
89761,3.18
89774,3.82
89804,3.44
89837,3.19
89840,3.18
89862,3.2
89864,3.67
89898,3.5
89904,3.74
89939,4.5
89945,3.33
90057,3.63
90243,3.69
90245,4
90249,3.1
90343,2.67
90345,2.98
90353,2.83
90357,3.71
90374,3.38
90376,3.66
90384,1.5
90403,2.78
90405,3.24
90428,3.6
90430,3.5
90439,3.61
90469,2.72
90471,3.39
90522,3.07
90524,2.61
90528,3.34
90531,3.5
90576,2.8
90600,3.77
90603,3.51
90630,3.67
90647,3.18
90717,3.11
90719,3.11
90738,3.04
90746,3.45
90769,5
90809,3.9
90863,3.44
90866,3.55
90888,2.85
90890,1.76
90943,3.69
90945,3.96
91077,3.56
91079,3.26
91094,3.48
91104,1.94
91126,3.24
91128,3.12
91233,4.03
91261,3.64
91266,2.67
91273,3.16
91323,2.84
91325,3.48
91337,3.25
91353,3.2
91355,3
91386,2.83
91414,3.35
91470,3.22
91483,2.76
91485,2.96
91488,3.81
91500,3.4
91529,3.78
91535,3.26
91542,3.55
91571,3.01
91622,3.16
91628,2.32
91630,3.46
91653,3.43
91658,3.75
91660,2.46
91666,3.33
91671,1.59
91688,2.4
91690,3
91784,3.06
91842,3.08
91860,3.5
91869,3.47
91873,2.25
91890,3.21
91935,3
91947,3.33
91974,2.96
91976,3.07
91978,3.17
91981,3.75
92008,2.99
92046,2.5
92048,3.34
92094,4
92192,2.45
92198,3.25
92234,2.87
92243,3.41
92259,4.07
92264,2.81
92309,2.76
92348,2.5
92391,3.14
92420,3.44
92422,3.06
92427,3.67
92439,3.06
92475,4.19
92494,3.89
92507,3.22
92509,3.2
92535,3.76
92637,4.17
92643,3.88
92665,2.89
92674,3.67
92681,2.6
92694,3.25
92730,2.7
92760,0.5
92938,2.09
92954,3.68
93006,3.48
93008,3.88
93022,3
93040,3.95
93114,3.25
93134,3.77
93139,2
93193,1.8
93208,3.56
93242,2.8
93270,2.91
93272,3.1
93287,3.24
93297,3.24
93320,3.25
93326,2.75
93363,3.06
93443,3.19
93502,2.65
93510,3.46
93512,3.15
93563,2.85
93598,3.45
93610,3
93721,3.95
93723,2.46
93740,3.45
93766,2.68
93790,3.63
93805,3.1
93819,3.26
93831,2.95
93838,3.53
93840,3.59
93855,3.44
93980,2.57
93982,2.94
93988,3.9
94011,4
94015,2.86
94018,2.43
94070,3.63
94122,2.5
94130,3.69
94150,3.1
94160,2.5
94262,2.25
94266,2.93
94323,3.1
94325,2.9
94405,3.04
94478,2.91
94494,3.17
94503,3.14
94661,3.1
94677,2.96
94735,2.25
94777,3.28
94780,2.71
94799,3.07
94810,3.6
94833,3.32
94864,3.24
94867,2.71
94896,3.37
94919,3
94931,3.3
94953,2.94
94959,3.85
94985,3.29
95004,2.83
95067,2.92
95088,3.47
95105,3.14
95135,3.16
95145,3.5
95147,2.6
95149,3.12
95163,3.5
95165,3.22
95167,3.52
95170,3.22
95175,3.12
95182,3.31
95193,2.45
95199,2.58
95201,3.25
95207,2.76
95218,3.75
95307,3.21
95309,3.38
95311,3.95
95313,3.8
95377,3.9
95441,3.13
95449,2.95
95473,3.21
95475,3.4
95497,3.17
95499,3.15
95508,3.18
95510,3.3
95519,3.39
95543,3.04
95558,3.57
95583,3.23
95654,3.99
95690,3.29
95717,3
95720,2.56
95738,1.75
95744,3.04
95761,3.24
95771,2.75
95780,2.79
95796,1.4
95839,3.46
95843,2.5
95858,3.95
95873,3.65
95875,2.96
95939,3.66
95949,3.5
95965,3.27
96004,3.46
96007,3.75
96020,3.56
96079,3.65
96084,3.67
96110,2.91
96114,2.86
96121,3.15
96150,3.59
96281,3.39
96283,3.18
96373,3.82
96411,3.57
96417,3.14
96430,3.18
96432,3.35
96448,2.09
96471,3.88
96488,3.92
96518,3.25
96520,3.85
96530,2.17
96563,3.66
96567,3.24
96588,3.41
96606,3.99
96608,4.12
96610,3.61
96616,2.35
96655,3.7
96691,2.99
96726,2.43
96728,3.37
96737,3.5
96811,3.73
96815,3.01
96821,3.84
96829,4.09
96832,3.46
96861,2.97
96917,2.52
96935,4
96945,2.5
96964,2.8
96975,2.36
97024,3.81
97168,3.81
97172,3.2
97188,3.42
97194,3.93
97225,3.36
97230,3.59
97285,3.5
97304,3.77
97306,3.53
97328,3.4
97470,2.09
97643,2.5
97665,3.2
97701,2.4
97742,2.67
97752,3.5
97757,3
97785,2.29
97836,3.08
97858,3.14
97860,3.19
97866,3.64
97870,3.54
97904,3.46
97913,3.7
97921,3.72
97923,3.53
97936,3.02
97938,3.68
97950,2.83
97988,3
98061,3.5
98083,3.08
98122,3.64
98124,3.74
98154,3.5
98160,1.5
98175,3.18
98203,2.25
98230,2.79
98239,2.58
98243,3.55
98279,3.11
98296,3.02
98361,3.42
98491,4.02
98499,2.75
98503,3.5
98585,3.25
98604,3.72
98607,3.42
98623,2.75
98697,3.5
98799,3.25
98809,3.6
98836,3.15
98961,3.54
99005,2.93
99007,3.27
99030,3.21
99087,2.88
99106,2.87
99112,3.41
99114,3.95
99117,2.92
99122,1.75
99130,2.83
99145,3.41
99149,3.42
99191,3
99415,2.81
99437,3.06
99532,3.58
99574,3.19
99636,3.5
99638,4.07
99721,2.86
99728,3.21
99750,3.28
99764,3.78
99813,3.71
99846,3.64
99853,4
99910,2.96
99917,3.59
99992,3
100044,4.32
100068,3.36
100083,2.38
100106,3.98
100159,3.37
100163,2.85
100194,3.88
100226,2.91
100277,3.19
100302,2.94
100304,3.25
100306,3.69
100326,3.13
100383,3.48
100390,2.57
100397,2.53
100487,3.04
100498,2.58
100507,2.84
100527,3.03
100553,4.21
100556,4
100579,2.32
100611,2.92
100714,3.74
100737,2.98
100810,3.01
100843,3.57
100882,3.38
100906,2.86
101025,2.94
101070,3.76
101072,3.5
101074,3.62
101076,2.68
101088,3.21
101112,2.91
101142,3.25
101283,2.85
101360,3.07
101362,2.99
101415,3.51
101423,2.83
101525,3.42
101529,3.14
101531,3.14
101577,3
101612,2.8
101739,2.97
101741,3.36
101765,3.14
101864,3.42
101884,2.33
101895,3.55
101962,3.85
101973,3.52
102007,2.4
102025,2
102033,3
102058,3.43
102066,3.2
102070,3.06
102084,3.52
102088,3.16
102123,3.21
102125,3.45
102165,2.5
102194,3.6
102217,3.54
102278,2.9
102338,2
102378,3.23
102407,3.37
102445,3.61
102481,3.06
102590,3
102602,3.5
102666,3.88
102684,3.1
102686,2.8
102716,3.14
102720,3.29
102735,2
102742,4.5
102747,3.5
102749,1.67
102760,4
102800,3.68
102802,2.53
102819,3.12
102823,3
102852,3.5
102880,2.23
102903,3.4
102984,2.5
102993,3.7
103027,3.22
103042,3.11
103048,3.53
103075,2.82
103085,2.65
103107,3.47
103137,2.88
103141,3.58
103171,3.5
103210,3.58
103219,3.18
103221,2.39
103228,3.21
103233,3.14
103235,3.78
103245,2.5
103249,3.16
103253,3.14
103335,3.6
103339,3.23
103341,3.51
103366,2.84
103372,3.16
103384,3.03
103449,2.09
103483,2.89
103502,1
103539,3.47
103543,2.47
103596,1.81
103602,3.56
103606,3.63
103609,1.75
103624,3.58
103655,2.8
103685,2.71
103688,3.52
103755,2.92
103772,3.09
103801,3.15
103810,3.39
103819,3.05
103865,1.5
103883,3.3
103980,3.58
103984,3.82
104069,3.89
104074,2.76
104076,2.41
104078,3.39
104129,3.14
104141,3.5
104211,3.32
104218,2.49
104241,3.2
104243,3.14
104245,2.92
104272,3.75
104283,3.84
104303,2.97
104337,3.37
104339,3.47
104374,3.8
104419,3.36
104457,3.27
104644,3.5
104760,2.44
104837,2.5
104841,3.66
104863,3.47
104875,3.53
104879,3.79
104906,2.88
104908,3.16
104913,3.8
104925,3.12
104944,3.9
105020,2.25
105037,3.09
105121,3
105197,3.63
105211,3.33
105213,3.18
105246,3.7
105250,4.12
105254,3.12
105325,2.79
105351,2.87
105355,3.71
105468,3.4
105504,3.73
105540,1.25
105585,3.08
105593,3.44
105653,3.13
105720,4.5
105731,2.64
105746,2.57
105755,2.57
105801,2.4
105835,3.54
105844,3.84
105954,3.5
106002,3.32
106062,2.83
106072,3.24
106100,3.83
106144,3.5
106330,3.19
106438,3.75
106441,3.55
106487,3.46
106489,3.5
106491,3.11
106540,2.89
106542,3.12
106594,4.5
106642,3.77
106648,3
106696,3.49
106766,3.59
106782,3.75
106785,3.07
106839,3.12
106873,3.5
106883,1.9
106889,3.59
106916,3.53
106918,3.62
106920,3.79
106927,2.6
107013,0.5
107069,3.41
107141,3.63
107159,3.67
107314,2.89
107338,2
107348,2.86
107406,3.4
107408,4.33
107410,3.94
107412,4.17
107436,3.3
107447,2.75
107449,2
107462,3.33
107565,3.57
107630,2.3
107702,3
107723,2.42
107771,3.63
107780,4.25
107846,3.33
107951,2.33
107953,3.2
107997,2.83
107999,2.9
108078,3.21
108090,3.62
108156,3
108188,3.04
108190,3.18
108192,3.49
108540,3.83
108689,2.52
108715,3.3
108727,3.5
108729,3.4
108795,3.22
108928,3.05
108932,3.7
108945,2.91
108949,3.14
108981,3.28
109042,2.85
109161,3.84
109183,3.39
109187,3.16
109191,2.94
109241,2.38
109282,2.89
109295,2.88
109313,3
109317,2.75
109372,3.25
109374,3.98
109383,3.25
109416,2.67
109483,2.81
109487,3.93
109569,2.94
109576,2.75
109578,3.35
109596,4.04
109633,3.63
109673,2.73
109687,3.4
109723,2.25
109846,3.25
109848,3.26
109850,2.86
109853,3.03
109864,3.15
109895,3.36
109897,2.67
109941,2.64
109968,3.81
109971,3.27
110102,3.63
110127,2.86
110130,2.78
110281,3.5
110286,3.29
110297,3.37
110330,2.67
110350,3.25
110387,3.36
110501,3.6
110541,0.5
110553,2.95
110586,3.86
110591,3.12
110603,1.93
110611,3.25
110655,2.91
110669,3.76
110718,3.28
110730,2.95
110746,4
110771,2.93
110773,2.67
110781,2.69
110826,3.18
110882,3.63
111113,3.05
111146,1.5
111320,2.67
111360,2.88
111362,3.7
111364,2.99
111375,2.83
111384,3.54
111443,3.51
111551,3
111617,2.86
111622,3.64
111659,3.28
111663,2.39
111680,3.38
111732,4.14
111743,2.94
111759,3.78
111781,3.48
111795,3.31
111800,3.21
111817,2.92
111844,2.9
111913,3.55
111921,3.44
112006,3.63
112070,3.26
112138,3.3
112171,3.35
112175,3.74
112183,3.71
112290,3.74
112303,2.72
112316,3.16
112326,1.67
112334,3.94
112370,2.43
112421,3.49
112450,2.97
112454,4.17
112460,2.8
112497,2.39
112512,3.67
112515,3.38
112552,4.04
112556,3.84
112580,2.71
112623,3.49
112727,2.56
112749,3
112788,2.37
112804,3.53
112818,3.08
112852,3.8
112868,2.8
112897,2.77
112911,2.76
112940,3.41
113159,2.91
113186,3.14
113207,3.16
113225,3.31
113252,3.26
113275,3.63
113278,3.38
113280,3.5
113313,2.93
113345,2.58
113348,2.63
113350,1.92
113374,3.5
113378,3.01
113394,3.33
113416,2.67
113453,2.86
113532,2.89
113565,3.15
113573,3.06
113604,3.12
113705,3.71
113741,3.66
113780,3.02
113829,3.49
113849,2.5
113862,3.15
114028,3.93
114044,2.92
114060,3.56
114066,3.56
114074,3.34
114126,3.5
114180,3.19
114184,3.36
114246,3.01
114265,3.25
114335,3.5
114396,2.5
114494,3.79
114554,3.74
114601,3.06
114627,3.94
114662,3.29
114670,2.33
114678,3.42
114707,3.2
114713,2.34
114762,3.23
114795,2.9
114818,3.17
114847,3.13
114925,3.16
114935,3.63
115065,2
115111,4.25
115122,3.77
115149,3.5
115151,3
115170,3.44
115203,3.83
115210,3.54
115216,3.16
115231,3.54
115502,3.17
115569,3.87
115617,3.8
115664,3.55
115667,3.32
115680,3.37
115713,3.88
115727,3.67
115819,3.7
115828,3.38
115877,3.71
115969,3.93
116044,2.5
116138,3.57
116169,3.42
116207,3.5
116411,3.96
116413,3.33
116419,2.5
116505,3.25
116529,3.5
116668,3.22
116718,2
116724,3.5
116738,3
116797,3.93
116799,3.2
116817,3.53
116823,3.31
116849,3.06
116887,2.72
116897,4.07
116941,2.4
116963,2.38
116977,2.45
116985,1.95
117107,3.29
117109,3.77
117133,3.67
117176,3.7
117192,3.79
117364,4.08
117368,2
117444,3.92
117466,3.24
117511,3.55
117529,3.12
117533,3.96
117545,3.58
117572,2.75
117590,3.07
117630,0.5
117646,2.5
117849,3.88
117851,3.27
117867,3.61
117877,3.55
117881,3.69
117887,3.41
117895,2.77
117922,2.95
118082,3.09
118166,5
118198,3.17
118248,1.94
118270,4
118290,3.5
118326,2.25
118354,3.26
118512,2.17
118530,0.5
118572,2.58
118696,3.39
118700,3.62
118702,3.35
118706,3.03
118814,2.5
118834,1.75
118862,2.5
118880,3.64
118888,3.88
118894,1.75
118896,3.66
118900,3.63
118924,3.1
118930,3.92
118985,3.36
118997,3
119068,3.29
119141,2.97
119145,3.65
119153,3.62
119155,2.92
119218,3.73
119655,2.73
119714,4.12
119828,3.5
119964,2.94
120130,3.86
120138,3.65
120466,3.36
120478,3.87
120625,3.77
120635,2.91
120637,2.84
120783,3.25
120799,3.04
120807,3.95
120813,4.08
120827,3.4
120919,4.25
121007,1.25
121035,2.78
121097,1.5
121099,3
121129,1.62
121169,3.3
121171,3.79
121231,3.48
121253,2.83
121372,3.53
121374,3.77
121469,3.17
121781,3
122092,2.67
122246,2
122260,5
122433,2
122490,3.5
122882,3.87
122884,2.82
122886,3.76
122888,3.09
122890,3.04
122892,3.46
122896,2.9
122898,2.94
122900,3.43
122902,2.23
122904,3.71
122906,3.53
122912,3.75
122916,3.7
122918,3.57
122920,3.55
122922,3.5
122924,3.17
122926,3.56
122932,3.1
123200,4.1
123310,3
123553,0.5
123947,3.27
124273,3.33
124851,2.5
124853,3
124859,2.89
125221,3
125914,2.74
125916,1.78
125970,2.81
125974,3.11
126088,2.21
126090,3.81
126142,3
126420,2.35
126426,4.3
126430,3.85
126482,2.71
126548,3.04
126921,2.72
127052,3.86
127096,3.04
127098,3.83
127108,3.74
127114,3.66
127116,3.38
127130,3.48
127132,3
127134,3.14
127136,3.01
127146,3.71
127152,3.82
127164,3.5
127180,4.27
127184,2.5
127194,2.38
127198,3.53
127202,3.7
127204,2.68
127212,3.08
127298,3.56
127319,2.8
127323,2.76
127390,3.61
128089,2.75
128097,2
128099,3.5
128197,2.5
128360,3.71
128366,3.69
128488,2.62
128512,3.22
128520,3.07
128542,3.08
128592,2.04
128594,3.45
128620,3.86
128695,3.41
128736,3.44
128832,2.8
128838,3.24
128842,1.6
128852,3.33
128908,3.6
128914,3.75
128944,2.71
128968,2.83
128975,2.52
128991,3.05
129011,3.79
129229,2.9
129250,2
129313,3.62
129354,3.26
129397,3
129428,3.23
129514,3.72
129657,2.93
129659,3.6
129737,2.72
129779,3.79
129937,3.12
130050,2.88
130052,2.32
130073,3.11
130083,2.62
130087,2.41
130450,2.66
130452,3.25
130482,3.67
130490,2.9
130498,3
130518,3.88
130520,3.19
130576,3.17
130578,2.98
130634,3.01
130686,3.34
130840,3.2
130842,3.5
130970,4.1
130976,3
130978,4.17
131013,3.01
131023,3.77
131098,2.67
131104,3.83
131130,3.67
131237,3.25
131439,2.6
131480,2.19
131578,2.5
131656,3.53
131714,2.94
131724,4.09
131739,3.33
131749,3.5
131796,3.66
131826,3.11
131920,3.89
131934,1
132046,3.2
132153,3.25
132157,1.85
132335,3.75
132362,4.2
132422,3.1
132424,3.04
132454,2.67
132462,3
132488,2.25
132496,3.46
132584,2.21
132618,2
132660,3.44
132796,2.55
132800,3.11
132888,3.69
133195,2.72
133281,2.97
133365,3.17
133377,2.61
133419,3.01
133545,3.08
133645,3.58
133712,4.21
133716,3.5
133771,3.53
133780,4
133782,2.52
133798,2.27
133802,3.27
133832,2.78
133867,2.96
133879,1
134004,0.5
134019,5
134021,3.72
134041,4.1
134095,4.25
134109,4.17
134130,3.93
134158,2.31
134170,3.65
134184,4.5
134214,3.58
134246,3.18
134248,3
134252,3.62
134326,3.25
134334,3.75
134368,3.43
134393,3.16
134515,3.38
134524,4.5
134528,2.3
134775,2.36
134783,3.06
134796,4.17
134847,2.5
134849,4.23
134853,3.93
134859,3.48
134861,4.06
134881,3.59
135133,3.18
135137,2.43
135143,3.46
135198,3.25
135216,1.6
135288,3.25
135436,3.14
135456,3.67
135518,2.92
135532,2.92
135534,3.02
135536,2.61
135567,2.64
135569,3.32
135777,4
135787,4.17
135803,3.33
135815,3
135861,2.98
135885,3.11
135887,3.08
135937,2.5
136012,2.5
136016,3.13
136018,3.18
136020,3.18
136024,3.5
136297,2.5
136305,2
136341,2.25
136353,3.5
136355,2
136359,2.5
136443,3.83
136445,3.83
136447,3.89
136449,3.95
136469,4.17
136471,3.4
136503,2.5
136511,1.5
136556,3.12
136562,3.62
136564,3.06
136598,2.92
136602,3.22
136654,2.5
136664,1.5
136666,2.33
136786,2.5
136800,2.1
136834,2
136864,2.79
136912,2
136958,1
137337,3.69
137345,3
137517,2
137595,2.72
137857,3.56
137859,3.5
137863,3.73
138036,3.57
138186,0.5
138204,3.22
138208,3.56
138210,3.56
138396,2
138610,2.54
138632,3.5
138702,3.84
138798,1.58
138835,4.62
138966,5
139052,3
139130,3.4
139385,3.72
139415,3.09
139511,3.5
139640,3.5
139642,3.24
139644,3.76
139655,3.25
139717,0.5
139747,3.39
139855,3.42
139857,3.24
139859,3.46
139915,3.25
139994,1
140016,2.5
140110,3.54
140133,3.38
140162,2.82
140174,3.92
140237,2
140247,3.41
140265,4.21
140267,3.42
140289,3.92
140301,3
140359,3.71
140481,3.64
140523,3.02
140525,2.93
140541,2.83
140561,4
140627,3
140711,2.98
140715,3.63
140725,3.1
140737,3.93
140816,3.74
140850,2.88
140852,4
140928,3.15
140956,3.37
141004,2.84
141131,1.71
141400,2.5
141408,3.16
141422,3.61
141513,3.25
141544,3.04
141646,3.75
141668,2.67
141688,3.14
141718,3.38
141749,3.48
141799,2.93
141810,4
141816,5
141818,4.33
141844,4.43
141846,3.35
141866,3.44
141890,3.75
141928,2.86
141994,2
142074,2.45
142115,4.38
142196,3.5
142222,3.45
142366,3.5
142372,2.97
142420,2.66
142422,3.11
142424,3.1
142444,3.25
142448,3.44
142456,3.5
142488,4.04
142507,3.51
142509,3.23
142536,3.26
142550,3.5
142598,2.5
142602,2.83
142831,3.67
142997,3.2
143001,2.5
143031,1.75
143245,3.71
143255,2.67
143257,3.07
143355,3.48
143365,2.54
143367,3.23
143385,3.62
143410,3.1
143458,4
143472,3.17
143511,4.33
143559,2.67
143859,3.19
143896,3.83
143969,3.36
144262,2.95
144352,2.75
144522,3.5
144606,3.42
144620,2.82
144714,2.25
144716,2.77
144734,3.42
144976,3.33
145080,3.08
145150,3.72
145418,3.59
145491,0.5
145724,1
145745,0.5
145839,3.45
145935,3.19
145951,2.5
145994,4
146028,4.04
146210,2.25
146244,2.75
146309,3.95
146656,3.53
146662,4
146682,3.81
146684,2.83
146688,3.12
146730,2.83
146986,2.5
147002,2.25
147250,4.12
147282,2.5
147286,4
147300,4.1
147326,4.12
147328,3.9
147330,4.14
147372,3.75
147374,3.86
147376,3.93
147378,3.85
147380,3.38
147382,3.59
147384,3.81
147410,3.5
147657,3.5
147662,3.5
147936,3.25
148166,3.57
148172,2.46
148238,2.31
148424,3.29
148482,3.38
148626,3.97
148632,3.5
148652,2.13
148667,4.03
148671,3.82
148675,1.67
148709,2.75
148775,2.67
148881,3.99
148888,2.36
148956,2.99
148982,4
149011,3.42
149144,4
149146,4.17
149334,3.56
149350,4.5
149352,3.02
149354,2.72
149380,1.67
149406,3.39
149590,2.5
149830,2.93
150254,2.55
150401,3
150548,3.75
150596,3.89
150604,3.2
150696,4.5
150993,2.7
151311,3.33
151315,2.75
151317,3.11
151455,3.57
151479,5
151501,2.38
151557,3.5
151559,3.83
151653,2.5
151687,3.03
151695,3.34
151739,2.69
151745,2.25
151759,4.1
151763,3.25
151769,3.5
151777,3.17
151781,3.5
152037,3.06
152063,2.61
152065,4.11
152071,3.15
152077,3.55
152079,2.72
152081,3.83
152083,3.36
152085,3.38
152091,2.69
152173,3.5
152270,3.5
152284,3.5
152372,2.71
152591,3.25
152711,5
152970,3.99
153070,1.17
154065,3.33
154358,3.71
155064,2.93
155288,3.64
155509,3.18
155659,3.49
155743,2.66
155774,3.67
155812,2.53
155820,2.98
155892,5
156025,2
156371,3.29
156387,3.93
156553,3.5
156605,3.59
156607,2.93
156609,2.72
156706,2.36
156726,3.19
156781,3.5
156783,3.33
157108,4.5
157110,3
157122,3.74
157130,2.5
157172,3
157200,3.11
157270,2.83
157296,3.53
157312,2.42
157340,2.85
157407,2.6
157432,2.5
157699,3.63
157775,4
157865,2.5
158238,3.49
158254,1.83
158388,3.25
158398,4.5
158402,4
158528,2.86
158783,3.95
158813,2.75
158830,2.97
158842,3.58
158872,2.91
158956,2.75
158966,3.84
158972,3.76
159061,3.77
159069,3
159077,3.22
159093,2.97
159161,3.15
159193,3.23
159403,3
159415,3.34
159441,2.83
159510,4
159690,2.47
159717,3.51
159755,2.99
159811,4.25
159817,4.58
159849,3.74
159858,3.14
159976,3.67
160080,2.94
160271,3.11
160289,4.2
160400,3.25
160422,3.25
160438,3.07
160527,3
160563,2.95
160565,2.76
160567,2.99
160569,2.61
160571,2.89
160573,3.31
160644,3.14
160646,2.5
160684,2.79
160718,4.13
160730,3.5
160848,3.65
160872,2.1
160954,3.01
160978,2.5
160980,3.62
161024,3.07
161032,3
161044,2.5
161127,3.45
161131,3.44
161290,2.25
161354,2.69
161580,2.96
161582,3.84
161594,3.04
161634,3.33
161830,4
161918,2.5
161922,3.54
161966,3.51
162082,3.56
162344,3.5
162350,3.27
162414,3.76
162478,2.62
162578,3.83
162590,2.81
162598,3.47
162600,3.18
162602,2.99
162606,3.5
162828,3.16
162982,4
163056,3.53
163072,3.7
163112,4.67
163134,3.95
163386,5
163527,1
163639,3
163645,3.74
163653,3.5
163809,4.19
163925,2.5
163937,2.29
163981,2.72
163985,3.17
164179,3.91
164200,3.4
164226,1.88
164280,3.67
164367,3.38
164540,3.52
164647,3.75
164655,3.07
164909,3.7
164917,4
165075,4.5
165101,2.86
165103,2.98
165139,2.88
165343,2
165347,2.8
165483,3.3
165489,3.36
165549,3.86
165551,3.96
165639,3.62
165645,1.89
165671,3.7
165843,2.62
165947,3.03
165969,4.09
166015,3.38
166024,4.1
166183,2
166203,2.5
166291,3.83
166461,3.7
166492,2.72
166526,2.86
166528,3.66
166534,3.46
166558,2.95
166568,3.6
166635,3.3
166643,3.9
166705,3.47
166946,3.54
167018,2.72
167036,3.24
167064,3.81
167370,2.59
167380,3.29
167538,3
167570,3.31
167634,2.55
167732,4
167746,3.5
167772,5
167790,2
167854,1
168026,2
168144,4
168174,3.12
168248,3.37
168250,3.86
168252,3.62
168254,3.12
168266,3.48
168326,3.75
168350,2.25
168358,2.5
168366,3.38
168418,3.01
168492,3.84
168608,3.76
168612,3.26
168632,3.56
168712,1.75
168846,3.88
169034,2.75
169180,2
169670,2.52
169904,2.83
169912,3.5
169958,3.5
169982,2.73
169984,3.01
169992,3.04
170289,2
170297,2.5
170355,3.85
170357,3.64
170399,2.81
170401,2.81
170411,3.54
170551,3.5
170697,3.57
170705,4.5
170777,4
170813,2.62
170817,2.55
170827,2.43
170837,0.5
170875,2.99
170897,2.19
170907,3.5
170937,2.67
170939,2.95
170945,3.24
170957,3.2
170993,1.75
171011,4.67
171023,3.7
171251,3
171495,4.53
171631,4.17
171701,2.5
171749,3.5
171751,4.5
171759,3.15
171763,3.67
171765,3.64
171867,2.2
171891,3
172013,2.38
172215,1.75
172321,4.5
172461,3.5
172547,2.82
172577,4.3
172583,4.5
172587,3.5
172591,4.33
172637,4.5
172705,4.5
172875,3.64
172881,3.4
172887,3.17
173145,3.4
173197,3.51
173205,3.05
173209,3.2
173235,3.5
173253,2.75
173255,2.88
173291,3
173307,0.67
173351,4.5
173535,3.83
173619,4
173873,4.5
173925,3.17
173941,3.24
173963,3.75
174045,2.29
174053,4.18
174055,3.7
174141,4
174681,3.11
174727,3.7
174815,2.98
174909,3.41
175197,2.64
175199,2.58
175303,3.26
175387,4
175397,4.5
175475,1.97
175485,2.22
175569,3.61
175577,2
175585,3.33
175661,3.32
175693,4.33
176051,2.5
176101,3.09
176329,3.5
176371,3.83
176389,3
176419,3.35
176423,3.98
176579,1.75
176601,4.35
176751,3.47
176805,3
176935,2.5
177285,4.5
177593,3.92
177615,3.74
177763,3.17
177765,3.98
177939,3.5
178061,3.63
178111,3.5
178323,3.3
178613,4
178615,3.5
178827,3.83
179053,3.22
179119,3.62
179133,3.82
179135,4.6
179211,2.25
179401,3.37
179427,0.5
179491,2.71
179709,2.8
179749,3.15
179813,3.1
179815,3.19
179817,3.77
179819,3.48
179953,2.35
180031,3.61
180045,3.61
180095,3.56
180231,2.58
180263,2.5
180265,3.31
180297,3.45
180497,3.53
180985,3.46
180987,3.02
181065,2.5
181139,2.5
181315,3.53
181413,3
181659,2.88
182293,5
182297,4
182299,5
182639,3.89
182715,3.29
182727,2.25
182749,2.33
182823,3.02
183011,3.09
183197,3.6
183199,4
183227,3.67
183295,2.67
183317,4.5
183611,3.38
183635,2.79
183897,3.86
183911,2.9
183959,3.5
184015,3.04
184253,2.46
184257,4.34
184471,2.82
184641,2.5
184721,3.44
184791,2.6
184931,2.94
184987,2.61
184997,3.62
185029,3.64
185031,3.27
185033,2.85
185135,4.42
185435,2.33
185473,3.09
185585,2.67
186587,2.77
187031,2.95
187541,3.72
187593,3.65
187595,3.26
187717,4.25
188189,3.65
188301,3.52
188675,3.75
188751,2.69
188797,3.25
189043,3.5
189111,0.5
189333,3.65
189381,2
189713,3.58
190183,3.17
190213,3
191005,3
