1,3.75
2,3.11
3,2.69
4,2.24
5,2.69
6,3.7
7,2.93
8,2.4
9,2.2
10,3.27
11,3.34
12,2.74
13,3.42
14,3.5
15,2.33
16,3.88
17,3.54
18,3.18
19,2.67
20,2.43
21,3.37
22,3.12
23,3
24,2.85
25,3.58
26,3.44
27,2.67
28,3.42
29,3.73
30,3.94
31,2.94
32,3.95
34,3.28
36,3.75
38,1.98
39,3.21
40,3.17
41,3.61
42,2.75
43,2.6
44,2.41
45,3.53
46,2.8
47,4.03
48,2.85
49,3.08
50,4.17
52,3.11
53,3.83
54,1.97
55,2.78
57,3.31
58,3.3
60,2.46
61,2.3
62,3.34
63,2.79
64,2.54
65,1.85
66,1.5
68,3.22
69,3.44
70,3.25
71,2.23
72,2.97
73,3.36
74,2.2
75,1.92
76,3.02
77,2.71
78,3.06
79,2.61
80,4
81,3.05
82,4.07
83,3.5
85,3.5
86,3.08
87,1.33
88,2.56
89,2.99
92,2.15
93,2.38
94,3.46
95,2.66
96,3.5
97,3.91
99,3.53
100,3.26
101,3.51
102,1.92
103,2.17
104,3.22
105,3.03
106,4
107,3.26
108,2.89
110,3.82
111,3.96
112,3.17
113,2.12
116,3.83
117,3.25
118,2
119,1.83
121,3.83
122,2.47
123,3.6
125,3.33
126,1.76
128,3.25
129,2.92
132,2.33
135,2.45
137,3.63
140,2.42
141,3.31
144,3.22
145,3.03
146,2.61
147,3.32
148,3.5
149,3.44
150,3.64
151,3.45
152,3
153,2.59
154,3.86
155,3.22
156,2.62
157,2.96
158,2.77
159,3.12
160,2.46
161,3.44
162,3.97
163,3.27
164,3.3
165,3.52
166,3.5
168,2.88
169,1.87
170,3.38
171,2.63
172,2.85
173,2.41
174,1.37
175,3.46
176,3.79
177,3.11
178,2.61
179,1.88
180,3.33
181,1.92
183,3.17
184,2.17
185,2.66
186,2.35
187,2.83
188,3.03
189,2.93
190,3.83
191,2.61
193,1.92
194,3.46
195,2.98
196,2.69
198,3.38
199,3.77
201,3
202,3.04
203,3
204,2.58
205,2.71
206,2.92
207,2.79
208,2.81
209,2.11
210,2
211,3.83
212,1.61
213,3.81
214,4.33
215,3.84
216,2.9
217,1.88
218,2.43
219,3.17
220,2.75
222,3.09
223,3.69
224,3.45
225,2.59
227,2.13
228,1.58
229,3.9
230,3.37
231,3.05
232,3.74
233,3.59
234,2.11
235,3.63
236,3.09
237,2.38
238,3.22
239,2.94
240,2.39
241,3.33
242,3.62
243,2.06
246,3.83
247,3.73
248,1.83
249,3.71
250,3.08
251,2.58
252,2.85
253,3.49
254,3.04
255,1.44
256,2.02
257,3.22
258,1.88
259,2.33
260,3.98
261,3.5
262,3.46
263,4.33
265,3.57
266,3.35
267,2.48
269,2.95
270,2.89
271,2.5
272,3.45
273,2.82
274,2.83
275,2.1
276,2.43
277,2.69
278,2.17
279,2.72
280,3.42
281,3.37
282,3.21
283,2.91
284,2.92
285,0.88
287,2.47
288,3.36
289,2.95
290,3.75
291,1.33
292,3.14
293,4.08
294,3
295,1.58
296,4.14
298,3.59
299,3.69
300,3.66
301,3.14
302,3.94
303,3.05
304,1.92
305,2.65
306,4.15
307,3.96
308,3.94
310,2.17
311,2.18
312,2.89
313,3.38
314,3.77
315,2.54
316,3.34
317,2.77
318,4.34
319,3.52
320,3.67
321,3.44
322,3.58
324,4.04
325,1.78
326,4.28
327,2.74
328,3.15
329,3.12
330,2.04
331,2.92
332,2.47
333,3.13
334,2.78
335,2.5
336,2.83
337,3.81
338,2.62
339,3.1
340,2.79
341,3.39
342,3.38
343,1.94
344,2.96
345,3.56
346,3.53
347,3.25
348,3.73
349,3.62
350,3.26
351,2.98
352,2.46
353,3.49
354,2.79
355,2.21
356,3.94
357,3.43
358,3.36
359,3.17
360,2.39
361,3.02
362,2.84
363,3.67
364,3.83
365,2.88
366,2.72
367,3.07
368,3.17
369,2.89
370,2.96
371,2.77
372,2.9
373,3.68
374,1.84
376,2.75
377,3.2
378,3.11
379,2.59
380,3.25
381,3.21
382,3.08
383,3.05
384,3.22
385,3.17
386,2.58
387,2.22
388,2
389,3.05
390,3.44
391,2.5
393,1.76
405,1.98
406,2.36
407,3.19
408,3.58
409,3.28
410,2.96
412,2.9
413,2.9
414,2.5
415,2.42
416,2.43
417,3.69
418,1.83
419,1.99
420,2.72
421,2.65
422,2.33
423,2.7
424,2.78
425,3.61
426,3.1
427,2.6
428,3.61
429,2.21
430,2.67
431,3.75
432,2.3
433,2.11
434,2.68
435,2.33
436,2.79
437,2.12
438,1.97
440,3.28
441,3.76
442,2.88
444,2.33
445,2.9
446,3.8
448,3.65
449,3.12
450,3.12
451,2.92
452,3
453,3.17
454,3.45
455,2.24
456,4
457,3.77
458,3.29
459,2.67
460,2.17
461,2.28
464,2.85
466,3.06
467,2.7
468,3.11
469,3.29
470,1.42
471,3.55
472,2.44
473,2.15
474,3.45
475,4.12
476,3
477,3.57
478,2.42
479,2.63
480,3.53
481,3.28
482,3.28
484,1.39
485,2.68
486,1.44
487,1.94
488,3.61
489,2.25
490,2.88
491,3.22
492,3.67
493,3.69
494,3.11
495,2.95
496,3.44
497,3.52
499,2.67
500,3.13
501,3.57
502,2.23
504,3.08
505,2.17
506,3.73
507,3.44
508,3.75
509,3.56
510,3.06
511,2.38
512,3
513,3.28
514,3.29
515,3.66
516,3.11
517,2.97
518,2.67
519,2.44
520,3.09
521,3
522,3.38
523,3.56
524,3.32
526,2.59
527,4.09
528,2.5
529,3.8
531,3.5
532,2.66
533,2.69
534,3.55
535,3.38
536,1.61
537,3.15
538,3.55
539,3.06
540,2.62
541,3.94
542,2.61
543,3.22
544,2.74
546,1.86
547,2.73
548,2.58
549,3.83
550,3.27
551,3.7
552,2.99
553,3.72
555,3.71
556,3.69
558,2.22
562,3.45
563,3.25
564,2.28
567,2.63
568,3.08
569,2.67
573,3.09
574,2.87
575,2.47
577,2.43
579,2.56
580,3.12
581,3.79
583,2.61
585,2.5
586,3.04
587,3.07
588,3.68
589,3.97
590,3.55
592,3.48
593,4.02
594,3.49
595,3.46
596,3.34
597,3.15
599,3.98
600,2.67
602,3.75
605,2.89
606,1.88
608,3.92
609,2.57
610,3.11
611,2.35
612,2.38
613,3.63
615,4
616,3.3
617,3.67
618,2.03
619,2.17
626,2.31
627,3.83
628,3.83
631,1.62
632,4.11
633,3.27
634,0.41
635,3.72
636,1.64
637,2.4
638,1.83
639,2.25
640,2.27
645,3.43
647,3.29
648,3.37
649,2.97
650,4
653,3.05
656,1.75
661,3.23
662,2.92
663,3.27
665,3.77
667,1.78
668,4.19
670,4.47
671,3.62
673,2.64
674,2.98
678,3.53
679,3.09
680,3.33
685,3
688,2.07
691,2.7
692,2.39
694,2.86
695,3.04
697,2.33
698,0.99
700,2.89
703,2.16
704,2.4
706,3.27
707,3.13
708,3.14
709,3.22
710,1.94
711,2.36
714,3.86
715,3.33
718,2.98
719,3.05
720,3.9
722,3.82
724,3.17
725,2.67
726,2.58
728,3.35
731,3.11
733,3.39
735,3.26
736,2.89
737,1.84
741,3.94
742,2.48
743,2.77
745,3.79
747,0.83
748,2.93
750,4.04
757,3.5
759,3.83
760,4.19
761,2.46
762,2.28
764,2.92
765,2.92
766,3.35
773,4.01
775,2.67
778,4.01
779,1.5
780,3.19
781,3.43
782,2.63
783,3.05
784,2.6
785,3.12
786,2.74
788,2.16
790,3.8
791,3.35
798,2.4
799,3.45
800,3.85
801,3.03
802,2.93
803,2.73
804,2.57
805,3.47
806,2.61
808,2.33
809,1.92
810,1.08
813,2.28
818,2.57
823,2.74
824,3.24
828,2.33
829,2.96
830,2.66
832,3.15
833,1.92
835,3
836,2.5
837,3.39
838,3.38
839,2.61
840,1.56
841,4.02
842,2.19
848,2.86
849,2.58
851,3.07
852,2.9
858,4.23
861,2.98
866,3.51
867,2.33
869,1.75
870,2.83
875,3.83
876,2.22
879,2.67
880,2.31
881,2.46
882,2.58
885,2.08
886,2.17
888,1.57
889,3.47
891,2.71
892,3.79
893,3.5
896,3.72
897,3.29
898,3.94
899,3.76
900,3.31
901,3.48
902,3.72
903,3.92
904,4.1
905,3.63
906,3.91
907,3.62
908,4.03
909,3.98
910,3.82
911,3.89
912,3.94
913,3.86
914,3.8
915,3.63
916,3.85
917,3.3
918,3.48
919,3.75
920,3.8
921,3.61
922,4.13
923,3.9
924,4.02
926,3.87
927,3.58
928,3.92
929,3.52
930,3.85
931,3.63
932,3.1
933,3.86
934,3.17
935,2.96
936,3.35
937,3.39
938,3.73
940,3.58
941,3.5
942,3.76
943,3.35
944,3.38
945,2.96
946,3.96
947,3.7
948,3.48
949,3.75
950,3.84
951,3.62
952,3.5
953,3.88
954,4.12
955,3.8
956,3.33
959,3.67
961,3.42
963,3.5
965,3.79
968,3.6
969,3.86
970,3.21
971,3.9
973,4.03
976,3.08
981,3.13
982,3.67
984,2.33
986,2.95
987,3.1
988,3.33
990,2.77
991,3.68
993,3.65
994,3.94
996,3.1
998,2.62
999,3.43
1003,2.87
1004,2.19
1005,1.7
1006,2.5
1007,2.86
1008,2.94
1009,3.08
1010,3.32
1011,2.58
1012,3.59
1013,3.48
1014,3.02
1015,3.03
1016,3.23
1017,3.54
1018,2.97
1019,3.43
1020,3.18
1021,2.61
1022,3.36
1023,3.24
1024,3.06
1025,3.64
1027,3.09
1028,3.59
1029,3.28
1030,2.96
1031,3.48
1032,3.64
1033,3.3
1034,2.56
1035,3.77
1036,3.83
1037,2.64
1040,2.41
1041,3.89
1042,3.3
1043,2.29
1046,3.52
1047,3.21
1049,3.19
1050,3.47
1051,3.42
1053,3.17
1054,3.17
1055,1.83
1056,3
1057,3.14
1059,3.21
1060,3.6
1061,3.56
1064,3.14
1066,4
1068,4.11
1073,3.55
1076,3.47
1077,3.72
1078,3.68
1079,3.64
1080,4
1081,3.42
1082,3.64
1083,3.62
1084,3.62
1085,3.67
1086,4.03
1088,2.95
1089,4.06
1090,3.78
1091,2.78
1092,3.19
1093,3.46
1094,3.38
1095,3.68
1096,3.85
1097,3.52
1099,3.4
1100,2.53
1101,3.21
1103,3.72
1104,3.85
1105,1.06
1111,4.04
1112,2.25
1114,3.67
1116,4
1117,3.33
1119,2.18
1120,3.61
1121,1.97
1123,3.83
1124,3.72
1125,3.56
1126,2.65
1127,3.57
1128,3.09
1129,3.3
1130,3.07
1131,3.86
1132,4.13
1135,2.85
1136,4.07
1137,4.07
1144,3.5
1147,3.87
1148,3.77
1150,3.7
1151,3.08
1156,4.31
1161,3.63
1162,3.33
1163,2.9
1167,1.92
1170,1.62
1171,3.51
1172,3.97
1173,3.47
1175,3.77
1176,3.82
1177,3.33
1178,4.06
1179,3.64
1180,3.17
1183,3
1184,3.42
1185,3.8
1186,3.53
1187,3.25
1188,3.61
1189,4.01
1190,3.4
1191,2.44
1192,3.63
1193,4.09
1194,3.42
1196,4
1197,3.89
1198,3.95
1199,3.82
1200,3.89
1201,4.09
1202,3.74
1203,4.23
1204,3.98
1206,3.9
1207,3.99
1208,4.02
1209,3.98
1210,3.9
1211,3.82
1212,3.94
1213,4.07
1214,4.06
1215,3.45
1216,3.81
1217,3.88
1218,3.77
1219,4.01
1220,3.66
1221,4.11
1222,4.05
1223,3.77
1224,3.88
1225,4.04
1226,3.17
1227,4.1
1228,3.89
1230,3.85
1231,3.83
1232,3.81
1233,4.09
1234,4.05
1235,3.82
1236,4.07
1237,4.04
1238,3.44
1240,3.8
1241,3.53
1242,3.9
1243,3.53
1244,3.93
1245,3.95
1246,3.8
1247,3.61
1248,3.83
1249,3.6
1250,4.04
1251,3.91
1252,4.03
1253,3.84
1254,4.1
1255,2.83
1256,3.78
1257,3.43
1258,4
1259,3.89
1260,3.93
1261,3.61
1262,3.99
1263,3.75
1264,3.57
1265,4
1266,3.92
1267,3.96
1268,3.4
1269,3.84
1270,3.87
1271,3.58
1272,3.97
1273,3.75
1274,3.78
1275,3.44
1276,4.04
1277,3.53
1278,3.71
1279,3.75
1280,4.02
1281,3.94
1282,3.65
1283,3.79
1284,3.78
1285,3.66
1286,2.85
1287,3.73
1288,3.77
1289,4.09
1290,3.29
1291,4.03
1292,4
1293,3.84
1295,3.58
1296,3.86
1297,3.58
1298,3.78
1299,4
1300,3.94
1301,3.69
1302,3.47
1303,3.84
1304,3.9
1305,3.86
1306,3.58
1307,3.59
1310,3.72
1312,3.5
1318,1.91
1320,3.2
1321,3.58
1322,1.44
1323,1.97
1324,1.91
1325,1.7
1326,2.25
1327,2.82
1328,2.17
1329,2.67
1330,2.6
1331,2.33
1332,3.21
1333,3.67
1334,3.05
1335,1.23
1336,1.92
1337,3.6
1339,3.53
1340,3.56
1341,3
1342,3.04
1343,3.4
1344,3.72
1345,3.54
1346,3.02
1347,3.28
1348,3.58
1350,3.56
1351,3
1352,2.47
1353,2.6
1354,3.83
1355,2.83
1356,3.68
1357,3.44
1358,3.71
1359,2.4
1361,4.12
1363,2.5
1365,3.58
1366,3.22
1367,2.67
1370,3.37
1371,3.09
1372,3.62
1373,3.04
1374,3.7
1375,3.22
1376,3.48
1377,3.26
1378,3.24
1379,3.11
1380,3.05
1381,1.74
1382,1.77
1385,2.78
1387,3.74
1388,2.57
1389,2.02
1390,3
1391,2.99
1392,3.4
1393,3.23
1394,3.75
1395,3.36
1396,3.73
1397,3.42
1398,2
1399,3
1401,3.19
1405,3.03
1406,3.89
1407,3.09
1408,3.59
1409,2.84
1411,3.65
1412,3.67
1413,3.78
1414,3.17
1415,3.5
1416,2.62
1417,2.92
1419,3.76
1422,2.68
1423,4.58
1425,3.17
1426,2.08
1427,1.44
1428,3.67
1429,3.17
1430,3.37
1431,2.16
1432,2.48
1437,3.56
1438,2.75
1439,1.75
1440,2.33
1441,3.55
1442,2.94
1445,1.88
1446,3.89
1447,2.79
1449,3.69
1453,2.44
1454,2.89
1456,1.29
1457,2.87
1458,2.01
1459,3.17
1460,1.83
1461,2.61
1464,3.77
1465,3.04
1466,3.87
1468,1.97
1473,1.9
1474,2.18
1475,3.07
1476,3.03
1477,3.15
1479,2.86
1480,3.09
1483,2.98
1484,3.43
1485,2.92
1487,2.83
1488,2.89
1489,2.94
1490,2.28
1493,2.83
1495,1.58
1496,2.83
1497,2.08
1498,3.37
1499,1.86
1500,3.64
1502,3.72
1503,2.1
1507,2.83
1513,2.94
1514,3.37
1515,2.42
1516,3.58
1517,3.23
1518,3.1
1519,3.48
1526,2.04
1527,3.74
1529,3.67
1533,3.83
1537,3.73
1541,2.44
1542,3.5
1544,2.8
1545,3.5
1546,3.57
1547,3.11
1549,2.91
1550,2.37
1551,1.92
1552,3.05
1554,3.48
1556,1.82
1562,2.02
1564,3.75
1565,3.58
1566,3.37
1569,2.75
1571,2.67
1572,4.14
1573,3.13
1574,3.44
1580,3.43
1581,2.08
1582,2
1583,2.75
1584,3.66
1585,3.59
1586,2.8
1587,3.27
1588,2.46
1589,3.33
1590,3.15
1591,2.42
1592,1.92
1593,2.44
1594,3.75
1596,3.06
1597,3.13
1598,2.5
1599,1.3
1600,2.29
1601,2.67
1602,1.83
1603,2.64
1604,2
1605,2.48
1606,2.67
1608,3.03
1609,2.86
1610,3.7
1611,3.64
1612,3.83
1613,3.25
1614,3.28
1615,3.31
1616,2.82
1617,4.06
1619,3.43
1620,3.34
1621,3.25
1623,2.53
1624,2.72
1625,3.85
1626,2.08
1627,2.85
1629,2.88
1631,3.4
1633,3.22
1635,3.68
1639,3.37
1641,3.43
1642,2.67
1643,3.5
1644,2.38
1645,3.5
1646,2.17
1647,2.78
1648,3
1649,3.54
1650,3.67
1652,2.83
1653,3.83
1654,3.06
1655,2.79
1656,3.25
1658,2.86
1659,3.58
1660,3.77
1661,2.58
1662,2.92
1663,3.39
1665,2.7
1667,2.5
1670,3.62
1671,3.25
1672,3.4
1673,3.67
1674,3.62
1675,3
1676,3.4
1677,2.94
1678,3.36
1679,2.03
1680,3.31
1681,1.6
1682,3.9
1683,3.57
1684,3.25
1685,2.76
1686,2.88
1687,2.91
1688,3.26
1689,3.53
1690,2.91
1693,3.89
1694,3.91
1695,3.92
1696,3.89
1699,3.47
1701,3.51
1702,2.36
1703,2.5
1704,3.97
1707,1.65
1711,3.15
1713,2.86
1717,2.62
1719,3.9
1721,3.28
1722,3.06
1726,2.67
1727,2.83
1729,3.75
1730,3.56
1731,1.36
1732,3.9
1733,3.67
1734,3.55
1735,2.82
1739,1.79
1746,2.62
1747,3.64
1748,3.8
1752,2.68
1753,3.02
1754,3.46
1755,3.77
1757,3.77
1759,3.83
1760,2.08
1762,2.96
1767,2.33
1769,3.01
1770,3.33
1771,2.28
1772,2.49
1777,3.01
1779,2.86
1783,1.83
1784,3.64
1785,3.22
1791,2.6
1792,3.23
1793,1.84
1794,3.27
1797,3.75
1798,2
1799,3.07
1801,3.12
1804,3.06
1805,2.76
1806,2.08
1807,2.42
1809,3.83
1810,3.37
1812,2.5
1816,2.42
1821,2.52
1824,2.78
1825,2.89
1826,0.83
1827,3
1829,3.37
1831,2.61
1833,3.08
1834,3.6
1835,2.87
1836,3.62
1837,1.33
1839,1.89
1840,3
1841,2.04
1844,3.59
1845,3.39
1848,2.9
1855,1.81
1856,3.08
1857,2.44
1858,3.21
1859,3.65
1860,4.22
1862,1.85
1863,2.4
1866,3.19
1867,1.98
1870,3.44
1873,3.46
1875,3.05
1876,2.71
1881,3
1882,2.19
1883,3.33
1884,3.87
1885,3.34
1887,3.08
1888,2.75
1889,3.61
1891,3.33
1892,3.1
1893,3.75
1894,2.6
1895,3.04
1897,3.44
1900,3.82
1902,2.67
1904,3.44
1906,3.08
1907,3.67
1909,3.36
1910,3.46
1911,2.46
1912,3.63
1913,3.61
1914,3.24
1916,3.38
1917,2.86
1918,2.88
1919,2.79
1920,2.73
1921,3.76
1922,3.42
1923,3.34
1924,1.96
1926,3.08
1927,4.07
1928,3.33
1929,3.2
1931,3.65
1932,3.44
1933,3.56
1934,3.61
1936,3.69
1937,3.58
1938,3.74
1939,3.81
1940,3.28
1941,4.04
1942,3.33
1944,3.61
1945,4
1946,3.5
1947,3.6
1948,3.24
1949,4.06
1950,3.93
1951,3.85
1952,3.84
1953,3.78
1954,3.6
1955,3.77
1956,3.88
1957,3.64
1958,3.37
1959,3.33
1960,3.79
1961,3.74
1962,3.54
1963,3.73
1964,3.68
1965,3.13
1966,3.63
1967,3.77
1968,3.66
1969,2.24
1970,2.96
1971,2.44
1972,1.88
1973,2.13
1974,2.83
1975,2.42
1976,2.43
1977,2.17
1978,1.71
1979,2.31
1980,2.6
1981,2.27
1982,3.64
1983,2.71
1984,2.5
1985,2.81
1986,2.22
1987,2.9
1990,1.15
1991,2.73
1992,2.38
1993,2.67
1994,3.45
1995,2.5
1996,2.02
1997,3.62
1998,2.33
1999,3.25
2000,3.62
2001,3.29
2002,3.09
2003,3.38
2004,2.93
2005,3.62
2006,3.22
2007,2.06
2008,3.06
2009,3.39
2010,3.99
2011,3.55
2012,3.46
2013,3.16
2014,3.14
2015,3.44
2016,2.17
2017,2.83
2018,3.38
2019,4.2
2020,3.84
2021,3.12
2022,3.6
2023,3.39
2024,3.53
2025,3.44
2026,2.62
2027,2.19
2028,3.89
2032,3.2
2033,2.95
2034,3
2035,2.33
2036,1.92
2037,3.44
2038,2.97
2040,2.75
2041,2.78
2042,2.51
2043,3.2
2044,2.35
2046,3.37
2048,3.54
2050,2.72
2051,2.33
2052,2.93
2053,1.95
2054,2.83
2055,2.33
2056,2.75
2057,3.1
2058,3.52
2059,3.12
2060,3.12
2064,3.45
2065,3.62
2066,4.08
2067,3.85
2068,3.97
2069,3.62
2070,3.88
2071,3.12
2072,3.04
2073,2.25
2074,3.94
2075,3.78
2076,3.66
2077,3.69
2078,3.6
2080,3.25
2081,3.49
2082,2.9
2083,3.47
2084,2.76
2085,3.48
2087,3.36
2088,2.38
2089,3.47
2090,3.32
2091,2.71
2092,2.29
2093,2.85
2094,2.98
2095,1.67
2096,3.43
2097,3.35
2098,2.5
2099,3.33
2100,3.02
2102,3.44
2103,2.61
2104,3.08
2105,3.26
2106,3.56
2107,2.17
2108,3.4
2109,3.5
2110,3.28
2111,2.77
2112,3.04
2114,3.3
2115,3.68
2116,3.16
2117,3.54
2118,3.32
2119,2.69
2120,3.17
2121,2.36
2122,2.53
2123,3.07
2124,3.25
2125,3.35
2126,2.53
2130,3.79
2131,3.85
2132,3.77
2133,3.1
2134,2.98
2135,2.94
2136,3.11
2137,3.54
2138,3.66
2139,3.77
2140,3.57
2141,3.59
2142,3.32
2143,3.14
2144,3.72
2145,3.45
2146,3.04
2147,2.5
2148,3.48
2149,2.58
2150,3.53
2151,2.73
2152,1.44
2153,2.38
2154,2.4
2155,3.05
2159,3.2
2160,3.75
2161,3.44
2162,2.31
2163,2.32
2164,2
2165,3.19
2166,3.03
2167,3.14
2169,3.07
2170,2.83
2171,3.22
2172,2.5
2174,3.46
2176,3.9
2177,3.74
2178,3.67
2179,3.03
2180,3.36
2181,3.24
2182,3.71
2183,3.67
2184,3.5
2185,3.6
2186,3.84
2187,3.67
2188,2.85
2190,3.09
2193,3.51
2194,3.88
2195,2.92
2196,1.06
2201,3.39
2202,3.86
2203,3.83
2204,3.65
2205,3.28
2206,3.29
2207,2.33
2208,3.89
2210,3.38
2211,3.12
2212,3.2
2226,2.09
2227,3.54
2231,3.67
2232,3.37
2236,3.4
2239,3.54
2240,3.5
2241,2.63
2243,3.82
2244,1.81
2245,3.25
2247,2.94
2248,3.58
2249,3.02
2252,3.4
2253,2.82
2255,2.78
2256,2.71
2257,2.79
2259,2.6
2260,1.5
2261,3.4
2262,2.93
2263,3.29
2264,3.33
2265,2.07
2266,2.33
2267,2.72
2268,3.65
2269,2.79
2271,2.9
2272,3.43
2273,3.2
2275,3.04
2278,3.61
2279,2.28
2280,2.58
2281,1.91
2282,2.8
2283,3.17
2286,1.83
2287,3.43
2288,3.87
2289,3.73
2290,3.56
2291,3.72
2292,3.08
2294,3.07
2295,2.63
2296,2.61
2297,3.27
2298,1.72
2300,3.8
2301,3.59
2302,3.51
2303,3.21
2304,3.58
2306,2.5
2307,2.33
2310,3.57
2311,3.38
2312,3.48
2313,3.96
2314,3.27
2315,2.17
2316,2.97
2318,3.87
2320,2.96
2321,3.52
2322,2.92
2323,3.5
2324,4
2325,3.05
2327,2.62
2328,2.68
2329,4.07
2330,3.67
2331,3.14
2332,2.72
2333,3.52
2334,3.13
2335,2.65
2336,3.65
2337,3.18
2338,1.98
2339,2.67
2340,3.19
2342,3.5
2344,3.56
2346,3.48
2347,3.67
2348,2.99
2349,3.62
2350,3.25
2351,4.22
2352,3.53
2353,3.44
2354,1.65
2355,3.44
2356,3.23
2357,3.92
2358,3.6
2359,3.68
2360,3.86
2361,2.76
2362,2.94
2363,3.14
2364,3.17
2365,3.17
2366,3.53
2367,2.77
2368,2
2369,2.67
2370,3.33
2371,3.48
2372,2.98
2373,2.57
2374,2.78
2375,3.22
2376,3.15
2377,3.07
2378,3.06
2379,2.35
2380,2.37
2381,2.01
2382,1.82
2383,1.56
2384,2.65
2385,1.73
2387,2.67
2388,3.42
2389,2.76
2390,3.47
2391,3.69
2392,1.73
2393,3.41
2394,3.3
2395,3.85
2396,3.35
2398,3.7
2399,2.14
2400,1.83
2401,3.43
2402,2.96
2403,3.61
2404,2.5
2405,3.01
2406,3.38
2407,3.23
2408,2.74
2409,3.08
2410,3.12
2411,2.94
2412,2.45
2413,3.78
2414,3.17
2415,3.01
2416,2.97
2417,3.39
2418,2.61
2419,2.5
2420,3.15
2421,2.79
2422,1.95
2423,3.3
2424,2.99
2425,3.33
2427,3.54
2428,2.74
2429,2.7
2430,2.89
2431,3.14
2432,3.26
2433,3.38
2435,2
2436,3.3
2439,3.98
2442,3.52
2443,3
2445,1.7
2446,2.39
2447,2.89
2448,2.5
2450,2.42
2451,2.81
2453,2.93
2454,3.26
2455,3.39
2456,2.13
2457,3.22
2458,2.17
2459,3.43
2460,2.5
2462,2.5
2463,3.23
2465,2.5
2467,3.88
2468,2.54
2469,3.1
2470,3.07
2471,2.47
2472,3
2473,2.14
2474,3.26
2475,2.75
2476,2.92
2477,1.67
2478,3.22
2481,3.5
2482,3.17
2483,3.69
2485,2.89
2488,3.42
2490,3.42
2491,1.89
2492,3.67
2493,3.08
2494,3.33
2495,3.7
2496,3.09
2497,2.33
2498,2.5
2500,2.76
2501,3.79
2502,3.92
2503,3.75
2504,2.88
2505,2.96
2506,2.71
2511,3.71
2512,3.89
2513,2.76
2514,2.19
2515,1.89
2516,1.44
2517,2.93
2518,3.33
2520,3.05
2521,2.61
2522,2.39
2523,3.06
2524,3.1
2525,2.28
2526,2.25
2527,3.39
2528,3.38
2529,3.67
2530,2.84
2531,3.17
2532,2.62
2533,3.23
2534,2.33
2535,2.92
2537,2.17
2539,2.97
2540,2
2541,3.1
2542,3.93
2544,2.75
2546,2.12
2548,3
2549,2.33
2550,3.59
2551,3.26
2552,2
2553,3.63
2554,3.72
2555,1.63
2557,3.07
2558,2.56
2559,2.89
2560,3.26
2561,3.02
2563,3.1
2565,3.69
2566,2.58
2567,2.94
2568,1.81
2570,2.29
2571,4.16
2572,3.42
2573,3.08
2574,2.17
2575,3.79
2577,3.25
2579,3.82
2580,3.62
2581,2.98
2582,3.17
2583,3
2585,3.92
2586,1.8
2587,2.74
2589,2
2590,3.17
2593,3.96
2594,3.85
2596,3.51
2597,2.17
2598,2.93
2599,3.42
2600,3.45
2605,3.11
2606,2.67
2607,3.69
2609,3.75
2611,3.38
2612,4.02
2613,3.17
2614,2.67
2615,2.11
2616,2.68
2617,3.11
2618,3.85
2620,2
2622,3.1
2623,3.11
2624,3.93
2625,2.47
2628,2.91
2629,2.5
2630,4
2632,3.22
2633,3.4
2634,3.04
2639,3.25
2640,3.22
2641,3.18
2642,2.37
2643,1.92
2644,3.35
2648,3.72
2651,2.5
2652,2.89
2654,3.43
2655,1.33
2656,2.83
2657,3.43
2659,3.75
2660,3.38
2661,2.72
2662,3.32
2664,3.53
2665,3
2668,2.6
2669,3.22
2670,3.4
2671,3.26
2672,3.4
2674,2.75
2676,2.64
2677,3.68
2681,3.61
2682,3.63
2683,3.02
2686,3.77
2687,3.08
2688,2.93
2690,3.65
2691,3.83
2692,3.79
2693,3.56
2694,2.8
2695,2.94
2696,3.57
2697,3.67
2698,2.35
2699,2.86
2700,3.68
2701,2.19
2702,3.04
2706,2.99
2707,3.41
2708,3.75
2709,3.26
2710,3
2712,3.64
2713,2.54
2716,3.66
2717,3
2718,3.31
2719,2.88
2720,1.84
2722,2.6
2723,3.07
2724,2.42
2725,3.21
2726,3.84
2727,3.2
2728,3.82
2729,3.75
2730,3.59
2731,3.93
2732,3.51
2733,3.08
2734,3.43
2735,2.81
2736,3.53
2737,2.18
2738,2.58
2739,3.56
2740,2.38
2741,2.56
2742,3.39
2743,3.11
2744,4.37
2745,3.55
2746,3.43
2747,3.07
2748,2.17
2749,3.25
2750,3.69
2751,2.5
2752,2.43
2754,1.87
2757,3.12
2759,2.95
2761,3.9
2762,3.8
2763,3.45
2764,3.41
2765,3.67
2766,2.67
2769,3.33
2770,2.8
2771,2.78
2772,3.17
2774,2.67
2775,3.42
2779,3.32
2782,3.07
2784,3.67
2786,2.83
2787,3
2788,3.75
2789,2.85
2790,3.04
2791,3.7
2792,3.2
2793,2.58
2794,2.95
2795,3.56
2796,2.83
2797,3.41
2798,2
2799,1.38
2800,3.17
2801,2.79
2802,2.88
2803,3.1
2804,3.73
2805,2.5
2806,2.21
2807,1.85
2808,2.48
2810,3.93
2812,2.5
2813,3.09
2815,2.4
2816,2.21
2817,1.5
2818,1.22
2819,3.92
2820,3.98
2822,2.97
2824,3.65
2826,3.27
2827,2.53
2828,1.63
2829,2.36
2835,1.75
2836,3.07
2837,3.5
2839,3.7
2840,2.92
2841,3.43
2843,3.96
2844,3
2846,2.74
2847,3.83
2848,3.67
2851,2.11
2852,3.45
2856,2.78
2857,3.58
2858,3.99
2859,4.07
2860,2.71
2861,2.92
2862,2.43
2863,3.62
2865,2.26
2866,3.38
2867,3.33
2868,1.92
2870,3.33
2871,3.73
2872,3.53
2874,2.83
2875,2.38
2876,2.21
2877,3.26
2878,2.94
2879,3.67
2880,3.25
2881,3.1
2882,3.42
2883,3.38
2884,1.58
2885,2.17
2886,2.67
2887,1.83
2888,3
2889,3.2
2890,3.42
2891,3.26
2892,2
2893,2.93
2894,2.71
2896,2.96
2897,3.88
2898,3.1
2899,3.33
2900,3.3
2901,3.19
2902,2.83
2903,1.67
2905,3.95
2906,2.24
2907,2.58
2908,3.65
2912,3.46
2915,3.25
2916,3.63
2917,3.74
2918,3.88
2919,3.76
2921,3.64
2922,3.58
2924,3.72
2925,3.91
2926,3.62
2927,4.1
2928,2.83
2929,2.94
2930,4.25
2931,4.03
2932,3.76
2935,4.02
2936,3.82
2937,3.67
2939,3.11
2940,3.81
2941,3.67
2942,3.28
2943,3.5
2944,3.79
2946,3.88
2947,3.65
2948,3.57
2949,3.53
2950,2.71
2951,3.73
2952,3.49
2953,2.41
2956,2.75
2959,4.24
2961,2.78
2962,2.96
2964,3.06
2965,1.22
2966,3.78
2967,3.48
2968,3.63
2969,4.22
2970,3.71
2971,3.93
2972,3.67
2973,3.83
2974,1.53
2975,2.83
2976,3.36
2977,3
2978,3
2979,2.5
2982,2.02
2983,3.52
2984,3.95
2985,3.39
2986,2.71
2987,3.47
2988,3.58
2989,3.17
2990,3.04
2991,3.3
2992,2.83
2993,3.51
2995,2.83
2996,3.62
2997,3.83
3000,3.97
3002,3.6
3003,3.93
3004,2.67
3005,3.16
3006,3.88
3007,3.6
3008,3.74
3010,4.08
3011,3.79
3013,2.89
3014,3.37
3015,3.19
3016,3.13
3017,3.57
3018,3.37
3019,3.83
3020,3.74
3021,2.61
3022,4.08
3024,1.73
3028,3
3029,3.04
3030,4.1
3031,1.93
3032,3.08
3033,3.3
3034,3.64
3035,3.56
3036,3.62
3037,3.8
3038,4.33
3039,3.76
3040,3.44
3041,2.17
3042,1.5
3043,1.08
3044,3.43
3045,3.31
3046,2.5
3048,2.83
3051,3.19
3052,3.42
3053,3.39
3054,2.61
3055,2.63
3056,2.67
3057,3.32
3060,3.83
3061,3.69
3062,3.89
3063,2.58
3064,2.39
3066,3.6
3067,3.55
3068,3.6
3070,3.18
3071,3.94
3072,3.65
3073,3.48
3074,3.55
3075,3.77
3076,3.75
3077,4.3
3078,3.5
3079,3.64
3081,3.44
3082,3.18
3083,3.8
3086,3.44
3087,3.37
3088,3.67
3089,4
3090,4.05
3091,3.9
3093,3.47
3094,3.56
3095,3.81
3096,3.61
3097,3.51
3098,3.52
3099,3
3100,3.55
3101,3.36
3102,3.29
3103,2.75
3104,3.51
3105,3.71
3106,3.36
3107,3.1
3108,3.68
3109,2.83
3111,3.97
3112,3.12
3113,2.64
3114,3.7
3115,2.89
3117,3.17
3120,2.36
3125,3.35
3127,2.61
3129,3.38
3130,2.62
3132,2.95
3134,4.06
3135,3.87
3138,1.89
3141,3.2
3142,3.5
3143,3.61
3145,3.61
3146,2.21
3147,3.94
3148,3.47
3150,3.37
3152,4.07
3153,3.36
3155,3.05
3156,2.97
3157,2.86
3158,3.29
3159,3.25
3160,3.84
3161,3.17
3162,1.75
3163,3.98
3165,2.25
3167,3.53
3168,3.69
3169,3.62
3171,3.38
3173,2.81
3174,3.51
3175,3.59
3176,3.5
3177,2.63
3178,3.47
3179,3.48
3181,3.62
3182,4.24
3183,2.94
3185,3.69
3186,3.53
3189,3.02
3190,2.45
3192,3.17
3194,3.36
3196,3.74
3197,3
3198,3.86
3200,3.7
3201,3.32
3203,3.4
3204,3.12
3206,2.92
3208,2.97
3210,3.65
3211,3.5
3213,3.57
3214,3.21
3217,3.22
3219,3.18
3221,3.96
3223,3.27
3224,4.58
3225,2.06
3230,3.29
3235,3.17
3238,2.47
3240,2.17
3241,3.39
3243,2.59
3244,3.15
3246,3.67
3247,3.05
3248,2.25
3249,2.97
3250,3.09
3251,3.29
3252,3.72
3253,3.46
3254,2.97
3255,3.41
3256,3.44
3257,2.71
3258,3.14
3259,2.88
3260,3.58
3261,3.23
3262,3.75
3263,3.18
3264,3.12
3265,3.54
3266,3.83
3267,3.57
3268,1.87
3269,2.66
3270,2.73
3271,3.76
3272,3.03
3273,2.17
3274,2.76
3275,3.6
3276,2.78
3280,3.04
3281,3.17
3283,3.33
3284,3.83
3285,3.05
3286,2.69
3287,2.85
3289,3.89
3294,2.17
3295,3.67
3296,3.29
3298,3.52
3299,2.42
3300,3.41
3301,3.26
3302,2.83
3303,3.03
3306,4.04
3307,3.89
3308,2.67
3310,3.84
3313,2.58
3315,2.27
3316,2.88
3317,3.67
3323,3.25
3324,2.69
3325,1.83
3326,2.43
3327,3.5
3328,3.8
3329,3.33
3330,3.69
3331,2.57
3334,3.73
3338,4.1
3341,3.73
3342,3.81
3344,3.08
3345,2.97
3347,3.88
3350,3.88
3354,2.6
3355,3.22
3357,3
3358,3.62
3359,3.93
3360,3.75
3361,3.57
3362,3.97
3363,3.72
3364,3.85
3365,3.64
3368,4.29
3370,3.5
3372,3.17
3374,3.33
3378,3.66
3379,3.47
3384,3.72
3385,2.38
3386,3.53
3387,2.33
3388,2.63
3389,2.21
3390,1.25
3391,2.58
3392,2.28
3393,1.83
3394,2.44
3395,2
3396,3.99
3397,3.82
3398,3.2
3400,1.78
3401,2.22
3402,3.33
3403,1.83
3404,3.3
3405,3.53
3406,3.83
3408,3.34
3409,3.07
3410,3.35
3412,4.07
3414,2
3415,4.29
3417,4
3418,3.5
3420,3.77
3421,3.52
3422,3.29
3423,2.56
3424,3.77
3425,2.96
3426,3.52
3428,3
3429,3.74
3430,2.83
3431,2.47
3432,2.71
3433,1.94
3434,1.92
3435,3.93
3436,3.17
3438,2.95
3439,2.53
3440,2
3441,2.81
3442,2.38
3444,3.19
3445,3.17
3446,2.67
3447,2.83
3448,3.49
3449,3.42
3450,3.04
3451,3.72
3452,2.99
3453,2.21
3454,2.83
3456,3.71
3459,2.83
3461,3.21
3462,3.9
3466,3.08
3467,4.02
3468,3.94
3469,4.03
3470,3.97
3471,3.57
3473,3.12
3474,3.33
3475,3.78
3476,3.75
3477,3.2
3478,3.14
3479,3.18
3480,3.14
3481,3.61
3483,3.11
3484,2.55
3489,3.03
3492,3.74
3494,3.81
3496,3.32
3497,3.33
3498,3.87
3499,3.69
3500,2.43
3501,3.5
3502,3.17
3503,3.82
3504,4.04
3505,3.28
3506,3.06
3507,3.58
3508,3.97
3510,3.46
3511,2.06
3512,3.5
3513,2.73
3514,3.67
3515,2.75
3516,2.87
3519,3.05
3521,3.79
3524,3.07
3525,2.94
3526,3.4
3527,3.58
3528,2.9
3529,3.3
3531,3.25
3534,2.91
3535,3.75
3536,3.06
3537,1.67
3538,3.21
3539,4.04
3543,3.68
3544,2.83
3545,3.71
3546,3.76
3548,4.02
3549,3.68
3550,3.38
3551,3.62
3552,3.39
3553,2.86
3554,3.29
3555,3.4
3556,3.62
3557,3.1
3559,4.1
3563,2.7
3564,1.6
3565,2.47
3566,3.28
3567,3.52
3568,2.88
3569,3.44
3571,3.11
3572,0.67
3573,1.36
3574,0.83
3576,3.63
3577,2.92
3578,3.84
3580,2.44
3581,3.47
3584,2.78
3586,3.74
3587,2.83
3590,2.83
3591,3.26
3592,3.42
3593,1.47
3594,3.19
3596,2.12
3597,1.25
3598,3.06
3599,3.17
3604,3.61
3606,3
3608,3.05
3609,3.5
3614,2.7
3615,2.64
3616,2.13
3617,2.92
3618,3.36
3619,2.83
3622,3.47
3623,2.67
3624,3.11
3625,2.87
3626,2.83
3627,3.69
3628,3.17
3629,3.74
3632,3.58
3633,3.31
3634,3.9
3635,3.47
3637,3.71
3638,3.08
3639,3.4
3640,3.75
3641,3.5
3643,3.33
3646,2.22
3648,2.83
3649,3.12
3652,2.56
3653,3.57
3654,3.63
3655,3.67
3658,3.46
3660,2.88
3661,1.94
3662,2.71
3663,1.82
3664,1.76
3667,1.96
3668,3.4
3669,3.08
3671,3.76
3672,3.17
3673,2.25
3674,3.17
3675,3.24
3676,3.61
3677,4.13
3678,3.33
3679,3.94
3680,3.42
3681,3.87
3682,3.57
3683,3.69
3684,3.4
3685,3.22
3686,3.26
3687,3.42
3688,2.5
3689,2.3
3690,2.03
3691,2.06
3692,2.11
3693,2.67
3694,2.94
3695,2.67
3696,3.14
3697,3.06
3698,3.28
3699,3.47
3700,3.6
3701,3.19
3702,3.26
3703,3.63
3704,3.04
3705,2.88
3706,3.48
3707,3.36
3708,2.7
3709,2.63
3710,1.5
3711,4.03
3712,3.43
3713,3.56
3714,3.5
3715,1.08
3716,2.42
3717,2.79
3719,3.11
3720,3.13
3723,3.36
3724,3.89
3725,3.83
3726,3.49
3727,3.13
3728,3.37
3729,3.13
3730,3.71
3731,3.22
3732,3.03
3733,3.65
3735,3.87
3736,3.82
3737,3.39
3738,3.04
3739,3.89
3740,3.48
3741,3.79
3742,3.64
3743,2.75
3744,2.88
3745,3.04
3746,3.3
3747,2.94
3751,3.42
3752,2.78
3753,3.21
3754,1.93
3755,2.84
3756,2.56
3758,2.11
3760,3.24
3761,4.07
3763,3.29
3764,2.47
3765,3.17
3766,2.03
3767,1.54
3768,1.5
3769,3.29
3770,3.35
3771,3.62
3773,2.75
3774,1.44
3783,3.52
3784,2.95
3785,2.37
3786,3.53
3787,3.96
3788,3.76
3789,3.67
3790,2.39
3791,3.01
3792,3
3793,3.46
3794,2.98
3795,3.33
3797,1.75
3798,2.99
3799,1.81
3801,3.89
3802,2.55
3806,3.08
3807,3.17
3808,4.44
3809,3.33
3810,3.17
3811,4.19
3812,3.23
3813,3.6
3814,3.78
3816,4
3819,4.12
3821,1.64
3822,3.64
3823,3.67
3824,2.4
3825,2.29
3826,2.38
3827,3.04
3830,2.61
3831,3.32
3832,3.42
3833,2.88
3834,2.94
3835,2.48
3836,3.65
3837,2.58
3838,2.84
3839,2.46
3840,2.46
3841,3.03
3843,3.14
3844,3.35
3845,3.17
3846,3
3847,2.5
3849,3.71
3851,2.79
3852,3.38
3855,3.21
3857,2.4
3858,3.08
3859,3.46
3861,2.92
3862,3.5
3863,3.03
3864,2.48
3865,3.33
3868,3.5
3869,3.29
3870,3.42
3871,3.44
3872,3.67
3873,3.06
3877,2.17
3879,3.22
3882,2.81
3884,2.32
3888,3.5
3889,2.5
3893,3.16
3894,3.5
3895,2.43
3896,3.19
3897,3.76
3898,2.17
3899,1.9
3900,2.58
3901,2.88
3906,3.06
3908,2.33
3909,2.17
3910,3.85
3911,3.6
3912,2
3914,3.06
3915,3.22
3916,3.7
3917,3.21
3918,3.21
3919,2.45
3920,4.22
3922,1.66
3925,3.42
3926,3.29
3927,3.46
3928,3.17
3929,3.17
3930,3.39
3932,3.64
3933,1.42
3937,2.79
3938,2.83
3939,1.56
3940,1.14
3941,1.67
3942,2.17
3943,2.75
3945,2.39
3946,1.88
3947,3.06
3948,3.05
3949,3.98
3950,3.45
3951,3.5
3952,3.6
3953,2.05
3955,1.85
3957,2
3958,3.09
3959,3.39
3962,1.67
3963,2.17
3964,3.57
3965,3.75
3966,3
3967,3.74
3968,2.75
3969,3.24
3971,2.67
3972,3.51
3973,1.97
3974,2
3977,2.59
3978,2.8
3979,2.3
3980,3.36
3981,2.73
3983,3.76
3984,3.35
3985,3.93
3986,2.96
3987,3.11
3988,2.56
3989,3.79
3990,1.97
3991,2.07
3992,3.67
3993,3.32
3994,3.47
3996,3.72
3997,2.04
3998,2.86
3999,2.5
4000,3.69
4002,3.56
4003,2
4005,3.16
4006,2.83
4007,3.82
4008,3.22
4009,3.77
4010,3.18
4011,4.01
4012,2.7
4014,3.54
4015,2.52
4016,3.46
4017,3.38
4018,3.04
4019,3.49
4020,3.48
4021,3.17
4022,3.58
4023,3.12
4024,2.9
4025,2.79
4027,3.84
4029,3.51
4030,2.18
4031,2.81
4032,1.67
4033,3.72
4034,3.69
4035,2.72
4036,3.42
4037,3.91
4039,3.07
4040,2.83
4041,3.18
4042,3.17
4043,3.46
4046,3.28
4047,3.86
4051,0.37
4052,3.22
4053,2.5
4054,2.99
4055,3.47
4056,3.25
4061,2.69
4062,3.19
4063,2.31
4064,3.33
4065,3.56
4066,3.3
4067,2.39
4068,2.62
4069,2.21
4074,3.67
4077,3.75
4078,2.67
4079,3.1
4080,2.58
4081,2.25
4082,3.72
4083,2.5
4084,3.05
4085,3.42
4086,3.08
4089,2.08
4090,3.14
4091,3.07
4092,3.53
4093,3.17
4102,3.54
4103,3.71
4104,2.23
4105,3.55
4109,2.62
4110,3.17
4111,3.25
4113,3.5
4115,2.83
4116,2.9
4117,3.6
4121,3.35
4123,2.46
4124,1.96
4125,0.58
4126,3.14
4127,2.29
4128,3.37
4129,3.25
4130,2.67
4131,3.08
4132,2.9
4133,2.35
4135,2.78
4138,2.27
4139,2.76
4141,2.17
4142,1.72
4143,2.05
4144,3.98
4146,2.83
4147,3.33
4148,3.15
4149,2.32
4152,3.5
4153,2.28
4154,2.53
4155,2.44
4156,1.38
4157,2.8
4158,2.17
4159,2.65
4160,3.56
4161,2.93
4164,1.94
4166,3.31
4167,2.7
4168,3.56
4171,4.44
4174,3.6
4175,3.61
4178,4
4180,2.1
4181,2.56
4184,3.6
4187,3.58
4189,3
4190,3.58
4191,3.44
4193,3.61
4194,3.1
4195,3.25
4197,3.25
4198,2.92
4200,2.48
4202,2.7
4203,2.83
4204,2.33
4205,2.82
4207,2.83
4210,3.43
4211,3.79
4212,3.43
4214,3.17
4215,2.31
4217,3.79
4218,3.98
4219,2.42
4220,3.41
4221,3.07
4223,3.72
4224,2.05
4225,3.48
4226,4.06
4228,2.89
4229,2.57
4231,2.88
4232,2.33
4233,2.6
4234,3.23
4235,3.97
4236,3.21
4237,3.67
4238,3.15
4239,3.7
4240,3.44
4241,2.57
4242,1.92
4243,4.15
4246,3.13
4247,2.02
4248,2.53
4251,3.52
4252,2.75
4254,2.17
4255,1.74
4256,3.44
4259,3.96
4260,3.63
4262,3.8
4263,3.53
4265,2.35
4267,2.69
4268,1.58
4270,2.85
4273,3.61
4275,2.62
4276,3.23
4278,3.67
4280,3.29
4282,2.92
4284,2.19
4285,3.31
4289,3.25
4290,3.5
4291,3.24
4292,3.85
4293,2.92
4294,3.62
4296,2.89
4297,3.83
4298,4.1
4299,3
4300,3.39
4304,3.94
4305,2
4306,3.62
4307,3.73
4308,3.18
4310,2.58
4312,3.83
4313,2.46
4316,2.25
4317,2.45
4321,3.22
4322,3.71
4323,3.5
4325,4.17
4326,4.07
4327,3.72
4329,3.89
4333,2.88
4334,3.91
4337,3.8
4338,3.52
4339,3.47
4340,2.21
4342,2.94
4343,3.03
4344,2.95
4345,3.14
4347,3.28
4349,3.74
4350,3.29
4351,3.35
4353,2.78
4354,2.71
4355,3.04
4356,3.56
4357,3.26
4359,3.63
4361,3.6
4366,3.24
4367,2.65
4368,2.01
4369,2.86
4370,3.33
4371,1.83
4372,3.25
4373,2.86
4374,2.8
4378,3.58
4380,3.97
4381,3.54
4383,3.74
4384,4
4386,2.49
4387,3.22
4388,1.97
4389,3.17
4390,2.53
4392,3.24
4393,3.97
4394,2.07
4395,3.83
4396,3.05
4397,2.14
4399,3.67
4402,2.71
4403,3.37
4404,3.97
4406,4.06
4407,3.05
4408,4
4409,2.92
4410,3.42
4412,2.17
4419,3.7
4420,3.58
4422,3.87
4424,3.39
4426,3.92
4427,4.29
4428,3.97
4429,3.33
4432,4.15
4433,3.25
4434,3.5
4436,3.5
4437,3.93
4438,3.61
4439,3.4
4440,3.33
4441,3.39
4442,2.61
4443,3.24
4444,3.75
4445,2.67
4446,2.93
4447,2.92
4448,3.4
4449,3.09
4450,2.86
4451,3.33
4452,3
4453,3.25
4454,3.85
4458,2.92
4459,3.47
4462,2.5
4463,1.75
4464,3.61
4465,3.62
4466,3.17
4467,3.58
4470,3.79
4471,1.72
4473,3.12
4474,2.42
4475,3.33
4476,3.17
4477,2.47
4478,3.33
4480,3.08
4482,2.06
4483,1.44
4484,3.58
4487,2.61
4488,3.24
4489,3.32
4490,2.5
4492,2.96
4495,3.07
4496,3
4497,2
4498,2.97
4499,3.47
4500,3.83
4502,2.06
4504,3.06
4505,3.5
4506,3.63
4508,3.32
4509,3.43
4511,2.61
4516,2.46
4517,2.78
4518,3.43
4519,3.47
4520,2.03
4521,3.5
4522,2.67
4523,3.63
4524,2.75
4526,2.13
4527,2
4529,3.55
4531,2.95
4533,3.23
4534,3.17
4535,3.65
4537,3.17
4541,2.89
4544,2.48
4545,3.35
4546,3.81
4552,3.04
4553,3.63
4557,3.3
4558,2.72
4562,3.73
4563,2.46
4564,2.92
4565,2.17
4568,2.88
4571,3.3
4572,2.86
4573,2.58
4574,2.93
4577,3.33
4578,2.44
4580,1.97
4581,2.33
4583,2.43
4584,2.89
4585,3.23
4587,2.86
4589,3.4
4591,3.31
4593,2.33
4594,3.75
4595,3.29
4597,2.21
4599,2.96
4600,2.96
4602,2.67
4603,1.96
4605,3.56
4608,2.92
4610,3.11
4611,2.67
4612,3.72
4613,2.93
4614,2.54
4615,3.33
4616,3.58
4617,2.89
4619,2.42
4621,2.37
4622,2.94
4623,3.38
4624,3.07
4625,2.83
4626,3.17
4628,3.4
4629,2.58
4630,1.83
4632,3.22
4634,2.75
4635,1.96
4636,2.24
4638,2.67
4639,2.7
4640,3.29
4641,3.58
4642,3.61
4643,2.65
4644,3.71
4645,3.83
4646,3.4
4649,3.09
4653,2.61
4654,2.44
4658,3.47
4660,3.51
4661,3.36
4662,3.4
4663,2
4666,2.11
4670,2.75
4671,3.33
4672,3.5
4673,2.61
4675,3.17
4676,2.11
4677,2.72
4678,3.56
4679,3.14
4681,2.97
4683,2.17
4686,2.33
4687,3.42
4688,3.64
4689,3.25
4690,2.96
4695,2.93
4697,3.03
4699,2.23
4700,2.93
4701,3.03
4703,3
4704,3.17
4705,3.85
4708,4.42
4709,3.28
4710,3.92
4711,3.67
4713,3.31
4714,2.97
4715,2.54
4717,3.09
4718,2.54
4719,2.91
4720,3.72
4721,1.96
4722,3.72
4723,3.31
4725,2.94
4727,2.73
4728,3.21
4732,2.68
4733,3.04
4734,3.07
4735,2.04
4736,1.75
4738,3.7
4740,2.89
4741,3.82
4743,3.17
4744,2.63
4745,2.58
4748,1.36
4749,1.73
4750,1.75
4754,3.69
4756,2.47
4757,3.1
4759,3.39
4765,3.53
4766,3.33
4769,3.78
4770,2.67
4771,2.83
4772,3.83
4773,3.06
4774,3.1
4775,0.62
4776,3.68
4777,3.22
4780,3.78
4782,2.63
4783,4.17
4784,3.72
4785,3.62
4786,3
4787,3.44
4788,3
4789,3.29
4792,2.96
4794,2.33
4795,3.73
4796,3.92
4798,3.71
4799,3.29
4800,3.35
4801,3.94
4802,3.61
4803,3
4804,3.31
4808,3.02
4809,3.9
4810,3.66
4811,3.63
4812,2.53
4813,3.17
4814,3.03
4815,3.19
4816,3.15
4818,0.52
4821,3.01
4822,2.06
4823,3.07
4825,4.33
4826,3.48
4827,1.98
4828,3.31
4830,3.86
4831,2.42
4833,3.59
4835,3.87
4836,3.42
4840,2.89
4844,3.41
4845,1.69
4846,3.52
4847,3.58
4848,3.79
4849,3.13
4850,2.67
4852,2.33
4855,3.79
4857,3.96
4860,2.25
4862,3
4863,3.83
4864,3.36
4865,3.12
4866,3.5
4867,2.73
4871,2.89
4873,3.59
4874,3.34
4876,2.41
4877,3.5
4878,3.82
4879,1.83
4880,3.3
4881,3.78
4883,3.84
4885,2.42
4886,3.73
4887,2.83
4888,3.04
4889,3.15
4890,2.73
4893,3.17
4896,3.4
4898,2.87
4899,2.09
4900,2.87
4901,3.52
4902,3.52
4903,3.62
4909,3.17
4911,3.17
4912,2.98
4914,3.54
4915,2.88
4916,3.36
4917,3
4919,3.2
4920,3.47
4921,3.29
4925,3.08
4926,3.68
4927,3.38
4928,3.7
4929,3.03
4932,3.65
4936,3.17
4939,3.67
4941,3.28
4942,2.5
4945,3.28
4946,2.7
4947,2.63
4951,2.85
4952,2.4
4953,2.27
4954,3.32
4956,3.39
4957,3.27
4958,3.16
4959,3.04
4961,2.94
4962,2.42
4963,3.77
4964,4.33
4965,2.5
4966,3.54
4967,3.97
4969,3.46
4970,4.37
4971,3.1
4973,3.98
4974,2.47
4975,3.29
4976,3.12
4977,4.39
4978,3.91
4979,3.77
4980,3.22
4981,3.43
4985,1.75
4987,2.33
4988,2.42
4989,3.29
4990,2.92
4991,2.47
4992,3
4993,4.04
4994,3.32
4995,3.89
4998,3.92
5004,3.63
5007,3.53
5008,4.01
5009,3.01
5010,3.59
5011,2.67
5012,3
5013,3.56
5014,3.51
5015,3.39
5016,3.2
5021,3.82
5023,3.75
5025,2.64
5026,3.38
5027,2.7
5028,3.11
5033,3.39
5034,3.74
5039,3.26
5040,2.82
5041,3.06
5046,2.73
5047,2.91
5048,2.52
5049,3.37
5051,3.88
5053,1.75
5054,3.69
5055,3.38
5059,3.83
5060,3.59
5062,3.57
5063,2.5
5064,3.54
5065,3.12
5066,2.99
5068,3.33
5069,3.13
5071,4
5072,3.26
5073,3.47
5074,3.28
5075,3.56
5076,2.83
5077,1.78
5080,2.5
5081,3.36
5083,3.17
5088,3.75
5092,2.8
5093,2.46
5094,1.88
5095,3.13
5096,1.83
5099,3.33
5102,2.3
5103,3.32
5105,3.61
5106,1.57
5107,3.24
5108,3.35
5109,2.7
5110,3.21
5111,3.62
5112,2.8
5113,3
5114,3.87
5116,2.83
5120,3.91
5121,3.64
5127,2.53
5128,2.28
5131,2.17
5134,3.22
5135,3.58
5136,1.33
5137,4.04
5139,3.62
5146,3.7
5147,4.07
5151,2.5
5152,3.41
5155,2.32
5156,3.24
5159,3.22
5165,2.93
5168,3.07
5170,1.67
5171,2.8
5177,3.73
5178,2.57
5181,2.65
5187,3.58
5189,2.92
5197,3.83
5198,3.83
5202,3.5
5205,2.89
5209,3.32
5212,2.5
5213,2.28
5214,2.96
5218,3.32
5219,2.84
5220,2.73
5221,3.08
5222,3.13
5224,4
5225,3.67
5226,2.88
5231,3.58
5237,3.5
5238,3.25
5239,3.34
5240,3
5241,3.06
5244,3.75
5246,2.58
5247,3.18
5248,1.94
5250,3.5
5254,3.08
5255,2.03
5256,2.17
5258,2.9
5264,2.46
5265,3.13
5266,3.12
5267,3.13
5268,2.11
5269,3.68
5272,3.1
5275,2.83
5278,2.18
5279,3.71
5282,3.11
5283,3.1
5284,1.58
5285,3.63
5288,4.1
5291,3.85
5292,3.76
5293,3.03
5294,3.42
5296,2.3
5297,2.89
5298,3.24
5299,3.26
5300,3.62
5303,2.7
5304,3.98
5307,2.83
5308,2.57
5309,2.09
5311,3.5
5312,3.06
5313,2.38
5316,3.52
5319,3.9
5321,3.2
5322,1.17
5323,2.04
5324,2.86
5325,3.58
5328,3.5
5329,3.52
5333,3.67
5334,2.31
5337,2.27
5338,3.22
5339,3.85
5341,3.48
5345,3.13
5346,2.54
5347,2.5
5348,3.1
5349,3.3
5353,3.61
5356,1.42
5357,3.6
5358,3.33
5361,2.47
5363,2.67
5364,3.05
5365,3.5
5372,2.94
5373,3.92
5375,3.5
5377,3.45
5378,2.92
5379,3.75
5380,3.45
5382,2.89
5384,3.5
5385,3.72
5387,2.62
5388,3.37
5389,3.14
5390,2.83
5391,3.47
5397,3.46
5398,4
5400,3.08
5401,2.9
5404,3.4
5409,2.33
5410,3.56
5414,2.4
5415,2.83
5416,1.67
5417,3.9
5418,3.82
5419,2.25
5420,2.88
5421,2.93
5422,3.56
5423,3.5
5424,1.83
5425,3.83
5427,2.67
5428,2.56
5433,2.87
5434,3.75
5435,3.8
5437,3.46
5438,2.56
5440,3.6
5442,2.46
5443,2.39
5444,3.24
5445,3.63
5446,3.88
5447,2.77
5448,2.25
5449,2.6
5450,3.36
5451,2.61
5452,1.65
5454,2.27
5455,2.58
5456,2.33
5458,1.9
5459,2.84
5460,3.14
5461,2.78
5462,1.56
5463,2.7
5464,3.57
5465,3.67
5466,3.33
5468,2.94
5470,3.67
5471,1.33
5472,3.56
5475,4.14
5476,2.36
5477,3.7
5478,2.35
5479,3.14
5480,2.13
5481,2.68
5483,3.6
5485,4
5486,1.67
5489,3.81
5490,2.5
5493,3.04
5497,3.06
5498,4.22
5499,2.67
5500,3.43
5501,1.68
5502,3.06
5503,3.5
5504,2.71
5505,2.97
5506,2.94
5507,2.62
5508,3.73
5512,3.27
5513,1.81
5515,4.35
5521,2.29
5522,3.15
5523,1.95
5524,2.64
5525,3.67
5527,3.37
5528,3.41
5529,2.36
5530,2.51
5531,2.71
5532,1.67
5537,3.23
5538,2.77
5539,2.5
5540,3.21
5541,3.3
5543,1.83
5544,3.14
5548,2.67
5550,2.29
5553,2.77
5556,2.43
5560,3.72
5562,3.51
5563,2.88
5564,2.21
5568,3.55
5569,2.6
5570,3.28
5572,2.92
5573,2.39
5574,3.13
5575,3.78
5577,3.46
5580,1.33
5581,2.72
5582,2.14
5584,2.26
5585,2.2
5588,3.47
5589,2.46
5590,2.88
5591,2.42
5596,2.17
5597,1.78
5601,3.5
5602,3.96
5603,3.43
5604,3.83
5607,4
5608,4
5609,2.12
5610,2.64
5611,3.06
5612,2.7
5613,3.4
5614,3.67
5615,2.67
5617,3.69
5618,4.14
5619,3.67
5620,2.98
5621,2.54
5625,3.26
5628,3.71
5629,2.79
5630,3.42
5632,3.82
5633,3.08
5635,3.25
5636,3.29
5637,3.43
5638,2.62
5640,3
5643,3.77
5644,3.72
5646,3.69
5649,3.5
5650,3.57
5651,2.8
5657,3.11
5663,3.19
5664,2.33
5665,3.14
5666,2.93
5667,2.83
5668,3.62
5669,3.61
5670,2.83
5672,1.42
5673,3.44
5675,1.67
5678,2.96
5679,3.27
5680,3.33
5682,3.29
5684,3.63
5685,3.48
5688,4.08
5689,2.75
5690,4.14
5693,3.22
5694,1.78
5696,3.42
5699,3.92
5700,1.83
5704,1.88
5706,1.91
5707,3.53
5710,2.92
5712,3.62
5720,2.97
5721,3.5
5723,2.44
5733,2.83
5735,1.83
5736,2.17
5741,3.67
5742,3
5745,3.67
5746,2.39
5747,3.9
5749,2.38
5752,3.81
5755,3.25
5764,3.17
5767,3.72
5768,2.67
5771,3.28
5772,3.86
5773,2.5
5779,1.5
5780,3.44
5782,4.03
5784,2.17
5785,2.78
5786,3.31
5787,2.58
5788,3.57
5791,3.75
5792,3.37
5796,2.79
5797,3.5
5799,4.06
5801,2.97
5802,3.17
5803,2.8
5804,2.75
5809,3.06
5810,3.28
5812,3.51
5816,3.41
5817,4
5818,3.27
5820,3.61
5826,3.58
5829,2.96
5833,3.26
5836,3.58
5838,3
5839,4
5840,3.71
5841,1.89
5843,2.67
5847,3.54
5853,3.37
5856,3.33
5863,2.42
5867,3.6
5872,3.12
5873,3.64
5874,2.83
5875,3.29
5876,3.74
5878,3.86
5879,2.35
5880,1.35
5881,3.06
5882,3.48
5883,1.88
5884,2.78
5888,3.6
5890,4
5891,2.63
5893,3.55
5896,3.22
5899,3.67
5900,2.59
5901,2.17
5902,3.82
5903,3.57
5909,2.9
5912,4.08
5915,3.33
5919,2.8
5922,1.88
5925,2.14
5927,2.88
5929,2.73
5932,4.03
5938,3.4
5941,3.1
5942,2.34
5943,2.59
5944,2.94
5945,3.28
5947,3.89
5949,3.4
5951,3.58
5952,3.97
5953,4.1
5954,3.72
5955,3.76
5956,3.55
5957,2.87
5959,3.25
5961,2.7
5962,2.12
5963,3.75
5965,3.63
5968,3.63
5969,2.2
5970,3.3
5971,4.07
5974,3.67
5975,3.56
5979,2.83
5980,3.71
5984,3.5
5986,3.33
5988,2.5
5989,3.89
5990,1.44
5991,3.39
5992,3.59
5993,3.06
5994,3.9
5995,3.97
5999,2.29
6001,3.67
6002,3.27
6003,3.33
6005,3.17
6006,2.44
6009,2.82
6012,2.97
6013,1.7
6014,2.54
6016,4.14
6020,2.94
6021,3.63
6022,2.67
6023,3.67
6025,3.17
6027,3.33
6030,2.14
6031,4.12
6033,3.33
6035,3.44
6036,2.5
6039,2.87
6040,1.74
6041,3.92
6042,3.83
6044,1.97
6049,2.05
6051,3
6055,2.95
6057,3
6058,2.51
6059,3.18
6060,2.6
6062,3.5
6063,3.11
6064,3.71
6067,3.4
6070,2.75
6078,2.6
6086,2.48
6090,3.23
6093,3.6
6095,4.61
6100,3.31
6101,4.15
6104,4.1
6107,2.56
6111,3.29
6116,2.17
6119,3.5
6122,3.42
6123,3.74
6124,3.67
6125,4.33
6140,3.33
6141,2.25
6143,2.17
6145,3.02
6148,3.5
6153,1.56
6155,2.81
6156,2.9
6157,2.65
6158,2.47
6159,3.22
6162,3.11
6163,3.58
6166,2.28
6169,2.15
6170,3.69
6178,3.97
6181,3.83
6182,3.33
6183,3.75
6184,3.35
6185,3.23
6186,3.13
6187,3.78
6188,3.33
6192,4.11
6193,2.11
6195,3.99
6196,3.14
6197,3.18
6201,4
6202,2.75
6203,2.71
6204,1.96
6210,3
6212,2.59
6213,2.99
6214,3.41
6215,3.38
6216,3.61
6217,3.5
6218,3.21
6219,2.65
6220,3.05
6222,2.83
6223,2.75
6225,3
6228,3.21
6232,3.4
6234,3.21
6235,3.5
6237,3.33
6238,2.69
6239,3.6
6241,3.94
6242,3.35
6244,4.14
6245,3
6246,2.89
6249,1.73
6250,2.65
6251,2.11
6252,2.52
6254,3.44
6263,3
6264,2.41
6265,2.64
6266,2.69
6267,2.42
6268,3.58
6269,3.62
6270,3.78
6271,3.75
6273,3.92
6279,3.26
6280,3.06
6281,3.27
6283,3.82
6285,3.5
6286,3.91
6287,2.81
6288,3.61
6289,2.83
6290,3.06
6291,3.87
6294,2.78
6295,3.16
6296,3.48
6297,3.23
6298,2.79
6299,3.93
6300,3.75
6301,3.18
6302,1.69
6303,3.58
6305,3.62
6306,3.56
6308,2.64
6310,3
6313,1.33
6314,3.08
6315,2.9
6316,2.64
6319,2.25
6320,2
6322,3.29
6323,3.49
6324,1.83
6327,3.88
6329,3.13
6330,2.06
6331,3.87
6332,2.29
6333,3.44
6334,3.56
6335,3.5
6336,3.71
6337,3.21
6338,2.49
6339,3.69
6341,2.88
6342,3.3
6344,3.69
6345,2.83
6347,2.55
6348,3.17
6349,1.58
6350,3.81
6357,3.22
6358,3.33
6365,3.24
6367,2.67
6368,3.67
6370,3.61
6371,1.28
6373,3.04
6374,2.97
6375,4.33
6376,3.9
6377,3.82
6378,3.43
6379,2.36
6380,4.06
6382,3.92
6383,2.55
6385,3.87
6386,3.75
6387,3.83
6390,3.17
6395,2.54
6400,4
6402,3.43
6405,3.33
6407,3.83
6408,4.11
6410,2.92
6412,3.77
6415,4.13
6417,2.75
6422,3.61
6424,3.43
6425,1.67
6427,3.67
6428,3.33
6429,3.63
6433,3.82
6434,3.09
6436,3.35
6440,3.77
6442,3.7
6448,3.36
6449,3.21
6452,3.83
6453,3.75
6454,3.61
6460,3.89
6461,3.56
6464,2.23
6465,3.42
6466,3.47
6476,2.06
6477,4
6480,3.29
6482,1.51
6483,0.5
6484,2.92
6493,2.77
6502,3.76
6503,2.53
6506,3.56
6509,3.98
6510,2.67
6514,0.82
6515,3.79
6516,3.89
6517,2.9
6523,2.08
6527,3.75
6528,3.61
6530,3.91
6533,3.65
6534,2.68
6535,2.13
6536,3.32
6537,3.03
6538,3.38
6539,3.71
6541,2.85
6542,4.11
6545,4.07
6547,3.33
6548,2.69
6549,2
6550,2.83
6551,3.06
6552,3.66
6553,4.4
6554,3.03
6557,1.57
6558,2.28
6559,2.2
6560,1.92
6561,3.4
6563,2
6564,2.58
6565,3.51
6566,1.82
6567,3.5
6568,2.56
6571,3.61
6572,3
6573,4.06
6574,2.25
6577,1.44
6578,2.83
6579,3.46
6581,3.26
6582,3.17
6583,3.72
6584,3.19
6586,2.6
6587,1.29
6588,3.33
6591,3.85
6592,3.17
6593,2.83
6595,2.67
6596,2.1
6597,3.33
6598,3.67
6603,4
6604,3.46
6609,3.71
6611,4.06
6612,4.03
6614,2.93
6615,2.09
6616,1.81
6617,3.4
6618,3.59
6619,2.72
6620,3.64
6624,2.68
6625,2.67
6628,1.17
6629,3.42
6631,2.08
6636,3.22
6638,3.21
6639,3.83
6643,3.9
6644,3.83
6645,3.56
6650,4.02
6654,3.29
6656,2.14
6658,2.86
6659,3.43
6660,3.76
6662,3.68
6663,3.46
6664,3.21
6665,2.79
6666,3.7
6667,4.17
6668,4.04
6669,4.03
6670,2
6671,3.33
6678,3.17
6679,4.33
6684,3.1
6686,2.79
6687,2.44
6688,3
6689,1.83
6691,1.82
6692,3.6
6695,2.44
6696,1.83
6699,2.92
6702,2.57
6705,2.63
6707,2.53
6708,3.49
6709,2.96
6710,3.03
6711,3.78
6713,3.81
6715,1.61
6718,2.83
6720,2.33
6721,3.72
6722,3.54
6723,3.83
6724,3.86
6731,3.49
6732,3.3
6734,2.53
6744,3.11
6746,2.92
6748,3.21
6750,3.56
6751,2.22
6752,2.67
6753,3.38
6754,3.06
6755,3.16
6760,3.67
6763,2.85
6764,3.17
6765,3.01
6768,3.5
6769,3.33
6770,3.89
6772,3.42
6773,3.85
6774,3.54
6775,2.08
6776,3.67
6777,4.24
6780,3.64
6782,3.17
6783,3.86
6785,3.63
6786,3.61
6787,3.97
6788,1.58
6789,3.61
6790,3.5
6791,4.05
6793,2.09
6794,1.94
6796,3.79
6797,3.81
6798,2.77
6800,2.76
6803,3.83
6804,2.61
6807,3.75
6808,3.77
6809,3
6810,2.62
6811,2.73
6812,2.44
6814,2.67
6816,3.33
6817,3.44
6818,4.21
6820,3.34
6821,2.35
6827,1.43
6832,3.02
6836,1.68
6837,3.67
6849,3.33
6850,3.25
6851,2.54
6852,3.82
6853,2.89
6856,3.46
6857,3.53
6858,3.9
6860,1.33
6862,3.15
6863,3.23
6867,3.87
6868,2.88
6869,3.67
6870,3.76
6872,0.9
6873,3.16
6874,3.75
6879,3.38
6880,2.63
6881,3.44
6882,3.44
6883,1.83
6884,4.03
6885,2.86
6886,3.33
6887,3.55
6888,2.33
6889,3.13
6890,3.56
6893,3.62
6898,3.97
6899,1.66
6902,3.78
6909,2.96
6911,3.5
6912,3.13
6918,4.27
6920,3.79
6927,3.21
6932,3.57
6934,3.1
6935,4.25
6936,3.17
6938,4.13
6939,3.75
6942,3.62
6944,3.18
6945,4.11
6946,2.92
6947,3.62
6948,3.33
6949,3
6950,3.23
6951,2.06
6952,2.67
6953,3.56
6954,3.68
6957,3.28
6958,2.49
6959,2.67
6961,3.39
6962,3.88
6963,3.6
6965,3.37
6966,3.04
6967,3.97
6969,3.17
6970,3.74
6971,4.02
6973,2.89
6974,3.08
6975,3.85
6978,3.42
6979,3.72
6981,4.21
6982,4.12
6983,3.67
6984,3.78
6985,4.19
6986,3.96
6987,3.79
6989,3.36
6990,3.5
6992,2.31
6993,3.64
6994,2.63
6996,1.98
6997,3.11
6998,2.75
6999,2.72
7000,2.74
7001,3.46
7004,2.61
7005,2.28
7007,3.32
7008,3.33
7009,3.33
7010,3.73
7012,2.72
7013,3.97
7015,2.67
7016,2.42
7017,2.58
7018,3.51
7019,2.96
7020,3.47
7022,3.58
7023,3.67
7024,2.83
7025,3.22
7026,3.36
7027,3.62
7028,3.43
7030,3
7031,2.44
7032,2.89
7033,3.11
7034,3.67
7036,2.79
7037,3.5
7038,2.44
7040,3.63
7041,2.94
7044,3.21
7045,3.48
7046,3.3
7047,3.42
7048,3.05
7049,3.3
7050,3.67
7051,3.4
7052,3.43
7053,3.37
7054,3.44
7055,4
7056,3.44
7057,2.83
7058,3.89
7059,3.17
7060,3.49
7061,3.23
7062,3.48
7063,3.86
7064,4.15
7065,3.35
7067,3.58
7069,3.7
7070,3.74
7071,3.6
7072,3.86
7073,3.93
7074,3.43
7075,3.56
7076,3.64
7078,2.67
7079,3.77
7080,3.46
7082,3.42
7083,2.08
7084,3.81
7085,3.5
7086,4.23
7087,4
7088,3.77
7089,3.18
7090,3.77
7091,4.28
7092,3.58
7093,3.42
7096,3.92
7099,3.97
7101,2.72
7102,2.92
7103,1.42
7104,2.85
7107,3.24
7108,3.67
7109,4.12
7114,3.67
7115,3.85
7116,3.96
7117,1.64
7118,3.47
7121,3.7
7122,3.25
7123,3.71
7124,3.61
7125,3.83
7127,2.42
7131,3.21
7132,4.06
7134,3.44
7137,3.46
7139,3.95
7141,4.15
7142,1.79
7143,3.59
7147,3.76
7149,3.26
7150,2.54
7151,3.33
7153,4.05
7154,3.01
7155,3.31
7156,4.03
7158,3.8
7160,3.41
7161,2.44
7162,3.28
7163,3.11
7164,3.09
7165,3.42
7167,3.5
7169,2.25
7171,3.47
7173,2.78
7175,1.5
7176,3.33
7177,3.78
7178,3
7179,1.75
7181,4.17
7184,2.97
7190,3.24
7191,2.67
7192,2.84
7193,2.21
7202,2.33
7205,3.72
7206,3.67
7208,3.71
7209,3.92
7211,3.56
7212,3.83
7215,3.77
7216,3.52
7217,3.53
7218,3.85
7219,3.25
7222,2.7
7223,3.31
7225,3.17
7228,2.15
7234,3.96
7235,3.46
7236,3.5
7238,3.77
7243,3.47
7245,2.59
7247,3.22
7248,2.85
7251,3.1
7254,3.54
7255,2.97
7256,3.82
7257,2.58
7258,2.95
7259,1.89
7260,3.83
7261,2.71
7262,2.83
7263,3.49
7264,2.44
7265,3.44
7266,3.11
7282,0.66
7285,3.35
7292,2.08
7293,3.06
7294,2.4
7297,3.5
7299,3.96
7301,3.54
7302,4.06
7303,3.5
7304,3.39
7305,3.67
7306,3.42
7307,3.33
7308,1.75
7310,2.48
7311,3.9
7312,3.5
7315,2.17
7316,2.33
7317,3.25
7318,3.18
7319,1.67
7320,3.33
7321,2.56
7323,3.73
7324,3.12
7325,2.67
7326,2.39
7327,3.91
7328,3.54
7333,3.8
7335,3.67
7336,3.25
7340,2.77
7344,4.08
7345,1.94
7346,2.78
7347,3.2
7348,3.12
7349,4.17
7352,3.17
7354,3.05
7357,3.22
7360,3.38
7361,3.95
7362,2.97
7364,3.59
7366,2.65
7367,3.07
7368,3.02
7369,2.63
7371,3.85
7372,3.33
7373,3.24
7375,2.27
7376,2.72
7377,3.21
7379,2.52
7380,3.15
7381,2.69
7382,3.86
7386,3.83
7387,3.59
7390,2.55
7394,3.25
7395,2.97
7396,4.02
7411,2.44
7414,3.58
7419,3.36
7438,3.68
7439,2.81
7440,3.5
7443,1.5
7444,2.75
7445,3.54
7448,2.17
7449,2.05
7450,2.33
7451,3.33
7454,2.77
7455,2.51
7457,2.67
7458,3.07
7459,3.71
7460,3.71
7477,2.17
7479,3.42
7481,3.45
7482,3.7
7486,3.57
7487,3.39
7492,3.39
7493,3.86
7541,2.76
7560,3.95
7561,2.33
7562,3.12
7564,4.03
7566,4.1
7569,3.47
7570,3.32
7572,3.91
7573,3.05
7579,3.56
7581,3.22
7584,3.43
7587,4.03
7614,3.56
7615,3.06
7616,3.38
7618,3.55
7619,3.87
7620,3.78
7624,2.83
7636,2.33
7646,2.94
7647,3.5
7649,3.17
7650,3.25
7657,2.67
7669,3.96
7698,3.38
7700,3.83
7701,1.89
7702,3.75
7704,2.79
7705,3.12
7706,3.93
7707,2.33
7708,3.17
7713,3.07
7714,3.79
7716,3.78
7720,3.47
7727,2.25
7728,3.7
7730,3.78
7742,2.75
7743,3.6
7745,3.57
7748,3.8
7749,3.4
7753,3.67
7756,3.28
7757,3.46
7762,3.4
7766,4.15
7767,4.15
7772,2.44
7773,3.97
7781,2.8
7782,3.19
7786,3.56
7789,3.58
7792,3.6
7802,3.41
7810,3.81
7811,3.31
7812,3.57
7815,3.04
7820,4.18
7822,3.5
7826,3.5
7831,3.31
7832,3.67
7833,3.83
7834,3.83
7835,3.5
7839,3.5
7840,3.58
7841,3.07
7842,3.72
7843,3.56
7844,3
7845,2.79
7846,3.08
7879,2.94
7882,2.85
7883,3.3
7884,3.42
7888,3.75
7889,3.47
7891,3.45
7894,3.4
7895,3.53
7896,3.2
7899,3.25
7900,2.92
7916,2.53
7920,3.92
7924,4.11
7925,3.99
7926,4.48
7930,2.36
7932,3.9
7934,3.99
7936,2.39
7937,4.12
7938,4.31
7939,3.89
7940,3.46
7943,4.07
7944,4.17
7951,3.67
7976,3.19
7979,3.8
7980,3.78
7981,3.93
7982,3.71
7983,3.98
7984,2.94
7986,2.5
7987,3
7988,2.75
7991,2.8
7993,3.39
8008,2.92
8010,3.58
8011,3.74
8012,3.86
8014,4.07
8015,3.94
8016,3.41
8019,3.31
8024,3.17
8025,3.64
8033,3.85
8035,3.17
8042,3.37
8043,2.33
8044,3.83
8045,3.26
8057,3.82
8092,3
8093,2.61
8094,3.85
8117,3.46
8118,2.75
8119,3.46
8121,3.38
8125,3.87
8126,3
8128,3.99
8131,3.33
8132,3.49
8136,2.18
8137,2.67
8138,2.33
8142,3.78
8143,2.83
8147,4
8153,3.54
8154,3.68
8157,3.72
8158,3.78
8167,3.81
8169,3.42
8183,3.76
8188,4.1
8189,3.17
8190,3.72
8191,3.63
8195,3.4
8196,3.08
8197,4
8199,4
8207,3.94
8225,3.17
8228,3.96
8232,4
8235,3.87
8236,3.67
8238,3.11
8239,3.43
8241,1.83
8253,3.91
8254,3.77
8261,3.86
8264,3.74
8266,2.63
8268,3.24
8270,3.7
8275,3.06
8290,1.77
8293,3.3
8302,3.32
8327,3.89
8331,3.56
8335,3.67
8336,3.75
8337,3.56
8338,3.79
8340,3.63
8341,3.78
8360,3.33
8361,2.78
8362,2.96
8363,2.87
8364,3.31
8366,3.48
8368,3.6
8369,3.3
8370,3.71
8371,3.08
8372,1.87
8373,2.55
8375,3.33
8376,3.27
8378,3.13
8379,3.75
8380,1.5
8382,1.75
8383,1.89
8385,3.89
8387,2.06
8391,3.18
8402,3.08
8405,3.17
8410,3.92
8424,2.24
8425,1.92
8426,3.28
8427,1.99
8446,3.38
8447,1.89
8450,3.04
8451,3.54
8454,3.8
8456,4.12
8458,3.42
8459,3.93
8461,2.96
8462,3.82
8463,3.42
8464,3.34
8465,3.22
8477,4.05
8481,3.33
8482,3.11
8484,4.56
8487,3.25
8491,3.87
8492,4.02
8493,3.72
8494,3.97
8495,3.67
8500,3.17
8501,3.48
8502,3.5
8506,2.86
8507,3.72
8511,3.47
8512,3.17
8518,3.05
8521,3.53
8526,2.67
8528,3.07
8529,3.41
8530,3.68
8531,2.26
8532,3.43
8533,3.21
8534,3.62
8535,2.67
8542,4.05
8571,3.17
8574,3.58
8575,3.5
8577,5
8578,2.12
8580,4
8581,3.75
8582,3.95
8587,2.08
8588,1.67
8591,2.97
8593,3.42
8596,3.45
8600,3.44
8601,3.5
8604,3.03
8605,2.61
8607,3.9
8609,3.73
8610,3.44
8611,3.74
8614,3.23
8617,2.58
8620,3.96
8622,3.39
8623,3.37
8626,2.58
8633,3.51
8636,3.2
8638,3.86
8640,3.17
8641,3.38
8643,2.83
8644,3.31
8645,3.5
8650,4.17
8656,4.12
8665,3.66
8666,1.65
8667,3.47
8670,4.03
8677,3.04
8684,3.96
8685,1.99
8690,3.53
8695,3.39
8711,3.5
8712,3.77
8713,1.89
8714,3.33
8718,3.83
8720,2.33
8724,3.67
8727,3
8730,3.25
8738,4.08
8743,3.1
8748,3.67
8753,3.56
8754,3.7
8755,4.15
8765,3.46
8771,2.83
8772,4.04
8773,3
8774,3.06
8778,3.25
8781,3.13
8782,2.33
8783,2.84
8784,3.46
8795,3.08
8796,3.86
8798,3.56
8799,1.92
8800,3.2
8804,3.17
8807,3.19
8808,3.04
8809,2.96
8810,2.55
8813,2.96
8814,2.57
8815,2.43
8827,4.09
8830,1.9
8831,2.65
8832,3.58
8833,3.29
8835,2.25
8836,3.2
8838,3.86
8840,3.13
8844,3.83
8848,4.17
8860,2.98
8861,2.8
8864,2
8865,3.02
8866,3.09
8869,2.27
8870,2.81
8873,3.9
8874,3.82
8875,2.92
8879,3.6
8880,3.45
8894,2.39
8905,2.5
8906,2.9
8907,2.5
8908,2.85
8910,3.47
8911,1.62
8912,2.65
8914,3.71
8915,2.83
8916,2.71
8917,3.54
8918,3.17
8919,2.9
8920,3.92
8921,2.67
8928,3.37
8933,3.28
8934,1.87
8937,3.43
8938,3.39
8939,2.7
8943,3.57
8946,2.6
8947,3.03
8948,2.75
8949,3.55
8950,3.68
8951,3.54
8952,3.15
8954,2.88
8955,3.22
8957,3.26
8958,3.77
8959,3.31
8961,3.82
8964,3.13
8965,2.99
8966,3.61
8967,2.28
8968,3.12
8969,2.81
8970,3.55
8972,3.08
8973,3.83
8974,3.28
8977,2.31
8978,1.78
8979,3.86
8981,3.31
8982,3.88
8983,3.62
8984,3.17
8985,2.9
8987,3.58
8989,4.04
8998,4
9004,2.93
9005,2.93
9008,3.26
9010,3.6
9018,3.76
25746,3
25750,3.99
25752,3.72
25753,3.61
25757,3.33
25769,3.83
25771,3.87
25773,3.67
25782,3.89
25788,3.78
25795,3.44
25797,3.17
25805,3.31
25825,4
25826,3.67
25827,3.5
25833,2.72
25834,3.67
25841,3.22
25850,3.95
25855,3.54
25856,3.72
25865,3.72
25870,3.17
25886,3.78
25887,3.29
25898,4.06
25905,3.83
25906,3.33
25923,3.76
25927,3.83
25937,3.54
25940,3.38
25946,3.16
25947,3.89
25952,3.38
25959,2.5
25962,3.33
25963,3.67
25996,3.87
25999,3.56
26002,3.12
26003,4.37
26038,3.5
26048,4.28
26052,3.43
26059,2.5
26073,4.83
26078,3.58
26082,4.37
26084,3.76
26085,3.5
26095,3.44
26116,3.46
26122,4.14
26124,3
26131,4.25
26133,3.85
26142,3.33
26147,4
26150,3.56
26151,3.63
26152,3.3
26158,2.87
26159,4.11
26169,3.75
26171,3.58
26172,3.56
26176,3.25
26183,3
26184,2.83
26195,3.04
26198,4.04
26225,3.28
26231,3.29
26236,3.89
26237,3.06
26242,3.61
26249,3.77
26258,3.41
26265,3.17
26283,3.72
26285,3.29
26303,3.46
26308,3.2
26313,3.1
26317,2.61
26322,3.11
26326,3.83
26340,3.14
26344,2.75
26347,4.17
26350,3.9
26357,2.58
26359,3.33
26365,2.06
26366,4.22
26375,3.31
26386,3.5
26391,2.5
26394,3.33
26399,3.22
26401,2.86
26409,0.36
26413,4
26422,3.35
26429,3.16
26444,3.67
26453,3.71
26464,3.13
26467,2.83
26471,3.58
26472,3.71
26492,3.08
26498,3.87
26504,3.43
26510,3.17
26523,3.11
26524,4.11
26527,3.56
26528,3.86
26539,3.58
26542,3.75
26547,3.56
26554,3.45
26555,2.88
26562,3.78
26564,3.5
26567,2.33
26578,4.25
26585,3.44
26587,4.5
26590,3.17
26593,3
26599,3.83
26603,2.61
26606,3.92
26612,3.33
26614,3.73
26622,3.58
26629,2.48
26630,2.17
26631,3.92
26645,3.12
26649,4.08
26662,3.83
26676,2.06
26680,3.31
26681,3.46
26686,3.1
26693,2.96
26694,3.97
26695,2.94
26696,2.29
26700,2.29
26701,3.61
26704,3.17
26712,3.85
26713,4.11
26717,2.72
26726,2.83
26729,3.93
26732,2.06
26736,3.04
26741,1.91
26743,3.64
26745,2.78
26750,3.47
26761,3.89
26764,2.22
26765,3.28
26776,3.86
26777,3.68
26778,2.17
26782,3.22
26791,3.25
26792,2.28
26796,3.94
26797,3.72
26810,3.53
26812,3.56
26819,2.74
26828,1.72
26838,3.75
26840,3.82
26849,3.3
26854,1.83
26861,3.28
26865,3.57
26870,2.45
26871,2.67
26875,3.56
26887,2.8
26900,3.23
26901,3.25
26903,3.97
26913,2.75
26928,4.33
26940,3.5
26947,3.67
26958,3
26965,3.67
26974,3.47
26985,3.69
26999,2.94
27002,3.52
27003,1.06
27006,3.44
27008,2.83
27020,3.46
27022,4.22
27032,3.57
27036,3.14
27074,2.56
27075,2.72
27105,3.5
27124,3.62
27134,2.83
27140,1.44
27155,3.79
27156,4.13
27176,3.17
27178,3.93
27186,3.5
27193,3.24
27246,3.67
27251,3.07
27255,3.67
27266,3.42
27306,3.76
27311,3.69
27317,3.33
27328,4.36
27329,3.86
27368,3.65
27369,3.53
27370,3.83
27373,4.21
27397,3.67
27408,3.47
27416,3.5
27420,2.85
27426,3
27434,2.7
27441,3.69
27450,3.04
27473,1.87
27478,2.51
27480,3.55
27482,2.99
27491,3.13
27513,3.75
27523,3.45
27537,3.39
27539,2.88
27549,2.63
27555,3.67
27563,3.25
27584,3.02
27592,3.95
27595,1.38
27604,2.93
27611,3.95
27618,1.83
27619,2.88
27627,3.92
27644,3
27660,3.58
27664,2.62
27667,2.11
27674,3.37
27683,3.5
27685,2.22
27689,2.78
27692,3.2
27695,3.42
27704,2.9
27705,2.91
27706,3.33
27708,3.5
27716,3.5
27721,3.61
27722,4.04
27728,3.74
27731,3.61
27741,3.86
27744,3.42
27746,3.1
27751,2.83
27768,3.72
27769,2.67
27772,3.01
27773,3.96
27776,3.06
27778,2.33
27784,3.14
27788,3.27
27790,3.46
27793,1.48
27801,3.43
27802,3.56
27803,3.75
27808,2.78
27815,3.84
27816,3.56
27820,3.83
27821,3.04
27822,2.67
27826,3.28
27829,3.42
27830,3.33
27831,3.53
27834,4.07
27837,2.88
27838,3.42
27839,2.32
27846,4.04
27850,3.53
27865,3.25
27866,3.67
27869,3.87
27873,3.41
27878,3.73
27879,3.75
27882,3.58
27899,2.02
27904,3.54
27905,2.4
27912,3.92
30707,3.82
30745,2.67
30749,3.97
30793,3.03
30803,4.06
30810,3.71
30812,3.48
30816,3.4
30818,3.03
30820,3.53
30822,3.32
30825,2.78
30846,2.55
30848,3.25
30850,3.26
30883,1.83
30890,4.09
30892,3.71
30894,2.5
30898,3.3
30994,2.19
31000,2.75
31030,3.83
31038,2.59
31049,1.32
31083,1.75
31086,3.82
31101,3.12
31114,3.17
31116,3.93
31123,3.43
31150,2.64
31162,3.17
31184,3.1
31193,3.86
31221,2.41
31223,1.75
31225,3.36
31260,3.39
31297,3.22
31309,3.9
31364,3.87
31367,2.71
31410,4.03
31420,2.96
31422,2.44
31424,1.47
31427,3.08
31431,1.5
31433,2.47
31435,3.95
31437,4.2
31445,3.22
31522,3.5
31545,4.11
31553,1.75
31590,4.06
31610,2.85
31617,3.39
31658,3.84
31660,3.35
31664,2.75
31685,3.23
31692,3.42
31694,3.12
31696,3.3
31698,1.27
31700,3.46
31702,3.92
31737,3.61
31804,3.22
31851,3.92
31867,2.92
31878,3.67
31903,3.83
31909,2
31921,2.94
31923,3.31
31925,2.54
31952,3.71
31973,4.06
32009,3
32011,2.24
32017,2.41
32019,2.81
32022,3.17
32029,3.07
32031,3.1
32058,2.94
32060,3.49
32116,2.67
32139,3.29
32160,2.5
32179,3.72
32213,2.97
32234,3.17
32243,3.16
32289,2
32291,3.07
32296,2.34
32298,2.92
32300,2.53
32302,2
32314,3.33
32371,3.83
32387,4.1
32392,3.75
32440,2.5
32442,2.83
32456,3.62
32460,3.62
32469,3.39
32511,4
32515,3.43
32554,3.92
32582,2.96
32584,3.42
32587,3.61
32589,2.25
32596,3.07
32598,3.28
32600,2.67
32620,2.4
32632,4.08
32649,3.83
32657,4.12
32659,3.17
32666,1.19
32728,2.96
32743,2.67
32770,3.75
32799,3.95
32862,3.33
32875,3.22
32892,4.17
32898,4.03
32906,3.92
32914,3.5
32917,3.19
33004,3.47
33085,2.44
33090,3.02
33124,3.94
33126,3.56
33132,0.32
33138,2.96
33145,3.3
33148,2.67
33154,4.07
33158,2.52
33162,3.43
33164,1.81
33166,3.51
33171,3.6
33188,3.33
33201,4.07
33237,3.17
33294,3.25
33310,2.76
33312,3.83
33421,3.46
33435,4
33437,3.49
33493,3.3
33495,2.57
33499,2.5
33558,3.39
33564,3.63
33615,3.19
33629,3.41
33639,3.88
33644,1.78
33646,2.89
33649,3.36
33660,3.78
33669,3.27
33672,3.61
33677,3.58
33679,2.95
33681,1.94
33683,2.99
33725,4.07
33779,3.97
33781,3.33
33794,3.8
33801,2.42
33815,2.83
33826,3.75
33830,2.33
33834,3.07
33836,2.5
33838,3.67
33880,3.77
33893,3.69
33896,3.44
33903,3.75
33966,1.28
34018,3.08
34048,2.92
34072,3.39
34129,1.44
34143,2.79
34148,3.43
34150,2.78
34153,3.5
34162,3.18
34164,2.97
34271,3.47
34292,2.6
34312,2.89
34319,3.15
34321,2.52
34323,2.93
34326,3
34330,2.64
34332,3.17
34334,2.22
34336,2.43
34338,3.25
34359,3.5
34397,1.5
34405,3.87
34437,3.62
34450,4.04
34482,4.39
34520,2.32
34523,3.26
34528,3.43
34530,1.82
34532,3.07
34534,3.28
34536,3.5
34540,3.23
34542,3.87
34800,2.43
34811,3.39
35015,3.83
35347,3.4
35807,3.1
35836,3.33
35957,3.16
36276,3.62
36289,2.17
36363,3.81
36397,2.14
36401,2.63
36477,2.5
36509,2.52
36517,3.68
36519,3.03
36525,3.47
36527,3.25
36529,3.67
36533,2.3
36535,3.71
36537,3.15
36708,3.29
36850,3.83
36931,3.89
37211,3.28
37240,3.8
37380,2.51
37382,2.84
37384,3.26
37386,2.9
37475,3.19
37477,2.86
37495,3.93
37545,3.56
37720,3.42
37727,2.94
37729,3.47
37731,3.66
37733,3.48
37736,3.4
37739,3.1
37741,3.65
37830,3.16
37844,2.5
37853,2.33
37857,3.52
38038,3.8
38061,3.81
38095,3.76
38159,4.1
38164,3.11
38198,3.25
38294,2.56
38304,3.92
38388,3.96
38583,2.78
38798,3.32
38886,3.62
38992,2.74
39183,3.61
39231,2.95
39234,3.61
39292,3.79
39307,2.67
39381,3.88
39400,1.98
39414,3.49
39427,3.53
39435,2.81
39444,3.23
39446,2.71
39449,3.2
39516,4.47
39715,2.09
39801,2.84
39869,3.62
40148,3.14
40278,3.39
40339,2.56
40412,4
40414,3.95
40478,2.32
40491,3.7
40578,4.28
40581,2.42
40583,3.5
40597,2.67
40614,2.72
40617,2.04
40629,3.7
40697,4.29
40723,2.91
40732,3.11
40815,3.5
40819,3.66
40826,3.05
40851,2.72
40870,3.92
40946,3.13
40955,3.9
40959,2.85
40962,3.38
40966,3.46
41014,3.39
41285,3.61
41527,3.74
41566,3.22
41569,3.06
41571,3.44
41573,3.04
41617,2.29
41627,4.33
41712,3.17
41716,3.31
41724,3.53
41769,2.56
41828,4.33
41863,3.65
41997,3.71
42002,3.03
42004,3.56
42007,2.53
42009,2.15
42011,3.06
42013,2.33
42015,3.28
42018,3.73
42176,4.18
42191,3.31
42285,2.25
42418,3.1
42422,3.67
42556,3.17
42559,3.19
42602,3.26
42632,3.78
42718,3.42
42723,2.6
42725,3.59
42728,3.28
42730,3.36
42732,2.92
42734,3.21
42738,3.11
42740,2.72
42761,2.36
42943,1.93
42946,3.56
43289,2.48
43333,4.04
43376,3.97
43396,3.63
43419,2.74
43460,3.52
43549,2.81
43556,2.7
43558,1.31
43560,3.28
43677,3.83
43679,2.67
43684,3.46
43708,3.46
43744,3.57
43836,2.63
43869,3.2
43871,2.82
43904,2.07
43908,3.25
43912,2.38
43914,2.8
43917,3.13
43919,1.26
43921,3.03
43928,2.35
43930,2.41
43932,2.19
43936,3.27
44004,2.64
44020,3.11
44022,3
44189,2.26
44191,3.95
44193,3.19
44195,3.77
44197,3.39
44199,3.67
44204,3.58
44225,2.94
44238,2
44241,1.83
44243,1.25
44301,3.42
44397,2.67
44399,2.6
44511,3.42
44555,4.15
44597,3.44
44613,3.5
44633,3.72
44657,3.61
44665,3.63
44694,3.89
44709,3.55
44719,3.96
44731,2.7
44759,1.85
44761,3.6
44773,1.91
44777,2.65
44788,3.57
44828,3.11
44840,2.57
44849,2.92
44851,3.2
44864,2.83
44889,2.78
44929,3.13
44931,2.69
44937,3.64
44943,3.17
44972,2.06
44974,3.6
45028,3.33
45062,2.9
45074,2.19
45081,2.89
45106,3.42
45175,3.52
45183,3.75
45186,3.18
45208,2.35
45210,3.67
45221,3.21
45361,2.23
45382,2.67
45431,3.42
45440,2.57
45442,2.54
45447,2.99
45499,3.2
45501,2.77
45503,3.69
45517,3.21
45635,2.63
45648,2.84
45658,3.17
45662,2.6
45666,2.66
45668,2.82
45672,2.65
45720,3.24
45722,3.3
45726,2.54
45728,3.35
45730,2.7
45732,2.35
45880,3.13
45928,3.9
45950,3.7
45969,2.5
46062,2.36
46105,2.92
46231,1.99
46322,3.67
46335,2.63
46337,3.02
46347,3.83
46367,2.79
46530,2.84
46559,3.7
46572,2
46574,3.33
46578,3.83
46664,3.8
46723,3.69
46772,3.33
46850,3.65
46855,3.89
46862,2.67
46865,1.48
46948,3.19
46965,2.52
46967,3.38
46970,3
46972,2.84
46974,2.92
46976,3.78
47044,2.99
47099,3.59
47122,2.7
47124,2.58
47200,3.2
47202,3.29
47254,2.78
47261,2.47
47382,3.15
47384,1.7
47404,3.78
47423,3.55
47446,3.46
47465,3.32
47491,4
47516,1.78
47518,2.98
47538,3.73
47566,4.33
47610,3.54
47629,3.7
47640,2.83
47644,3.67
47646,2.25
47721,3.43
47725,3.21
47736,2.5
47774,3.77
47793,3.22
47810,2.17
47894,3.85
47937,3.68
47950,2.9
47952,2.19
47970,3.32
47978,3.13
47997,3.25
47999,3.61
48001,4
48032,4.08
48043,3.51
48045,3.78
48082,3.54
48142,2.51
48150,2.33
48161,2.73
48214,3.89
48262,3.83
48304,3.62
48319,3.33
48322,3.09
48326,2.92
48342,3.5
48385,3.21
48394,3.97
48412,3.12
48414,3.08
48416,2.33
48516,4.03
48518,3.07
48520,2.65
48560,2.97
48593,2.87
48596,2.3
48598,2.96
48638,2.08
48649,3.4
48678,2.86
48696,3.85
48698,3.5
48738,3.87
48741,2.58
48744,3.24
48774,3.88
48780,4.03
48783,3.47
48872,3.79
48877,2.7
48879,3.46
48883,3.33
48982,3.45
48997,3.51
49013,2.29
49110,2
49130,3.18
49132,3.89
49220,3.12
49263,3.61
49265,4
49272,3.73
49274,2.87
49276,2.43
49278,3.32
49280,3.29
49284,3.72
49286,3.26
49314,2.97
49347,2.6
49389,3.12
49396,3.18
49524,2.67
49530,3.83
49647,3.57
49649,2.63
49651,3.33
49666,2.89
49688,3.67
49735,2.58
49772,3.4
49793,3.44
49822,3.26
49824,3.25
49910,2.79
49917,4.42
49932,3.25
49957,3.69
49961,3.62
50003,2.26
50005,3.39
50064,2.33
50068,3.66
50147,2.12
50158,2.22
50160,3.53
50189,2.47
50274,3.52
50354,3.44
50356,3.84
50440,1.92
50442,3.08
50445,2.58
50514,4.05
50601,3.44
50610,2.26
50613,3.06
50658,3.94
50685,3.43
50740,4.03
50792,3.11
50794,3
50796,2.7
50798,1.28
50800,2.4
50802,2.83
50804,2.81
50806,1.81
50842,3.42
50851,4.07
50872,3.79
50912,3.49
50923,2.83
50942,3.08
50954,2.81
50999,1.84
51024,3.78
51037,2.92
51077,2.25
51080,3.68
51082,3.5
51084,3.46
51086,2.95
51088,2.93
51091,3.28
51167,2.4
51174,3.29
51255,3.77
51314,2.76
51357,3.54
51412,3.05
51471,3.74
51498,2.42
51540,3.64
51545,3.78
51562,3.58
51573,3.28
51575,2.42
51662,3.35
51666,2.06
51694,3.5
51698,3.09
51705,3.46
51709,3.49
51834,3.14
51884,3.64
51903,1.83
51925,2.95
51927,3.02
51931,3.15
51933,2.17
51935,3.43
51937,2.5
51939,2.92
52042,3.7
52241,3.39
52245,2.94
52279,2.33
52281,3.75
52283,2.94
52287,3.29
52299,4
52319,3.72
52328,3.54
52375,3.11
52435,3.57
52458,3.07
52462,3.36
52579,3.39
52604,3.44
52644,3.23
52668,2.77
52694,2.65
52712,2.28
52715,2.17
52722,2.74
52724,2.46
52730,2.17
52767,4.22
52784,2.72
52831,3.5
52867,2
52885,3.85
52950,3.38
52952,3.8
52967,3.77
52973,3.31
52975,3.2
53000,3.36
53022,3.75
53024,3.92
53121,2.88
53123,3.69
53125,3.25
53127,2.88
53129,3.54
53138,3.14
53140,2.74
53143,4
53161,3.21
53280,3.33
53318,3.54
53322,3.4
53326,3.67
53355,3.5
53435,2.38
53447,3.13
53450,3.34
53453,2.72
53460,2.95
53464,2.45
53466,2.77
53468,3.5
53519,3.51
53550,3.63
53574,2.42
53578,2.83
53808,1.75
53883,3.43
53894,3.49
53921,3.03
53953,3.11
53956,3.67
53972,3.37
53974,2.17
53993,2.43
53996,2.88
54001,3.58
54004,2.54
54116,2.75
54121,3.22
54185,3.44
54190,3.39
54256,2.9
54259,3.73
54272,3.44
54274,1.29
54276,2.93
54281,3.49
54286,3.73
54372,3.93
54503,3.53
54617,2.08
54648,2.86
54686,2.61
54732,2.69
54734,2.55
54736,3.62
54745,3.67
54768,1.44
54771,2.63
54780,3.08
54785,3.08
54787,3.06
54796,3.27
54881,3.78
54908,2.58
54910,3.25
54934,2.39
54962,3.31
54995,3.45
54997,3.72
54999,2.97
55020,2.77
55036,2.86
55052,3.7
55061,2.92
55067,3.79
55069,3.91
55071,3.5
55080,2.94
55094,3.57
55110,2.92
55112,3.64
55116,3.08
55118,3.76
55156,3.75
55167,3.69
55190,3.22
55205,2.75
55207,3.58
55232,2.93
55241,2.19
55245,2.18
55247,3.67
55250,2.93
55253,3.56
55259,2.37
55261,2.44
55267,3.4
55269,3.49
55272,3.03
55274,3.28
55276,3.7
55278,3.44
55280,3.74
55282,3.04
55290,3.72
55292,2.94
55294,2.5
55363,3.47
55391,3.14
55442,3.83
55444,3.71
55451,3.44
55492,2.58
55553,3.18
55555,3.98
55577,2.47
55620,3.58
55687,3.67
55721,4.11
55729,3.17
55765,3.69
55768,2.87
55805,3.6
55814,3.84
55820,3.91
55830,3.14
55844,2.94
55854,3.33
55872,3.28
55908,3.81
55946,2.88
55995,2.79
56003,1.98
56012,3.71
56022,3.6
56060,3.54
56145,3.28
56152,3.25
56156,2.74
56169,2.67
56171,2.91
56174,3.25
56176,2.59
56251,3.6
56274,2.83
56286,3.16
56333,3.5
56336,2.23
56339,3.63
56367,3.6
56379,2.78
56389,3.58
56563,3.59
56587,3.36
56607,3.72
56620,2.83
56715,3.79
56757,3.33
56775,2.9
56782,3.88
56788,3.65
56801,1.98
56805,3.35
56837,3.45
56869,3
56908,3.46
56915,2.92
56921,3.67
56941,3.11
56949,2.98
57147,3.42
57183,4.17
57243,3.67
57274,3.48
57326,2.23
57368,3.17
57421,2.44
57499,3.57
57502,3.61
57504,3.96
57522,2.92
57526,3.02
57528,3.2
57532,1.62
57536,1.79
57637,2.93
57640,3.33
57669,3.75
57772,3.6
57843,2.61
57910,2.89
57951,2.74
58025,2.77
58047,3.41
58078,3.17
58103,3.21
58105,2.98
58107,2.23
58154,3.19
58156,2.89
58162,2.97
58191,4.08
58287,2.67
58291,2.79
58293,2.33
58295,3.47
58297,2.53
58299,3.16
58301,3.21
58303,3.9
58306,3.7
58309,3.59
58315,2.01
58332,2.38
58347,3.41
58351,3.67
58376,3.44
58404,3.67
58425,4.31
58492,2.54
58554,4.11
58559,4.03
58627,2.97
58655,2.2
58783,3.17
58803,3.43
58806,2.8
58826,2.27
58839,2.98
58842,3.3
58870,2.84
58876,3
58879,3.83
58964,2.4
58972,2.9
58975,2.89
58998,3.34
59014,2.25
59016,3.05
59018,3.73
59022,3.07
59026,3.87
59037,2.99
59103,3.41
59118,3.44
59126,3.65
59129,3.33
59131,2.18
59141,3.44
59143,3.31
59220,3.35
59258,3.07
59295,1.89
59306,1.43
59315,3.64
59333,2.8
59336,3.21
59369,3.62
59387,3.79
59421,2.64
59429,1.98
59440,3.12
59501,3.08
59549,2.97
59604,2.94
59615,2.85
59667,2.87
59725,2.52
59727,3.01
59731,3.73
59738,2.74
59784,3.5
59810,4.02
59814,2.92
59900,2.3
59915,2.72
59947,3.02
59985,3
59995,3.83
60030,3
60037,2.15
60040,3.05
60046,3.33
60069,3.94
60072,3.07
60074,3.13
60126,3.04
60128,3.33
60141,2.53
60161,3.69
60289,3.17
60291,3.72
60293,3.44
60303,3.17
60333,3.77
60363,2.17
60365,3.15
60389,3.32
60397,2.8
60408,3.38
60471,2.92
60487,3.78
60514,2.62
60516,2.64
60522,2.71
60538,1.67
60647,3.23
60674,3.42
60684,3.57
60735,3.8
60737,3.42
60753,3.79
60756,3.05
60760,2.79
60766,3.73
60803,3.08
60818,3.58
60832,2.5
60857,3.17
60885,3.54
60894,3
60904,4.29
60937,2.4
60941,2.68
60943,3.64
60950,3.69
60979,3.5
61011,3.08
61024,3.25
61026,3.58
61071,3.31
61073,2.79
61123,2.14
61132,3.34
61160,2.92
61167,2.58
61210,1.97
61236,3.86
61240,3.97
61246,3.02
61248,2.84
61250,2.55
61255,3.06
61257,3.5
61262,3.21
61289,3.11
61319,3.25
61323,3.59
61348,0.87
61350,3.03
61352,3.41
61394,3.24
61401,2.03
61406,4.15
61465,2.26
61628,3.32
61692,3.06
61697,2.77
61705,2.38
61729,3.2
61818,1.5
61986,3.33
62008,0.51
62081,2.94
62113,2.92
62155,3.19
62208,4.5
62250,3.28
62293,3.21
62299,1.77
62336,4.06
62344,3.1
62374,3.6
62376,3.24
62383,3.04
62394,2.35
62434,3.09
62437,3.16
62439,3.08
62511,3.72
62553,3.79
62586,2.33
62644,3.78
62662,3.52
62718,2.75
62792,2.98
62799,3.67
62834,3.25
62836,2.79
62849,3.64
62956,3.65
62970,2.83
62999,3.06
63033,3.05
63062,3.72
63072,3.49
63082,3.74
63113,3.18
63131,3.39
63179,4
63222,3.46
63239,2.83
63276,3.83
63312,3.25
63393,2.54
63433,4.07
63436,2.59
63479,3.24
63515,3.83
63540,2.04
63768,3.62
63808,3.62
63826,2.92
63853,2.81
63859,3.39
63876,3.78
63992,2.14
64010,2.33
64030,2.81
64032,2.83
64034,3.76
64114,3.06
64116,2.76
64167,2.89
64197,3.6
64231,2.61
64249,3.15
64278,3.71
64285,3.28
64497,2.52
64499,3.5
64501,3.26
64575,3.75
64614,3.81
64620,3.74
64622,3.84
64695,4
64716,3.52
64839,3.71
64957,3.57
64969,3.18
64983,3.28
64993,3.56
64997,2.06
65037,2.6
65088,2.94
65126,3.19
65130,3.39
65133,4.1
65135,4
65188,3.82
65193,3.07
65216,3.36
65225,2.81
65230,3.1
65261,3.64
65350,3.45
65359,1.89
65514,3.76
65577,3.24
65585,2.73
65588,3.17
65596,3.62
65601,2.94
65631,3.11
65642,3.53
65651,2.49
65682,3.1
65685,3.15
65738,2.25
65740,2.5
65802,2.04
65810,3.5
65882,3
65982,2.82
66090,3.33
66097,3.59
66171,2.98
66198,3.12
66203,2.74
66240,2.04
66297,3.51
66310,3.33
66320,3.47
66335,3.67
66371,4.11
66427,2.67
66509,2.94
66511,4.28
66544,3.56
66665,3.6
66744,3.6
66783,2.79
66785,3.65
66798,3.11
66915,3
66934,3.76
66943,3.5
67087,3.43
67168,3.71
67186,2.83
67193,2.75
67197,2.75
67255,3.95
67267,3.29
67295,3.45
67361,2.28
67408,3.25
67508,3.56
67534,2.57
67618,2.67
67665,3.73
67695,3.06
67734,3.46
67788,2.54
67799,2.1
67888,3.95
67923,3.08
67997,3.89
68073,3.64
68135,3.05
68157,4.02
68159,3.55
68194,4.03
68205,2.97
68237,3.95
68269,3.59
68319,2.99
68347,3.67
68358,3.8
68444,3.36
68480,4.01
68486,3.64
68522,4.02
68536,3.8
68552,2.58
68554,3.02
68597,3.18
68600,2.67
68650,2.42
68659,3.01
68791,2.9
68793,2.53
68835,4
68848,3.39
68872,3.56
68886,3.72
68932,3.12
68945,3.8
68952,2.89
68954,3.87
68959,3.9
69069,2.9
69118,2.83
69122,3.5
69131,1.83
69134,3.26
69140,3.22
69211,2.33
69227,2.33
69251,3.33
69275,2.96
69278,2.94
69304,3
69306,3.11
69394,3.87
69406,3.06
69436,2.5
69453,2.67
69469,1.3
69481,3.69
69495,3.17
69516,2.85
69524,4.09
69526,2.35
69529,4.4
69604,3.78
69606,2.77
69640,3.23
69644,3.16
69654,3.83
69685,3.76
69712,3.38
69720,1.33
69746,3.2
69757,3.65
69784,2.42
69805,3.36
69844,3.68
69849,3.86
69860,2.19
69904,0.67
69951,3.33
69953,3.55
69988,2.44
70015,3.44
70159,3.22
70183,3.2
70206,2.81
70208,2.85
70286,3.79
70293,3.47
70301,1.61
70305,2.8
70334,2.33
70336,2.65
70361,2.73
70451,3.69
70492,3.14
70521,2.7
70533,3.81
70545,2.8
70565,2.54
70599,3.28
70637,2.5
70641,2.56
70663,2.37
70687,3.42
70697,2.21
70703,3.37
70708,3.21
70728,2.96
70862,3.56
70932,2.13
70946,2.03
70984,3.81
70990,3
70994,2.8
71033,3.96
71057,3.4
71106,3.67
71108,3.78
71129,3.21
71131,4.06
71135,3.51
71147,4.08
71156,2.98
71160,3.17
71205,2.44
71211,3.21
71248,3.23
71252,2.17
71254,2.83
71264,3.27
71268,2.83
71282,3.82
71302,2.58
71304,3.39
71327,3.07
71341,3.25
71379,2.93
71429,3.74
71438,3.54
71453,3.19
71462,3.86
71464,3.76
71466,3.46
71468,3.04
71484,2.81
71494,2.92
71500,3.47
71518,3.55
71520,2.91
71530,3.12
71535,3.57
71550,2.71
71579,3.59
71619,3.04
71640,3.83
71668,2.54
71732,2.6
71745,3.27
71810,2.58
71823,2.52
71838,3.39
71867,3.5
71899,3.83
71902,3.67
71910,1.89
71970,2.98
71999,3.04
72011,3.68
72104,3.87
72129,2.98
72142,3.28
72165,2.73
72167,2.86
72171,3.69
72178,3.67
72224,2.44
72226,3.75
72294,3.4
72308,3.17
72330,2.83
72356,3.98
72378,2.46
72395,3.52
72405,3.38
72407,2.17
72424,2
72479,3.33
72489,3.06
72554,3.95
72591,2.58
72601,3.22
72603,2.83
72605,3.2
72624,3.12
72641,3.58
72692,2.92
72694,3.67
72696,2.61
72701,2.74
72714,3.25
72720,3.72
72731,2.98
72733,3.36
72737,3.35
72874,3.01
72919,2.41
72921,3.33
72982,3.08
72998,3.56
73015,3.18
73017,3.5
73023,3.38
73042,1.63
73106,2.04
73160,2.34
73211,3.68
73266,3.32
73268,3.02
73290,3.2
73319,3.09
73321,3.27
73323,3.64
73344,4.01
73386,3.42
73431,2.88
73488,2.5
73499,2.25
73501,1.31
73515,2.83
73569,4.27
73676,3.25
73681,3.38
73741,1.72
73804,3.44
73808,3.82
73822,3.33
73854,3.27
73858,0.85
73876,2.58
73881,3.51
73929,2.56
74075,2.08
74089,3.33
74095,2.92
74154,2.39
74226,2.32
74228,3.3
74275,3.35
74282,3.92
74324,3.9
74342,3.2
74370,3
74450,2.43
74452,2.52
74458,3.83
74508,3.58
74510,3.53
74530,2.71
74532,2.64
74545,3.5
74553,3.72
74580,2.6
74624,3.68
74647,2.15
74668,2.65
74677,3.92
74683,2.7
74685,3.31
74688,2.71
74696,3.28
74698,2.5
74727,4.17
74750,3.2
74754,2.43
74789,3.09
74791,3.25
74795,3.27
74851,3.24
74868,2.97
74916,2.73
74946,3.24
74948,3.66
75341,3.33
75389,3.33
75395,2.72
75446,2.42
75803,3.11
75805,2.72
75813,3.38
75816,3.17
75947,2.88
75985,3.09
76030,3.08
76054,3.3
76060,3.17
76077,3.08
76091,3.83
76093,3.87
76143,3.09
76173,3.48
76175,2.64
76251,3.6
76293,3.03
76301,2.58
76738,4.3
76743,2.37
76751,2.34
76763,3.18
77177,3.75
77191,3.17
77201,2.97
77206,2.85
77233,4.12
77266,3.33
77364,2.96
77414,2.97
77421,3.12
77427,2.06
77455,3.92
77561,3.35
77667,2.54
77688,3.38
77709,3.94
77795,3.02
77798,1.96
77800,3.54
77841,2.49
77846,3.7
77866,3.09
77881,2.08
77893,4.42
77931,4.36
78034,3.45
78039,3.36
78041,2.58
78088,3.01
78103,3.31
78105,2.74
78116,3.47
78142,3.48
78160,3.83
78174,1.76
78209,3.02
78218,3.3
78264,2.36
78266,2.85
78316,3.18
78349,3.45
78467,2.5
78469,2.95
78499,3.83
78544,3.72
78574,3.63
78620,3.17
78626,2.83
78637,3.04
78703,2.93
78746,3.25
78772,2.02
78836,3.59
78893,1.96
78959,3.3
79006,3.67
79008,3.81
79057,3.07
79073,3.75
79091,3.59
79132,4.06
79134,2.49
79139,3.29
79185,2.99
79224,3.23
79242,3.6
79251,2
79259,2.58
79274,3.54
79293,2.98
79299,3.33
79333,2.96
79357,3.68
79428,2.69
79501,3.46
79536,3.25
79553,3.73
79572,2.29
79590,3.23
79592,3.1
79677,4.33
79684,3.5
79695,2.84
79702,3.71
79798,4.08
79868,2.61
79879,2.62
79895,3.07
79897,3.54
79946,3.26
80083,2.75
80094,3.04
80126,3.06
80139,2.57
80162,2.92
80166,3.02
80219,3.2
80241,3.02
80363,3.12
80454,2.83
80463,3.7
80489,3.73
80549,3.5
80551,2.63
80553,3.11
80572,2.13
80584,3.06
80586,3.67
80590,3
80615,3.17
80693,3.55
80727,3.28
80748,3
80831,3.59
80834,3.67
80839,3.5
80846,2.88
80858,2.53
80860,3.5
80862,3.45
80864,3.14
80880,2.26
80906,3.9
80917,3.01
80969,3.41
81018,3.57
81087,3.49
81132,2.49
81156,3.44
81158,3.8
81191,3.62
81229,3.46
81257,3.87
81383,3.4
81417,2.93
81456,3.25
81512,2.99
81520,3.39
81535,2.65
81537,3.04
81562,3.66
81564,3.43
81591,3.79
81681,3.2
81782,3.29
81784,3.12
81786,3.6
81788,3.43
81791,2.99
81819,3.83
81831,3.26
81834,3.57
81845,3.89
81847,3.65
81910,3.92
81932,3.71
81949,1.5
82041,2.72
82053,2.73
82088,3.82
82093,3.15
82095,1.82
82152,3.27
82167,3.06
82169,3
82202,2.67
82242,3.42
82366,3.17
82378,2.88
82459,3.72
82461,3.25
82499,2.58
82527,3.22
82534,3.35
82641,3.33
82667,3.62
82684,3.83
82744,3.05
82765,3.5
82767,3.49
82848,3.83
82852,2.59
82854,2.44
82857,2.58
83086,3.15
83132,3.89
83134,3.71
83177,2.22
83270,3.52
83349,2.7
83369,3.43
83374,3.1
83480,2.34
83601,2.53
83613,2.86
83796,3.33
83803,3.78
83827,3.62
83910,2.93
83969,3.02
83976,3.76
84152,3.66
84156,4.21
84187,3.82
84189,2.93
84240,3.75
84246,3.08
84273,3.53
84374,3.08
84392,3.61
84414,2.92
84512,2.99
84523,3.72
84553,1.97
84601,3.28
84615,3.24
84637,2.94
84696,3.12
84716,3.93
84772,3.32
84799,2.89
84844,4.22
84847,4.03
84942,2.46
84944,3.43
84950,3.02
84952,3.92
84954,3.43
85020,3.24
85022,2.65
85025,3.15
85056,2.76
85131,2.66
85179,3.81
85213,4.02
85259,4.03
85261,3.2
85295,2.52
85316,3.31
85334,2.68
85342,4.1
85354,3.43
85367,2.92
85394,3.94
85397,2.4
85399,2.5
85401,3.17
85412,3.49
85414,3.6
85438,3.59
85510,2.8
85565,3.39
85736,3.76
85774,3.8
85780,3.4
85788,3.33
85796,3.11
85881,3.72
85885,2.87
86000,3.93
86014,3.5
86028,3.17
86059,2.64
86066,4.65
86068,2.45
86142,3.3
86190,3.43
86237,4.22
86279,3.67
86286,3.25
86290,3.62
86293,2.88
86295,3
86298,3.16
86320,3.64
86332,3.25
86345,3.88
86347,4.02
86355,3.11
86377,4.06
86487,3.86
86504,4.1
86548,3.37
86593,4
86628,3.69
86644,3.04
86668,4.17
86721,2.61
86781,3.97
86815,3.28
86817,2.5
86833,3.23
86835,2.48
86864,2.5
86880,3.11
86882,3.78
86892,3.72
86898,3.38
86911,2.82
86922,2.92
86960,3.14
87028,2.83
87192,3.39
87194,3.43
87197,3
87222,3.45
87232,3.66
87234,3.78
87287,3.65
87298,3.44
87304,3.67
87306,3.43
87413,3.81
87430,2.7
87444,2.25
87483,2.68
87485,2.48
87520,2.69
87522,2.92
87529,2.25
87660,3.5
87785,2.95
87867,1.76
87869,3.18
87876,2.96
87960,4
88069,2.83
88094,3.39
88108,2.4
88125,3.68
88129,3.84
88140,3.42
88163,3.64
88179,3.21
88235,3.73
88267,3.08
88272,2.86
88327,3.05
88345,3.57
88356,2.03
88405,3.13
88448,2.05
88515,3.15
88593,3.75
88672,3.29
88697,1.94
88699,1.83
88744,3.51
88746,3.04
88785,3.06
88810,3.68
88812,3.15
88911,3.83
88932,2.32
88954,3.26
89028,2.76
89030,2.9
89039,3.58
89047,3.18
89072,3.17
89085,3.56
89087,3.11
89090,3.58
89118,3.78
89190,3.06
89208,2.67
89281,1
89305,3.2
89343,3.03
89386,3.44
89388,3.33
89427,2.5
89470,3.42
89492,3.89
89580,2.07
89582,3.33
89586,3.5
89678,3.5
89745,3.71
89753,3.6
89759,3.8
89761,3.36
89774,3.78
89804,3.49
89837,3.47
89840,3.3
89862,2.4
89864,3.62
89898,3.53
89904,3.88
89939,4.43
89945,3.11
90057,3.65
90243,3.67
90245,3.9
90249,3.15
90343,2.64
90345,2.81
90353,3.25
90357,3.81
90374,3.37
90376,3.6
90384,1.7
90403,2.77
90405,3.3
90428,3.71
90430,3.57
90439,3.62
90469,2.77
90471,3.12
90522,3.27
90524,2.44
90528,3.08
90531,3.62
90576,3.32
90600,3.77
90603,3.35
90630,3.78
90647,3.09
90717,3.33
90719,3.2
90738,2.81
90746,3.46
90769,5
90809,4.14
90863,3.29
90866,3.65
90888,3.08
90890,1.81
90943,3.9
90945,3.5
91077,3.56
91079,3.12
91094,3.46
91104,1.68
91126,3.32
91128,3.08
91233,4.2
91261,4.17
91266,2.75
91273,3.33
91323,3.06
91325,3.4
91337,3.13
91353,2.83
91355,2.94
91386,2.3
91414,3.33
91470,3.63
91483,2.53
91485,2.87
91488,4.07
91500,3.46
91529,3.79
91535,3.3
91542,3.42
91571,3.19
91622,3.02
91628,2.35
91630,3.39
91653,3.47
91658,3.79
91660,2.25
91666,3.31
91671,2.06
91688,2.58
91690,2.88
91784,2.67
91842,3.18
91860,3.3
91869,3.45
91873,2.5
91890,3.32
91935,2.98
91947,3.28
91974,2.8
91976,3
91978,2.97
91981,3.7
92008,2.83
92046,2.47
92048,3.47
92094,3.92
92192,2.23
92198,3.5
92234,2.67
92243,3.57
92259,4.1
92264,2.52
92309,2.44
92348,2.51
92391,3.21
92420,3.44
92422,2.98
92427,3.52
92439,3.14
92475,4.26
92494,4.24
92507,3.14
92509,3.08
92535,3.89
92637,4.33
92643,3.75
92665,2.71
92674,3.68
92681,2.78
92694,3.06
92730,2.64
92760,0.52
92938,2.11
92954,3.72
93006,3.67
93008,3.25
93022,2.8
93040,4.03
93114,3.15
93134,3.83
93139,1.92
93193,1.8
93208,3.5
93242,2.57
93270,3.22
93272,3.16
93287,3.46
93297,3.45
93320,3.75
93326,2.86
93363,2.99
93443,3.31
93502,2.61
93510,3.45
93512,3.17
93563,2.89
93598,3.47
93610,3
93721,3.93
93723,3.14
93740,3.62
93766,2.54
93790,3.69
93805,3.13
93819,3.23
93831,3.11
93838,3.56
93840,3.58
93855,3.4
93980,2.67
93982,3.12
93988,3.52
94011,3.9
94015,2.55
94018,2.22
94070,3.53
94122,2.61
94130,3.75
94150,3.12
94160,3
94262,2.21
94266,2.97
94323,2.81
94325,2.81
94405,2.74
94478,2.88
94494,3.19
94503,2.77
94661,3.25
94677,3.1
94735,2.44
94777,3.3
94780,2.75
94799,3.1
94810,3.4
94833,3.35
94864,3.23
94867,2.73
94896,3.52
94919,2.89
94931,3.48
94953,2.73
94959,3.8
94985,3.2
95004,2.69
95067,2.5
95088,3.52
95105,3.03
95135,3.13
95145,4.17
95147,2.61
95149,3.03
95163,3.67
95165,3.33
95167,3.49
95170,3.17
95175,2.83
95182,3.33
95193,2.83
95199,2.44
95201,3.38
95207,2.75
95218,3.61
95307,3.06
95309,3.4
95311,3.92
95313,3.77
95377,3.96
95441,3.18
95449,2.58
95473,2.89
95475,3.33
95497,3.5
95499,3.28
95508,3.25
95510,3.3
95519,3.25
95543,3
95558,3.58
95583,3.18
95654,3.9
95690,3.17
95717,2.84
95720,2.51
95738,1.9
95744,2.89
95761,3.07
95771,2.83
95780,2.83
95796,1.34
95839,3.17
95843,2.33
95858,3.95
95873,3.59
95875,2.96
95939,3.62
95949,3.62
95965,2.89
96004,3.94
96007,3.74
96020,3.43
96079,3.68
96084,3.47
96110,2.96
96114,2.83
96121,3.29
96150,3.67
96281,3.57
96283,2.89
96373,3.67
96411,2.93
96417,2.96
96430,3.17
96432,3.33
96448,3.25
96471,4.08
96488,4.05
96518,3.27
96520,3.92
96530,2.31
96563,3.92
96567,2.92
96588,3.5
96606,4.06
96608,4.24
96610,3.67
96616,2.37
96655,3.81
96691,2.77
96726,2.5
96728,3.24
96737,3.54
96811,3.74
96815,3.03
96821,3.84
96829,4.23
96832,3.21
96861,2.94
96917,2.22
96935,4.14
96945,2.35
96964,2.97
96975,2.11
97024,4.01
97168,4
97172,2.97
97188,3.58
97194,4
97225,3.55
97230,3.3
97285,3.44
97304,3.8
97306,3.53
97328,3.46
97470,1.89
97643,2.08
97665,3.24
97701,2.19
97742,2.63
97752,3.53
97757,3.19
97785,1.93
97836,3.12
97858,3.75
97860,3.09
97866,3.64
97870,3.45
97904,3.83
97913,3.67
97921,3.74
97923,3.52
97936,3.06
97938,3.63
97950,2.54
97988,3.08
98061,3.5
98083,2.97
98122,3.79
98124,3.71
98154,3.45
98160,1.6
98175,3.17
98203,2.3
98230,3
98239,2.42
98243,3.52
98279,3.25
98296,3.03
98361,3.57
98491,4.03
98499,2.88
98503,3.43
98585,3.31
98604,3.79
98607,3.21
98623,2.72
98697,3.32
98799,3.21
98809,3.67
98836,2.67
98961,3.51
99005,3.5
99007,3.33
99030,2.78
99087,2.94
99106,3.12
99112,3.26
99114,3.94
99117,3.11
99122,1.65
99130,2.97
99145,3.5
99149,3.37
99191,3.08
99415,2.5
99437,3.02
99532,3.33
99574,3.02
99636,3
99638,4.33
99721,3.22
99728,3.36
99750,3.45
99764,3.61
99813,3.66
99846,3.58
99853,4.12
99910,2.77
99917,3.64
99992,3.28
100044,4.53
100068,3.33
100083,2.41
100106,4.23
100159,3.04
100163,2.83
100194,3.87
100226,2.5
100277,3.17
100302,2.91
100304,3.25
100306,3.67
100326,3.17
100383,3.62
100390,2.49
100397,2.08
100487,2.95
100498,2.57
100507,3.1
100527,2.92
100553,4.22
100556,4.03
100579,2.17
100611,2.67
100714,3.7
100737,2.61
100810,3.13
100843,3.69
100882,3.33
100906,3
101025,2.99
101070,3.94
101072,3.44
101074,3.47
101076,2.81
101088,3.12
101112,3
101142,3.34
101283,3.05
101360,2.87
101362,2.81
101415,3.62
101423,2.89
101525,3.54
101529,3.04
101531,2.83
101577,3.11
101612,2.43
101739,2.92
101741,3.46
101765,3.25
101864,3.42
101884,2.44
101895,3.31
101962,3.97
101973,3.41
102007,1.5
102025,2.06
102033,3.05
102058,3.33
102066,3.29
102070,3.43
102084,3.5
102088,3.1
102123,3.21
102125,3.42
102165,2.31
102194,3.61
102217,2.93
102278,3.08
102338,1.88
102378,2.56
102407,3.45
102445,3.61
102481,2.93
102590,3.19
102602,3.67
102666,4.24
102684,2.83
102686,2.87
102716,3.08
102720,3.45
102735,2.06
102742,4.57
102747,3.59
102749,1.48
102760,4
102800,3.57
102802,2.71
102819,3
102823,3.11
102852,3.63
102880,2.22
102903,3.24
102984,2.4
102993,3.58
103027,3.61
103042,3.14
103048,3.53
103075,2.75
103085,2.44
103107,3.63
103137,2.88
103141,3.63
103171,3.67
103210,3.96
103219,3.31
103221,1.83
103228,3.39
103233,3.06
103235,3.99
103245,2.51
103249,3.18
103253,3.16
103335,3.63
103339,3.27
103341,3.47
103366,2.67
103372,3.01
103384,3.04
103449,1.44
103483,3.21
103502,0.92
103539,3.51
103543,2.21
103596,1.81
103602,3.67
103606,3.6
103609,1.59
103624,3.55
103655,3.16
103685,2.5
103688,3.5
103755,3.11
103772,3
103801,3.13
103810,3.44
103819,2.67
103865,1.57
103883,3.39
103980,3.62
103984,3.9
104069,3.93
104074,2.24
104076,2.12
104078,3.12
104129,3.27
104141,3.75
104211,3.36
104218,2.08
104241,3.08
104243,3.27
104245,2.87
104272,3.79
104283,3.75
104303,2.85
104337,3.31
104339,3.46
104374,3.83
104419,3.62
104457,3.16
104644,3.56
104760,2.33
104837,2.65
104841,3.68
104863,3.66
104875,3.5
104879,3.73
104906,3
104908,3.15
104913,3.84
104925,3.04
104944,3.91
105020,2.12
105037,2.87
105121,2.92
105197,3.66
105211,3.38
105213,3.15
105246,3.27
105250,4.05
105254,3
105325,3.33
105351,3.27
105355,3.79
105468,3.49
105504,3.69
105540,1.18
105585,2.93
105593,3.59
105653,3.18
105720,4.62
105731,2.59
105746,2.83
105755,3.13
105801,2.75
105835,3.63
105844,3.78
105954,3.64
106002,3.34
106062,2.67
106072,3.25
106100,3.84
106144,3.75
106330,3.12
106438,3.87
106441,3.69
106487,3.49
106489,3.5
106491,3.22
106540,2.79
106542,2.67
106594,4.38
106642,3.84
106648,3.04
106696,3.47
106766,3.57
106782,3.75
106785,3.04
106839,3.22
106873,3.43
106883,1.94
106889,3.83
106916,3.47
106918,3.55
106920,3.78
106927,2.44
107013,0.62
107069,3.51
107141,3.63
107159,3.71
107314,2.53
107338,2.02
107348,2.94
107406,3.52
107408,4.17
107410,4.83
107412,3.42
107436,3.33
107447,3.25
107449,2
107462,3.17
107565,3.72
107630,2.42
107702,2.77
107723,1.33
107771,3.48
107780,4.07
107846,3.51
107951,2.31
107953,2.73
107997,2.43
107999,3.08
108078,3.61
108090,3.69
108156,3.17
108188,2.88
108190,3.24
108192,3.35
108540,3.5
108689,2.09
108715,3.39
108727,3.51
108729,3.41
108795,2.54
108928,3.11
108932,3.75
108945,3.17
108949,3.33
108981,3.36
109042,2.93
109161,3.79
109183,3.42
109187,3.13
109191,2.76
109241,2.54
109282,3.17
109295,2.71
109313,3
109317,2.83
109372,3.17
109374,4.01
109383,3.05
109416,2.79
109483,2.8
109487,3.96
109569,2.83
109576,3
109578,3.29
109596,4
109633,3.43
109673,2.89
109687,3.81
109723,1.83
109846,3.3
109848,3.3
109850,3.14
109853,3
109864,3.19
109895,3.49
109897,2.47
109941,1.83
109968,3.67
109971,3.17
110102,3.64
110127,2.81
110130,3.12
110281,3.55
110286,3.4
110297,3.37
110330,2.47
110350,3.17
110387,2.97
110501,3.61
110541,0.68
110553,3.09
110586,4.01
110591,2.99
110603,1.83
110611,3.08
110655,2.58
110669,3.76
110718,3.42
110730,2.84
110746,4.12
110771,2.75
110773,2.67
110781,2.44
110826,3.22
110882,3.62
111113,3.02
111146,1.47
111320,2
111360,2.84
111362,3.61
111364,2.83
111375,2.88
111384,3.67
111443,3.59
111551,3.39
111617,2.74
111622,3.78
111659,3.28
111663,2.17
111680,3.18
111732,3.83
111743,2.94
111759,3.78
111781,3.39
111795,3.07
111800,3.17
111817,2.83
111844,2.75
111913,2.58
111921,3.39
112006,3.62
112070,3.65
112138,3.28
112171,3.3
112175,3.72
112183,3.7
112290,3.87
112303,1.33
112316,3.38
112326,1.81
112334,3.96
112370,2.57
112421,3.64
112450,2.83
112454,4.35
112460,2.94
112497,2.24
112512,3.86
112515,3.44
112552,3.93
112556,3.82
112580,3
112623,3.38
112727,2.57
112749,3
112788,2.38
112804,3.6
112818,3.17
112852,3.86
112868,2.96
112897,2.83
112911,2.82
112940,3.4
113159,3.17
113186,3.17
113207,2.76
113225,3.26
113252,3.45
113275,3.8
113278,3.58
113280,3.67
113313,3.17
113345,2.58
113348,2.51
113350,1.92
113374,4.67
113378,3.02
113394,2.94
113416,2.83
113453,2.82
113532,3
113565,3.11
113573,2.96
113604,3.35
113705,3.73
113741,3.66
113780,2.85
113829,3.8
113849,2.42
113862,3.2
114028,4
114044,3.22
114060,3.61
114066,3.5
114074,3.52
114126,3.44
114180,3.21
114184,3.31
114246,2.91
114265,3.12
114335,3.56
114396,2.62
114494,4.04
114554,3.71
114601,2.92
114627,4.33
114662,3.36
114670,2.47
114678,3.64
114707,3.16
114713,2.55
114762,3.23
114795,2.82
114818,3.36
114847,3.23
114925,3.25
114935,3.57
115065,1.98
115111,4.21
115122,3.77
115149,3.51
115151,2.9
115170,3.43
115203,3.83
115210,3.55
115216,3.17
115231,3.51
115502,2.9
115569,3.82
115617,3.86
115664,3.61
115667,3.42
115680,3.45
115713,3.8
115727,3.78
115819,3.55
115828,4.28
115877,3.83
115969,4.17
116044,2.5
116138,3.67
116169,3.67
116207,3.63
116411,3.92
116413,3.44
116419,2.62
116505,3.2
116529,3.61
116668,3.29
116718,2.01
116724,3.7
116738,3.04
116797,3.92
116799,3.28
116817,3.04
116823,3.29
116849,2.67
116887,2.88
116897,3.97
116941,2.58
116963,2.46
116977,2.44
116985,1.42
117107,3.06
117109,3.5
117133,3.69
117176,3.73
117192,4.11
117364,4.25
117368,1.92
117444,3.95
117466,3.26
117511,3.56
117529,2.92
117533,4.09
117545,3.5
117572,2.87
117590,3.15
117630,0.45
117646,2.54
117849,3.81
117851,3.23
117867,3.44
117877,3.33
117881,3.64
117887,3.52
117895,2.64
117922,2.67
118082,3.01
118166,4.88
118198,3.12
118248,2.08
118270,4.18
118290,3.44
118326,2.45
118354,3.5
118512,2.06
118530,0.59
118572,2.25
118696,3.28
118700,3.72
118702,3.19
118706,3.03
118814,2.17
118834,1.74
118862,2.46
118880,3.51
118888,3.69
118894,1.72
118896,3.42
118900,3.53
118924,3.37
118930,3.95
118985,3.34
118997,3.09
119068,3.08
119141,3.01
119145,3.6
119153,3.8
119155,2.96
119218,3.83
119655,2.72
119714,4.26
119828,3.65
119964,2.42
120130,4.33
120138,3.71
120466,3.48
120478,4.24
120625,4
120635,3.04
120637,2.79
120783,3.38
120799,2.99
120807,4.04
120813,4.89
120827,3.23
120919,4.36
121007,1.44
121035,2.58
121097,1.39
121099,2.67
121129,1.65
121169,3.3
121171,3.56
121231,3.47
121253,3.08
121372,4.25
121374,3.83
121469,3.09
121781,2.86
122092,2.62
122246,2.19
122260,4.84
122433,2.11
122490,3.39
122882,3.87
122884,3.08
122886,3.83
122888,2.62
122890,2.54
122892,3.49
122896,2.96
122898,3.05
122900,3.45
122902,1.97
122904,3.67
122906,3.5
122912,3.75
122916,3.59
122918,3.41
122920,3.5
122922,3.51
122924,3.09
122926,3.57
122932,3.06
123200,4.03
123310,3.15
123553,0.41
123947,3.4
124273,2.92
124851,2.6
124853,3.18
124859,3.33
125221,2.9
125914,2.15
125916,1.85
125970,2.96
125974,3.17
126088,2
126090,3.44
126142,3.09
126420,2.5
126426,4.13
126430,3.7
126482,3.08
126548,3.21
126921,2.58
127052,4.39
127096,3
127098,3.72
127108,3.67
127114,3.7
127116,3.44
127130,3.56
127132,2.5
127134,3.2
127136,3.02
127146,3.53
127152,3.79
127164,3.33
127180,4.17
127184,2.49
127194,1.67
127198,3.53
127202,3.75
127204,2.75
127212,3.08
127298,3.5
127319,2.63
127323,2.62
127390,3.83
128089,2.66
128097,1.8
128099,3.67
128197,2.37
128360,3.74
128366,3.67
128488,2.67
128512,3.31
128520,2.89
128542,2.62
128592,1.89
128594,2
128620,4.06
128695,3.44
128736,2.92
128832,2.58
128838,3.22
128842,1.73
128852,3
128908,3.59
128914,3.87
128944,2.72
128968,2.92
128975,2.35
128991,3.25
129011,3.83
129229,2.85
129250,1.92
129313,3.81
129354,3.31
129397,3.17
129428,3.28
129514,4.03
129657,3
129659,3.67
129737,2.58
129779,3.97
129937,3.36
130050,2.79
130052,3.06
130073,3.16
130083,3.33
130087,2.3
130450,2.17
130452,3.32
130482,3.6
130490,2.84
130498,2.94
130518,3.89
130520,3.25
130576,3.42
130578,2.67
130634,3.03
130686,3.33
130840,3.29
130842,3.25
130970,4
130976,2.83
130978,4
131013,3.25
131023,3.17
131098,2.72
131104,3.85
131130,3.64
131237,3.42
131439,3.13
131480,1.67
131578,2.53
131656,3.49
131714,3.05
131724,4.08
131739,3.38
131749,3.51
131796,3.72
131826,2.75
131920,3.92
131934,0.8
132046,3.19
132153,3.33
132157,1.93
132335,3.58
132362,4.17
132422,2.98
132424,2.8
132454,2.58
132462,2.95
132488,2.25
132496,3.67
132584,2.58
132618,2.01
132660,3.35
132796,2.52
132800,2.86
132888,3.73
133195,2.76
133281,2.92
133365,3.17
133377,3.17
133419,2.97
133545,3.08
133645,3.66
133712,4.58
133716,3.59
133771,3.63
133780,3.97
133782,2.47
133798,2.03
133802,3.39
133832,3.04
133867,2.78
133879,0.94
134004,0.64
134019,4.94
134021,3.42
134041,3.95
134095,4.3
134109,4.17
134130,3.96
134158,2.17
134170,3.61
134184,4.68
134214,3.85
134246,3.42
134248,2.67
134252,3.62
134326,3.08
134334,3.87
134368,3.54
134393,3.13
134515,3.5
134524,4.53
134528,2.07
134775,2.08
134783,2.7
134796,4.17
134847,2.68
134849,4.38
134853,3.95
134859,3.47
134861,4.17
134881,3.48
135133,3.15
135137,2.19
135143,3.54
135198,3.35
135216,0.72
135288,3.37
135436,3.08
135456,3.92
135518,2.85
135532,2.75
135534,3.2
135536,2.59
135567,2.73
135569,3.35
135777,4.09
135787,4.03
135803,3.33
135815,3.06
135861,2.71
135885,3.17
135887,3.05
135937,2.58
136012,2.38
136016,3.32
136018,3.16
136020,3.17
136024,3.58
136297,2.33
136305,1.89
136341,2.08
136353,3.4
136355,1.82
136359,2.5
136443,3.17
136445,4.22
136447,3.83
136449,3.8
136469,4.33
136471,3.28
136503,2.67
136511,1.57
136556,3.26
136562,3.5
136564,2.87
136598,2.9
136602,3.5
136654,2.67
136664,1.6
136666,3
136786,2.53
136800,2.26
136834,1.9
136864,2.68
136912,1.81
136958,0.97
137337,3.76
137345,3.16
137517,2.01
137595,2.48
137857,3.41
137859,3.46
137863,3.83
138036,3.52
138186,0.6
138204,3.33
138208,3.56
138210,3.72
138396,1.94
138610,2.67
138632,3.59
138702,4.1
138798,1.17
138835,4.54
138966,5
139052,2.97
139130,3.33
139385,3.75
139415,3.07
139511,3.63
139640,3.48
139642,3.15
139644,3.87
139655,3.22
139717,0.33
139747,3.44
139855,3.41
139857,3.1
139859,3.56
139915,3.06
139994,0.87
140016,2.46
140110,3.5
140133,3.4
140162,2.73
140174,3.93
140237,2.15
140247,3.24
140265,4.11
140267,3.48
140289,3.92
140301,2.67
140359,4.1
140481,3.8
140523,2.87
140525,3.27
140541,2.64
140561,3.81
140627,3.13
140711,2.88
140715,3.78
140725,3.03
140737,3.9
140816,3.58
140850,3.02
140852,3.83
140928,3.27
140956,3.33
141004,2.67
141131,1.58
141400,2.44
141408,3.25
141422,3.75
141513,3.41
141544,3.12
141646,3.83
141668,2.58
141688,2.97
141718,3.25
141749,3.16
141799,2.83
141810,3.94
141816,4.94
141818,4.43
141844,4.5
141846,3.46
141866,3.36
141890,3.58
141928,3.33
141994,2.05
142074,2.6
142115,4.56
142196,3.45
142222,3.35
142366,3.5
142372,2.79
142420,2.57
142422,3.27
142424,3.28
142444,3.16
142448,3.61
142456,3.67
142488,3.97
142507,3.56
142509,3.36
142536,3.13
142550,3.38
142598,2.61
142602,3.17
142831,3.84
142997,2.88
143001,2.52
143031,1.7
143245,3.73
143255,2.47
143257,3.17
143355,3.47
143365,2.88
143367,2.98
143385,3.71
143410,3.05
143458,4.13
143472,3
143511,4.25
143559,2.76
143859,3.08
143896,3.8
143969,3.55
144262,3.17
144352,2.66
144522,3.3
144606,3.08
144620,2.9
144714,2.29
144716,3.11
144734,3.75
144976,3.02
145080,3
145150,3.64
145418,3.62
145491,0.57
145724,0.82
145745,0.64
145839,3.47
145935,2.97
145951,2.66
145994,3.91
146028,4.06
146210,2.35
146244,2.63
146309,4.03
146656,3.57
146662,4.01
146682,3.58
146684,3.75
146688,3.22
146730,2.73
146986,2.35
147002,2.28
147250,4.14
147282,2.56
147286,3.84
147300,4.08
147326,4.21
147328,4.04
147330,3.92
147372,3.83
147374,4.1
147376,3.67
147378,4
147380,3.6
147382,4.03
147384,4.1
147410,3.67
147657,3.54
147662,3.6
147936,3.24
148166,3.67
148172,2.2
148238,2.31
148424,3.11
148482,3.58
148626,3.94
148632,3.64
148652,2
148667,4.17
148671,3.85
148675,1.56
148709,2.56
148775,2.66
148881,3.86
148888,2.47
148956,2.77
148982,4
149011,3.33
149144,3.96
149146,4.12
149334,3.65
149350,4.46
149352,3.35
149354,2.99
149380,1.83
149406,3.26
149590,2.55
149830,2.79
150254,2.83
150401,2.81
150548,3.74
150596,3.97
150604,3.17
150696,4.33
150993,2.89
151311,3.42
151315,3.29
151317,3.39
151455,3.57
151479,4.95
151501,2.39
151557,3.33
151559,3.71
151653,2.5
151687,2.89
151695,3.62
151739,2.9
151745,2.23
151759,3.83
151763,3.83
151769,3.55
151777,3.17
151781,3.67
152037,2.83
152063,2.47
152065,4.33
152071,3.38
152077,3.52
152079,2.81
152081,3.8
152083,3.39
152085,3.56
152091,2.32
152173,3.29
152270,3.67
152284,3.42
152372,3.21
152591,3.08
152711,4.9
152970,3.9
153070,1.16
154065,3.37
154358,3.83
155064,3.15
155288,3.55
155509,3.07
155659,3.41
155743,3.21
155774,3.64
155812,3.06
155820,2.96
155892,5
156025,2.16
156371,3.32
156387,3.99
156553,3.45
156605,3.58
156607,3.02
156609,2.65
156706,2.22
156726,3.32
156781,3.55
156783,3.48
157108,4.39
157110,3.18
157122,3.8
157130,2.7
157172,3.03
157200,3.08
157270,2.75
157296,3.68
157312,2.67
157340,2.57
157407,2.56
157432,2.63
157699,3.56
157775,3.98
157865,1.92
158238,3.47
158254,1.77
158388,3.32
158398,4.46
158402,4.01
158528,2.71
158783,3.92
158813,2.95
158830,3.05
158842,3.92
158872,3.19
158956,2.79
158966,3.77
158972,3.78
159061,3.5
159069,2.98
159077,3.21
159093,2.78
159161,3.58
159193,3.32
159403,3.17
159415,3.57
159441,2.7
159510,4
159690,2.28
159717,3.71
159755,3.12
159811,4.38
159817,4.53
159849,4.27
159858,2.96
159976,3.83
160080,2.87
160271,3.01
160289,4.37
160400,3.33
160422,3.2
160438,3.06
160527,3.19
160563,3.04
160565,2.44
160567,3.12
160569,2.92
160571,3.54
160573,3.29
160644,3
160646,2.66
160684,2.67
160718,3.89
160730,3.44
160848,3.78
160872,1.98
160954,2.94
160978,2.36
160980,3.56
161024,3.33
161032,3.05
161044,2.7
161127,3.5
161131,3.36
161290,2.31
161354,2.6
161580,3.14
161582,3.84
161594,3.22
161634,3.13
161830,4.2
161918,2.67
161922,3.75
161966,3.74
162082,3.55
162344,3.83
162350,3.37
162414,3.73
162478,2.42
162578,3.99
162590,2.81
162598,3.72
162600,3.09
162602,2.75
162606,3.4
162828,3.4
162982,4.2
163056,3.79
163072,3.88
163112,4.52
163134,3.92
163386,4.93
163527,0.87
163639,2.93
163645,3.78
163653,3.44
163809,4.27
163925,2.42
163937,2.6
163981,1.83
163985,3.2
164179,3.92
164200,3.21
164226,1.96
164280,3.8
164367,3.42
164540,3.47
164647,3.79
164655,3.25
164909,3.84
164917,3.86
165075,4.59
165101,2.91
165103,2.69
165139,2.78
165343,1.42
165347,2.72
165483,3.33
165489,3.5
165549,4.03
165551,3.96
165639,3.78
165645,1.83
165671,3.68
165843,2.45
165947,3.38
165969,4.29
166015,3.22
166024,4.27
166183,2.02
166203,2.59
166291,4.5
166461,3.69
166492,2.5
166526,2.87
166528,3.69
166534,3.38
166558,2.75
166568,3.36
166635,3.25
166643,3.82
166705,3.49
166946,3.44
167018,2.62
167036,3.23
167064,3.92
167370,2.56
167380,3.5
167538,3.03
167570,3.11
167634,2.67
167732,4.17
167746,3.54
167772,5
167790,2.08
167854,1.03
168026,2.1
168144,4.12
168174,2.98
168248,3.4
168250,3.95
168252,3.67
168254,3.07
168266,3.22
168326,3.75
168350,2.25
168358,2.35
168366,3.35
168418,3.32
168492,3.77
168608,3.47
168612,3.17
168632,3.58
168712,1.29
168846,4.33
169034,2.92
169180,2.03
169670,2.97
169904,2.65
169912,3.38
169958,3.62
169982,2.54
169984,2.91
169992,2.95
170289,1.84
170297,2.47
170355,3.97
170357,3.43
170399,2.97
170401,2.56
170411,3.67
170551,3.34
170697,3.39
170705,4.53
170777,4.06
170813,2.8
170817,2.6
170827,2.52
170837,0.67
170875,2.74
170897,2
170907,3.5
170937,2.49
170939,2.33
170945,3.56
170957,3.3
170993,1.78
171011,4.7
171023,3.83
171251,2.81
171495,4.67
171631,3.98
171701,2.36
171749,3.75
171751,4.35
171759,3.1
171763,3.5
171765,3.83
171867,2.03
171891,3.02
172013,2.3
172215,1.63
172321,4.67
172461,3.66
172547,2.97
172577,4.27
172583,4.44
172587,3.43
172591,4.42
172637,4.47
172705,4.5
172875,3.67
172881,3.32
172887,3.33
173145,3.33
173197,3.65
173205,3.08
173209,3.31
173235,3.41
173253,2.72
173255,2.75
173291,2.85
173307,0.83
173351,4.66
173535,3.75
173619,3.8
173873,4.48
173925,3.09
173941,3.17
173963,3.94
174045,2.17
174053,4.34
174055,3.81
174141,3.94
174681,3.42
174727,3.67
174815,3.31
174909,3.25
175197,2.69
175199,3.08
175303,3.35
175387,3.99
175397,4.33
175475,2
175485,2.15
175569,3.69
175577,1.81
175585,3.53
175661,3.36
175693,4.33
176051,2.62
176101,3.04
176329,3.64
176371,3.97
176389,3.05
176419,3.47
176423,3.9
176579,1.85
176601,4.19
176751,3.33
176805,3.1
176935,2.14
177285,4.66
177593,3.97
177615,3.77
177763,3.32
177765,3.83
177939,3.32
178061,3.47
178111,3.33
178323,3.1
178613,4.25
178615,3.59
178827,3.86
179053,3.58
179119,3.58
179133,3.93
179135,4.6
179211,2.16
179401,3.22
179427,0.61
179491,3
179709,3.33
179749,2.83
179813,3
179815,3.25
179817,3.86
179819,3.39
179953,2.54
180031,3.57
180045,3.55
180095,3.7
180231,2.08
180263,2.52
180265,2.33
180297,3.52
180497,3.57
180985,3.53
180987,3
181065,2.59
181139,2.51
181315,3.79
181413,3.12
181659,2.92
182293,4.81
182297,4.1
182299,4.93
182639,3.67
182715,3.34
182727,2.32
182749,2.33
182823,3.17
183011,3
183197,3.83
183199,4.18
183227,3.75
183295,2.82
183317,4.44
183611,3.4
183635,2.74
183897,3.97
183911,3.02
183959,3.34
184015,2.94
184253,2.3
184257,4.33
184471,2.69
184641,2.33
184721,3.8
184791,2.77
184931,2.77
184987,2.86
184997,3.46
185029,3.6
185031,3.33
185033,3
185135,4.17
185435,2.17
185473,3.1
185585,2.72
186587,2.72
187031,2.92
187541,3.77
187593,3.68
187595,3.44
187717,4.17
188189,3.45
188301,3.4
188675,3.64
188751,2.63
188797,3.05
189043,3.44
189111,0.66
189333,3.65
189381,1.97
189713,3.58
190183,3.08
190213,3.19
191005,3
