1280,1090513154440,152571317870,560561715878,580924340426,274983170938
166,39430457725,788581885,7388140748,4478055231,219891550
113,1960260593,8054120581,5737704524,4957196952,662172453
46,439458866042,75011223612,265907006689,447394057864,43447985319
740,241758827359,103524957384,167807110643,293577350614,45848698644
1384,2327131619518,205448710303,1147601018341,1176412178568,361415752281
699,778788141,339473988,826480036,3791278413,317005269
719,1096322418502,101269105062,490847660038,535950669254,137563906458
738,147173634250,80132581972,131656084937,50354381379,42530508405
1393,2327131619518,205448710303,1147601018341,1176412178568,361415752281
1031,1129549517,50180325,23671725,94199340,13735628
382,76345940950,7639913511,12808482763,1571187307,41554487746
972,7079465,2638653,814895,2318753,1766755
590,7607690292,1544392457,7921733911,5573429728,6398027664
895,89227918506,38526815562,13907013060,14212434877,9728651626
737,185881857313,50020097483,101210077270,90110300097,42327967818
561,53279484929,54260211443,143789978030,113980002558,49200618342
588,350413061,34650373130,6377966299,73263862,275203503
473,2768426193735,352731970851,1044419070649,1292606601541,255145848534
991,79830096587,6838273340,4210288800,1009918723,164131674
1469,850133838951,211279236001,829377970879,491329326329,183417568320
1120,14577291166,104841789309,52796408065,8692007135,36272119543
965,199038516371,106493272949,142586781928,109265880614,13870398045
1164,108749438272,22098734604,111394813830,62534918959,18875129720
1282,3693292335,134433902,791623717,5909438,1550085
946,66545746787,10812584000,13838730075,83142066783,41696119523
715,857270665179,283146504169,806078444948,408805443856,113175273704
818,46678215899,10727449541,45260395816,73679871419,34906250536
216,182870108554,7352199341,233375853718,134902102156,40133637156
744,168581803551,132767818926,124793885977,258314790674,39576084235
1422,2327131619518,205448710303,1147601018341,1176412178568,361415752281
282,452209598924,111561015776,195244160194,261611368335,38525335024
28,15262124102628,3119156917522,10073038163422,9608959179545,2691316623204
294,4425100773994,784163416255,2742731820113,2461990764285,1017138207390
629,13425189772,561809545,3863488019,46675867852,10268550933
573,15840845896,674636090,11434937813,4940983330,25046829
1360,2327131619518,205448710303,1147601018341,1176412178568,361415752281
427,2354989558210,259442949262,1184647996452,1198009315218,367009412938
993,358921,447507,356274,285314,92885
903,4954843926,19626394050,48063708424,36325437855,451981669
782,586023983,111706324,1136250663,1651326936,6553334
331,474790327139,180195741905,322567063717,298193293362,67095319678
149,24499650315,45977211613,58297790997,40670037198,35290133972
1346,2327131619518,205448710303,1147601018341,1176412178568,361415752281
1237,54573765124,134939280,53194343585,41008049725,322234270
1235,84601418474,3834891922,11947821605,11778518010,44355387390
108,1257188759506,76103248700,704423506325,409973549678,179494720091
703,54168477901,54112451628,60191562336,287044584285,12445479714
232,197194948187,71227076784,229428909557,99689602010,57681866171
1281,1200135911070,154066129805,597988072235,651108699738,275663174695
1196,132458416265,37054907182,40774434311,53872136225,1031708964
509,108051006587,13060678421,39718286989,92919901853,3860680393
1138,43356546650,869073513,13030149551,42018838274,859049166
963,199038516371,106493272949,142586781928,109265880614,13870398045
906,631005350319,149207117449,223830447555,209691048730,104834452089
276,16223822552,8311066320,37412126219,93446886280,16921564544
928,164892449577,94187154996,89268601145,117967953085,11878121075
285,1731140825344,366810005691,875424220025,977711791133,262927825685
1064,1389976274972,299322221672,1009315571931,886865705054,248785856405
14,1611814665778,303334021601,1043416887272,806394785589,265160333447
976,17343483508,6025627435,41617309857,40084906566,6551051343
569,281059758073,37882308310,93803278835,255451700181,28615287388
1226,1256621303513,166906759716,649000953641,680128984356,312175845712
1163,129466449643,74897186318,57143605460,158231361274,13032179219
877,89258144751,52812062625,140566432043,127950521562,55438651323
1134,46618484979,7165694216,42532769063,16008312200,6268918277
325,6182633388,766743884,1833060563,4698966919,1501133918
619,57286464873,83690951847,27178280119,97075641401,7688831468
572,155669099087,51375062119,188080862211,162269041342,8544576296
817,112713437772,38973870368,87796100912,75667706576,14345279297
986,119190781809,61938241871,140653615762,67028680365,24383284397
264,63073815846,2461897278,48071004208,34836033968,8389926462
178,16453452016,46878771290,9247040761,6815398611,3592269493
342,568604680134,179814972836,461048679507,455044514766,210839189684
1191,552973580387,183315674468,488569886946,286732856825,245601986599
1030,151000736,263598,1283838,1264847,56164
439,7346118730,3851723352,35264915570,41117668382,6931550644
1331,888634640991,69856429586,469921583807,413376362695,152250276722
1434,1070533908084,131766462774,500478225508,546696832967,35591271722
208,35521019816,35101486606,4205341626,10165928043,146264129
213,131773381378,19892470932,114484462816,42824035336,103803232465
1217,5250326137166,702051623180,2923714333157,2946132425082,938031312230
1409,2327131619518,205448710303,1147601018341,1176412178568,361415752281
998,36329072272,1246818697,2706170548,1583224060,661865417
1463,2451942743714,245075140662,1143608247514,1161302252290,474635286053
281,2327131619518,205448710303,1147601018341,1176412178568,361415752281
1435,1070533908084,131766462774,500478225508,546696832967,35591271722
1310,59148771415,1251398719,41204382192,41569779099,34665149881
230,2489692514750,218932715922,1290305681932,1256189419613,380741410437
262,63073815846,2461897278,48071004208,34836033968,8389926462
301,791376069839,46399563463,511964261339,289211850322,101329905114
1060,377710849035,146480325934,242103725194,313707522267,56519673807
999,225198573565,79753494242,20972747079,26004262885,19043020528
557,402690377701,152713877988,262593321988,315879863229,87328764811
493,526383676832,35483489928,179420908479,207033752392,29939865798
286,12527601291,5747655204,1760440942,36732574519,2841687719
765,304904174,5973520,14429287,66540864,68003083
455,2341021270673,206440581113,1151503671374,1177223460643,361875389069
379,168734028953,15351442190,136771188982,195984685936,5360393775
471,1231254215912,205822306714,731966350428,666511966724,160531048057
826,21720034345,9307824466,49438684470,49786208466,6629152978
1387,2327131619518,205448710303,1147601018341,1176412178568,361415752281
1428,2327131619518,205448710303,1147601018341,1176412178568,361415752281
1149,613803331744,212274551483,505321748886,440144857591,128561184242
454,13889651154,991870809,3902653033,811282075,459636788
1238,197958693849,38831858019,51016288666,46531410486,8775563441
1074,187847333882,4221849230,66402635520,21774615389,9152943082
485,1658268234631,192390058496,775929142154,971843109391,105970827935
579,449211174400,157614829019,274838014386,203003339381,90972615604
1119,341843564135,98907267542,192512268841,254061156901,46588839847
1342,2327131619518,205448710303,1147601018341,1176412178568,361415752281
566,5039279883558,1178318412644,3580760708091,2980756114229,1307127843089
1302,787206628806,135866975393,394723694764,294983562907,182693907825
1411,2327131619518,205448710303,1147601018341,1176412178568,361415752281
1341,2327131619518,205448710303,1147601018341,1176412178568,361415752281
538,567566283812,64674454810,358342910484,237870353051,97369858103
1262,194794947568,86557640189,186036804639,50202064930,45122626365
1258,15050953014,233297837,41314741450,7239120684,85267248
445,257403119323,104395909448,58532492263,160673206065,35760442849
1085,39062115400,238454777,34726808747,1411082747,34428771945
536,122198793131,10717568876,147390004382,65548944802,42464753497
1370,2327131619518,205448710303,1147601018341,1176412178568,361415752281
357,6517004833438,629349468679,3106875890474,3254487155809,1028008069445
1236,278098224083,83378216139,244789828277,155930047392,56963800851
470,45444402861,921501641,16309663243,41827045473,7209738302
1324,39591115172,1628870617,5096424800,1411743990,1264661817
1352,2327131619518,205448710303,1147601018341,1176412178568,361415752281
1332,888634640991,69856429586,469921583807,413376362695,152250276722
774,1042036673,940702647,1818836810,6545980906,6197512512
1110,37520988084,1187704841,36110302796,1484114562,34569045383
541,80525483167,8016519551,2906551639,46011581598,249577413
560,31042513272,48922674638,16699748707,53442257245,13129555712
1199,271906683769,101325284913,299886735046,297547935335,94105728985
400,1048576,1048576,1048576,5931641,1024
1155,344082777815,43842148531,259157086962,143964791551,62994898380
1024,16624321937,8620360840,14366204577,8112389562,6385992322
184,2721404090,413730799,6318167867,9096934159,327774950
1275,1090513154440,152571317870,560561715878,580924340426,274983170938
411,494888894353,253329525110,454084763489,459606805193,158036750835
932,632691246,96527873,1198264980,923012735,247131925
1449,986617160717,53858006259,502024951195,550988890919,186291894782
341,27867870495,41536261055,11374172664,10128532323,1106786149
124,3771919933239,498744368865,2261712931178,1953692371414,596863464039
980,39379217281,7592189589,6967173237,4619938807,9180882684
1220,426514297473,48682473844,112430863672,174245253231,51792428133
245,12249315665,1366813320,3553766002,7512601560,1085970536
1086,19715002369,742913349,5340368903,431812998,168059521
424,17482388327,198019671,35365043523,37996391212,860955496
1161,858806596839,218363850908,377777379673,445963115154,59553298329
1037,67837321733,45664374983,128088246857,54984789454,36830631069
242,4560903210,117655617,1938073025,2072995428,337725230
312,44923828222,243919249,10568838191,5996926745,6485340542
648,2669169963,1352567282,36836766811,6839122714,372854206
363,3251059124478,485327881300,2353575961192,2108218972820,392371364168
1144,684321830400,30361796233,401101830911,285793525885,143603369105
767,85132394032,10955319317,97736163026,54650140843,41460727683
1429,2327131619518,205448710303,1147601018341,1176412178568,361415752281
197,49021873296,8168490553,24293251807,87313300099,1092163544
617,168033822827,58248827128,38984793825,15287372000,14757143187
432,3620325398058,523447355213,1942035775646,1848345028199,618629027257
695,1373446179684,217778853709,751470804484,684565398212,201170610156
623,15890755545,44904144846,58030681194,87833413616,9737879288
1287,3604798024904,356441805364,1757354486216,1735369114479,532806442253
1279,1090513154440,152571317870,560561715878,580924340426,274983170938
734,372765762607,95606997198,177783903218,285719439180,52852629200
135,202752656950,32553812366,127283469045,133289819267,14969659760
1306,23057854658,992278156,37286117660,74444315860,295575828
220,261408901580,11376711286,58352102275,72949195510,21315861161
1440,1070533908084,131766462774,500478225508,546696832967,35591271722
653,104889351713,57120681939,68396590859,86724531094,51451446601
209,1242554824480,177305942460,726274662932,424241446114,303784157725
25,37798345941,219363216,289400290,640507968,34383723768
644,192414526639,50489688300,142283409661,79230923831,15399938705
830,21431881208,2307849101,38028690769,70239166344,6291327713
1219,5662066700984,839043702457,3252505645479,3030825464765,1073906448960
361,1227335877907,293153690005,674725515684,668394492181,264713005929
598,1358155802259,369594463220,992861553852,876016380672,206724019027
348,3107892077599,1029304712028,2066698179920,2118283298336,522912547864
1462,2451942743714,245075140662,1143608247514,1161302252290,474635286053
716,957741189456,280276083656,580967019865,674578762628,155992636782
229,1290128382149,279640703401,825473712169,685313452497,258068431649
947,18326932,22393347,25794893,35766699,71489699
435,3043666987024,479457435965,1833661404958,1786411990245,308648690420
1004,41262727452,7927957693,11091278759,59877193900,1691858190
1012,14054801536,322338685,3771159322,34558916927,1083443729
1364,2327131619518,205448710303,1147601018341,1176412178568,361415752281
685,107455824060,35677177992,11895550625,22418634445,1516325517
1240,150629357013,2566568682,54905416547,71264066898,416918466
1107,287915056071,123036856073,308943142645,213328177608,103879236405
1327,85654767114,10132236338,102381071306,91436263570,3133822391
596,16953638400,4706556167,13888013193,4569972354,10380231655
1013,44133020,107533509,45655100,181818401,17484931
228,121142972244,32161929016,94608640865,52188240376,50298289847
287,133869387678,5238170753,214857525171,129403134814,36777287611
390,1040108838660,465475177789,732196722042,871836511731,236534542324
736,88714014933,36145359209,11657006417,11989717424,6585010552
236,2019238270570,349279514256,1055494870794,994509811812,469529182747
1457,2451942743714,245075140662,1143608247514,1161302252290,474635286053
498,234795435797,11217672251,185354827568,62300989045,16346123909
162,36177797982,54388225627,38269508036,26360396156,6226573951
893,600403251940,90831373950,314867493747,563410436541,60137745544
17,229328722591,23023359741,26865566722,59031469957,37946233913
480,1099864843560,451267830908,633556995737,625522215092,193853949059
676,1070533908084,131766462774,500478225508,546696832967,35591271722
771,129245897037,38086295112,96243858989,112438993207,15462924444
811,148082319773,16364897036,142767943929,174071183524,18499230460
1132,46618484979,7165694216,42532769063,16008312200,6268918277
70,57864421586,42087184144,6005475395,46143429083,9455627550
1359,2327131619518,205448710303,1147601018341,1176412178568,361415752281
1376,2327131619518,205448710303,1147601018341,1176412178568,361415752281
535,753612853646,104480231986,320963614803,404273743415,238828869582
503,898178141620,47834064112,475879799691,323768087240,110361105130
919,466422522798,233301521239,313058503514,384366868879,113360273285
359,2061979255407,157900011271,936798079472,729311850435,241675871855
316,6527940767,6145917115,68824528,276010313,16967527
725,169882669161,23804801986,140455711995,61315120645,63892665538
43,181488850315,2823697665,177731690884,188876325822,7481133561
589,347290141953,113381841684,164575258047,363108242047,97216345549
1413,2327131619518,205448710303,1147601018341,1176412178568,361415752281
441,935927186762,55300330882,318344652411,401991037602,77031158798
252,4183274058,320939468,885149085,473087583,196875778
119,8779815732800,1673589357823,5693771206772,4842287915487,1740996610432
483,525502457862,105230031549,350103471573,421226727543,94942955749
374,404162695219,162285035433,206473331293,317652266529,78502484714
161,53769415831,13656978620,25632920234,75228912570,3187183959
1244,150629357013,2566568682,54905416547,71264066898,416918466
1361,2327131619518,205448710303,1147601018341,1176412178568,361415752281
821,44235426417,8525335008,48644923462,6251682707,2446563421
1005,236871596807,13857612882,171960885000,51947633598,64671609603
412,494888894353,253329525110,454084763489,459606805193,158036750835
478,775200960837,223299155741,463060921830,539789064633,62722815874
532,741059426230,30723944095,333860184271,240010901574,100662718196
1183,1687471029388,350757303990,1352854992419,1052499629396,594323197890
1321,115892172,14646151,384290423,291902657,12649387
1213,7968696626508,923212686387,4116030924126,3931337961103,1145675350291
1253,119330193979,12471576951,48176930058,56888426745,36713648633
547,34359738368,1048576,1073741824,1073741824,32768
898,34397777069,31233999,6099493971,153463447,86467927
117,207492585057,48076698605,72993076784,50898173567,11731626682
1465,2451942743714,245075140662,1143608247514,1161302252290,474635286053
558,275392192539,98320863331,172043179921,251927683997,45012818214
385,38964246181,1654891122,493346945,2101536443,3115835067
816,601598310212,88276594203,344994000396,349655414107,52636118909
931,98681918960,59862941207,26794531159,70975596262,11609285956
912,298698465330,11094464942,148020014486,152040412489,38866989279
639,103909041746,46760462647,46575098189,119516631727,9501447143
1473,22461083780,7980617907,53472273040,14929885587,3251303065
266,49000720876,2114028587,18518328547,5498967341,3356349545
551,161831565578,125661276383,127314041434,273408473844,15342440704
1427,2327131619518,205448710303,1147601018341,1176412178568,361415752281
1188,234161589007,15226409791,76269129245,161816752092,10515711252
448,123831952110,58262105394,58403629710,66976628682,7701982730
114,1960260593,8054120581,5737704524,4957196952,662172453
1256,119330193979,12471576951,48176930058,56888426745,36713648633
422,1731140825344,366810005691,875424220025,977711791133,262927825685
1063,1389976274972,299322221672,1009315571931,886865705054,248785856405
1088,82773661355,14247894493,17185638331,7298538071,13266308047
249,4183274058,320939468,885149085,473087583,196875778
1474,71461804657,10094646495,71990601587,20428852928,6607652610
1151,613803331744,212274551483,505321748886,440144857591,128561184242
101,88964140798,9058044871,126781162804,6448861098,976137605
371,35050440863,63309633,194009145,136649967,278321060
608,73234226183,61220169739,116645823367,116564025390,9425376998
1472,1222639855,46546146,64010835,3045630437,5632779
1444,1070533908084,131766462774,500478225508,546696832967,35591271722
559,54698365943,55962659987,20742399281,71545824082,15870996089
525,664371434,23936291,20921138,3073165574,4523101
1350,2327131619518,205448710303,1147601018341,1176412178568,361415752281
173,1581319519,6785697940,4140169075,39286110539,3403249494
739,160627324078,54667324165,66501731025,114324697921,14071625479
555,5246350669757,1242541445106,2714797788692,3126224452010,745357838375
1452,986617160717,53858006259,502024951195,550988890919,186291894782
651,42167522509,2308449483,7770122509,1060896494,35621339527
929,308379549,85603104,717707031,154058130,5152600
693,23606332,84870235,21861493,34248253,5318578
1169,1564101777941,264333987369,833520342006,889676822741,195331132787
867,40578737555,271711030,6602176809,2842358830,105394349
1133,46618484979,7165694216,42532769063,16008312200,6268918277
1273,1090513154440,152571317870,560561715878,580924340426,274983170938
123,367665482003,47240072533,273661381575,215026612794,94078762624
506,108051006587,13060678421,39718286989,92919901853,3860680393
820,101073093410,7544641862,47898841888,71576701107,35893615930
922,2328571688544,206853050636,1149844270512,1215720346149,361639687893
202,68262647583,11108813773,5430345238,11207784514,42739816207
907,6161241254,24979322,6103795174,324026570,72562882
362,1146512535314,197077580163,648696528181,634168184937,322260522198
1269,90289080478,9070479396,39000439590,4972107247,4069473949
167,39430457725,788581885,7388140748,4478055231,219891550
1206,93559635208,13773366811,71045264569,74815059167,57944806160
1322,1011605679658,113016168475,547641075972,442941597384,82730205181
269,2725887436263,234752765397,1378731787626,1434146732513,444409161719
129,1035095179409,288669280376,609847945685,732211701397,163812397477
358,7555339287104,1091702743991,4456431270264,3977929068941,1677525079619
458,327911652659,48009444486,203935119747,89740230109,11887962911
338,981132583180,294067113820,374349438524,528037692556,121965432161
1057,17929974087,913428861,3404003532,1703055509,560944374
1334,888634640991,69856429586,469921583807,413376362695,152250276722
310,173775337465,9247282621,141518236261,70238853111,52087331044
1041,40804008301,38412960,1166596223,1404094705,7128829
158,122903802557,8411814095,48584019302,17233645476,8940278998
858,149780324211,39496752332,47139495750,44595738432,1790819740
477,2197411082357,332056366962,1170646988465,1264600695764,254704684109
420,149188623773,13407529491,257764860515,132332494321,8854564279
887,210993403521,119994528683,197485180393,204351559393,66470378891
185,1372300368066,390029397919,1110658282647,901788301259,190331557894
378,1548270281233,130168753755,987602434633,820207295210,250845951437
218,2988541974881,312900078185,1450164048364,1461583372933,399035961473
1416,2327131619518,205448710303,1147601018341,1176412178568,361415752281
248,4183274058,320939468,885149085,473087583,196875778
1168,1243018825539,385397826056,1113811337709,832149482092,265920145870
908,75134487598,1224432215,2171714486,8954074020,35403609045
1296,358327912699,33472055490,349863191039,120169652572,74067194956
655,858806596839,218363850908,377777379673,445963115154,59553298329
519,991763528323,268465732950,606527359607,704753155906,36016141137
1289,552973580387,183315674468,488569886946,286732856825,245601986599
870,5411540037,278856683,2004215184,773339068,6449381575
1215,690818640469,177672202080,329309865613,388943093317,81840228509
556,5328573961,1121104743,1483121235,3265339697,66188787
747,94957180021,9731615734,9153552377,78139325960,1854314122
1118,341843564135,98907267542,192512268841,254061156901,46588839847
465,887475453942,213763375595,454969505406,688692855647,65441072376
1316,50505606170,6324078468,9694887652,1302069641,7709786038
1318,50505606170,6324078468,9694887652,1302069641,7709786038
430,559732712070,118860180410,221388964536,357789712733,75145200660
31,128925102704,9748117321,26973821798,52931712029,12400218416
585,1000864061463,184617476339,590134835116,638290700053,158247615890
261,63073815846,2461897278,48071004208,34836033968,8389926462
790,124535230324,44220413510,21271326534,50989476865,11535702304
970,874833600,11958732,98319318,227189414,830030239
1430,2327131619518,205448710303,1147601018341,1176412178568,361415752281
1225,42942554062,1669192399,36007457534,7118948413,253434934
622,885027875664,293850538638,452746983337,568225324613,125280161803
770,147104783125,11126612025,29806954765,84853078402,58389704778
892,30562082493,14124376930,43758332773,38308319956,6671117555
1175,600861261158,210017716583,371691588260,267621503884,146123188319
1145,342213346,614198,23379717,9310183,650300
784,1385126225,517989033,1189662903,1093596093,6183714594
303,7794736150192,673361858058,3804409692586,3779795526326,1168706632849
798,53935242551,868717415,42220575858,76129692588,8406815488
1158,81945249654,4113755367,49126420631,37583698016,6884683039
987,177010767206,4845077930,102233878050,30268960618,3543094341
1026,10864816,47905097,212795814,16890439,2961309
1260,160160894612,28814569024,99312558672,30289703964,6766418350
1415,2327131619518,205448710303,1147601018341,1176412178568,361415752281
705,2516169477050,265969951913,1217104004013,1372476016190,405312592976
279,1735055911034,368573110741,880640157657,982297069586,263274547398
618,118386596713,27465385366,67526085276,87280035918,44473655243
761,114701516946,20274709505,69902995406,48959873005,1786507372
1404,2327131619518,205448710303,1147601018341,1176412178568,361415752281
219,2588540521098,216825421590,1205953120616,1249361374078,382731613442
829,193865608279,7736410484,12791268193,38360591647,8591327208
146,340418046,522437645,3557898915,3378883853,179893261
72,1025441583774,517219813603,744264102807,717317484118,199527027830
200,1772279465,923292428,35510338634,962074101,129906819
295,624686449231,117973553168,258426240191,245534053266,39171006416
1368,2327131619518,205448710303,1147601018341,1176412178568,361415752281
1297,1052527751081,270187513408,711470066524,704691058005,246222415590
1040,1028708980234,247062775743,503880845916,296587679518,117629732405
1058,17929974087,913428861,3404003532,1703055509,560944374
1067,72760988262,2809744380,57185789886,10671961443,254648825
1006,1028072505,1781148756,1855249243,3554551176,863975046
831,120720490841,52519360615,147346980868,174598695851,56780887654
337,2680382091454,490590913062,1531106323676,1459877601547,510667974193
429,127477008344,36985044408,50973274410,47252175486,1789753845
957,3042276147,402746121,642911252,3054520195,73106105
505,1584783946020,209855566168,814683317058,737574131299,199798838841
273,7094442318,328232251,36683691976,2895255153,177562618
1254,119330193979,12471576951,48176930058,56888426745,36713648633
1009,76261007227,11449684470,13910091395,140454714049,4231361353
592,1465553232840,490331045635,727116730931,1011318114194,188339657506
1255,331874972880,34568807904,265031586246,166634380807,86284658397
838,92895770765,43859863664,91986337473,120636399161,2560988394
1112,128542289257,14146609972,60402807917,57182753403,10717724361
160,9901178810,7179684609,5362699001,44049370046,4036162787
1349,2327131619518,205448710303,1147601018341,1176412178568,361415752281
215,133869387678,5238170753,214857525171,129403134814,36777287611
854,110675910673,22990707806,115320496045,73021880353,31128996732
633,1878360519434,528987412692,867134123825,1036761291574,420363420639
1353,2327131619518,205448710303,1147601018341,1176412178568,361415752281
152,64096506138,19805106831,89287621938,57998509122,8526445068
375,134885472485,71378069266,50517699751,62614243155,14166838611
698,71234846660,44835811982,12742401212,3765112362,35688137333
862,61508162885,42811228339,37198924280,47992054740,6621578641
82,2359331903,4540051950,35827053545,7602520093,288188056
1014,11705456967,3433809408,1743984642,7002266096,111645618
1467,2451942743714,245075140662,1143608247514,1161302252290,474635286053
373,1699036228137,313670821908,896951682581,942502666251,266665967771
130,4328813468101,430857966782,2217319070545,2046533112315,760183169296
544,78264940485,78637750398,98372241534,165341131317,9187105490
723,383057178430,84612105405,107870918285,184731045923,12953025406
102,88964140798,9058044871,126781162804,6448861098,976137605
144,152667459161,21247131101,170414423562,64325500195,39551777312
309,11582281691800,1795403247205,6755633598052,6094558074312,2382495392244
1410,2327131619518,205448710303,1147601018341,1176412178568,361415752281
728,1266120971357,358198712586,466664545663,730358438825,141600601978
694,205445015666,106272366331,72237877068,86592516689,79119012534
99,90698532003,30468420912,299511296325,58315907328,5270587866
956,6536255560,1143547781,8091715322,5525208470,13531625485
1170,8651284184975,1231211644560,4957564909059,4762814311417,2059966435730
260,63073815846,2461897278,48071004208,34836033968,8389926462
235,20436109455,42892283823,7204235117,53352515522,5808551401
353,112740488099,782618500,3389877809,36793621039,1266000075
246,25373409030,14147601839,9937031164,15461286096,1779795785
554,217101263627,85119487126,56262503184,165810481207,29842783185
170,247654591380,52125692974,231959226552,92764976173,89661023295
444,2551304025075,271259195930,1206903811329,1176831476925,479214566770
553,286895121666,126603349116,177769566210,269611035611,25363093850
1402,2327131619518,205448710303,1147601018341,1176412178568,361415752281
222,33034081174,108250148958,76022806558,11251614168,37672672733
697,277410424725,176389472002,166786772456,189266583186,78843922949
969,2333314252906,206215454188,1149434078904,1181111145488,362916886199
450,1961462387627,387864712254,975217805997,1040833992853,317078328075
2,729497908405,73634734336,554748107988,550100308444,31656892646
772,41081490640,3402047843,9458235009,75553228321,178829373
1464,2451942743714,245075140662,1143608247514,1161302252290,474635286053
150,24499650315,45977211613,58297790997,40670037198,35290133972
154,21661295217,12960352083,47640001960,42463284504,2454402569
878,87188314283,52010079314,102625465383,92709373972,55406414783
392,979134579139,599778481432,908580253957,781659574689,233478770340
1300,11234280998,1360250828,1640668855,6283247679,215882113
116,2659435328771,293151839267,1216601324298,1212200425858,486366912736
49,10268125851415,1371023863680,5373600191592,5499397377734,1602002255470
1336,888634640991,69856429586,469921583807,413376362695,152250276722
419,118687154762,14858233439,179180633794,49595452445,2318487040
340,27867870495,41536261055,11374172664,10128532323,1106786149
794,165211311264,86151843390,138782698307,188954715221,19787840035
951,958056265958,184049941754,500765120974,508582343273,144572842208
702,2447268640285,425438768319,1327085954934,1407801394909,285642240521
1378,2327131619518,205448710303,1147601018341,1176412178568,361415752281
1294,358327912699,33472055490,349863191039,120169652572,74067194956
628,79778231334,36009911923,113715761913,93445494707,28686861022
1061,225698660485,46995482193,161497699252,191085045950,43537726917
847,124653026172,6901029999,120014237898,86040129943,8879714349
529,246978716282,59850872217,142360285497,67410292481,43618224436
1403,2327131619518,205448710303,1147601018341,1176412178568,361415752281
727,361725915510,172426182421,311035096456,232261144292,92082481713
945,23604592783,1278833842,6049756695,50433305261,5646634988
346,452209598924,111561015776,195244160194,261611368335,38525335024
696,220566235866,67661732326,198258318150,118133868870,46649356057
55,4224616825057,1743713390584,3143546556437,3551988325072,1452161158502
1124,14577291166,104841789309,52796408065,8692007135,36272119543
662,50269493597,35047309129,1606180016,42844691332,7204100683
1272,45619559221,6117619736,3171219861,308518571,818036549
667,34915665364,1202815573,5245694276,9054710941,7951454936
801,308329524889,43111579281,99958309776,33740680440,41182856554
806,6170544252,1037971717,4687760748,7974543631,6091908681
601,3342735454990,290549308936,1764696702589,1747388941484,556397442824
710,6007078209,40454549550,7196079551,37985576025,6379725059
966,199038516371,106493272949,142586781928,109265880614,13870398045
1309,1628784236,1116874834,234869302,870898784,294976048
442,970321330632,168385203920,714608966943,564371228273,124535187724
1062,3272847977624,286393547183,1501536112067,1547670087650,434433675861
1453,986617160717,53858006259,502024951195,550988890919,186291894782
1389,2327131619518,205448710303,1147601018341,1176412178568,361415752281
389,784855547102,352317276041,655937371386,579398447427,180276766010
487,175645046027,114666483504,186521885369,142823048181,103493786672
73,4964408618,1168821208,5633458010,2096076046,1120807276
468,4210253874855,431803221689,2038104260802,2159017207838,628821525037
372,35050440863,63309633,194009145,136649967,278321060
1178,59886655423,3869073339,25236535428,47780102621,7792161210
1224,42942554062,1669192399,36007457534,7118948413,253434934
603,667439973826,77929739545,161460160460,346396021797,21895927667
1153,648437384700,270017622649,592045994853,460057218557,166917392257
688,126883082913,43854632526,86001837753,87225383259,74830279118
944,160160894612,28814569024,99312558672,30289703964,6766418350
140,4006663705,7055862100,13108943536,2933948641,295255917
741,419849322104,178614399163,328424389002,340585666110,95153871121
1049,137041335593,13334520256,65534555687,79599992200,6007753745
722,383057178430,84612105405,107870918285,184731045923,12953025406
137,202752656950,32553812366,127283469045,133289819267,14969659760
1323,4680395590,6509847642,42562764110,4778564549,3128416717
247,4183274058,320939468,885149085,473087583,196875778
1396,2327131619518,205448710303,1147601018341,1176412178568,361415752281
796,78579595547,3131726703,48802796618,13207694609,40882879610
866,17855743454,47949212117,46939033698,39675575483,36355231200
322,30562082493,14124376930,43758332773,38308319956,6671117555
360,11314887975008,1325006925177,5707184345404,5887432398564,2155379455619
1372,2327131619518,205448710303,1147601018341,1176412178568,361415752281
896,2426334636,546239519,515816737,6460087276,1415941894
302,93729456858,9579011541,117423003089,113839322493,2908881371
1277,1090513154440,152571317870,560561715878,580924340426,274983170938
846,51980149806,37840031191,50785781940,36482484063,1227812367
1103,298698421679,11094423816,148019980848,152040377518,38866975302
293,13443803506,1735700439,7907382826,1279039773,176155069
490,957207964808,44053381780,509524611338,307518595196,66621299425
670,391682146764,123080570001,280532607619,295107534710,90380913141
537,122198793131,10717568876,147390004382,65548944802,42464753497
582,781817578575,118576419158,287186038452,170017683803,84252052571
1204,567993708222,116009064597,326864313446,257187237942,29479325475
605,2444051443811,557149628214,1634734449688,1499703783672,352253955699
134,299520071341,123831897220,278390947475,181414479916,50116529662
615,1243018825539,385397826056,1113811337709,832149482092,265920145870
883,54287373966,3482781912,40260955074,19490383813,6699549906
57,1963279907950,788746417897,1453105604450,1386974670572,547415387158
959,27477623,151093393,564647242,235756874,2276263
1447,986617160717,53858006259,502024951195,550988890919,186291894782
842,314164855351,140213051163,179760000520,179045544583,56517086281
649,1174665418907,497422388662,557307782707,528390930707,280357120479
681,291908565620,16835813161,116915785575,201095950468,22237579912
791,52042563353,94325826054,28496299235,47273653570,7603682917
1108,436297368390,51949361140,145490186167,142933478796,17869886084
453,1258074532500,255069049273,986093499059,753180949444,314504112751
742,674307941479,170694254108,561007781033,506153071572,156483512679
53,1936838646686,472315409457,1390830590977,1269749301274,356185860145
700,745550515291,305169234944,546727818504,743763386704,196446513563
12,6806728928012,852264120205,3799117741018,3617328926016,1045941681484
207,64079373525,10787874305,4545196153,10734696931,42542940429
268,3795834870209,652947628542,2501319067825,2061147347122,585483477385
40,3520670934036,624479509357,2842332177068,2092421559419,625955228316
330,888634640991,69856429586,469921583807,413376362695,152250276722
1139,43356546650,869073513,13030149551,42018838274,859049166
792,751949264534,116157794551,450458806518,227611769144,100955765603
414,1964524287157,354358615880,1285431147633,794675731996,259460996789
66,149357432150,62109392967,160629909798,59270881223,8997519840
594,2763577552563,613091561820,1532384206316,1608469178796,427315815537
1106,2615046675589,328485566377,1456544160986,1389740356177,465294988686
977,23954303,289596691,12783957,33768789,71322040
839,92895770765,43859863664,91986337473,120636399161,2560988394
437,1113212889882,331063150925,702187626552,801589164851,157807340371
159,87394403820,1085822386,12885138262,4628531734,1008492921
1351,2327131619518,205448710303,1147601018341,1176412178568,361415752281
567,51764260383,42028265268,4336583797,5298996282,13470393764
612,296989626671,101893150570,262483320380,184325241310,86678582943
934,8007953696,968075743,2686047178,9680691282,1050073673
549,388141747772,165428044705,423513230871,363924826854,112969920228
464,1126896830571,300184701643,628733406662,919773924418,73277746624
86,8270290695490,1369467632028,4977496457106,4693147185439,1750416983254
77,1066013470467,331413761532,855989751637,741920355784,253637766662
415,40018153302,3345750632,7283011834,5427575181,630940137
157,105851193828,4494182035,36111536756,7188138768,2409046110
921,7853985206,10503677056,2547181784,1126779896,824466920
65,214063139915,59247753754,179344712289,97392454725,11296749576
402,5335561,4468033,311296,616969,1049622
417,2876252022903,232282200498,1438777819199,1493373119475,449676849186
923,127359303288,36944561222,74130925994,133144143617,17961183165
708,75721663589,9526477763,73925803965,127605843969,5342228985
377,936852839017,121459659605,667553222015,386136676567,193047519200
23,47862684827,15526723541,41292336821,43239299192,1915370355
1129,430671932021,148108768015,425082893109,264160826485,115546671436
6,4760661929075,426594949103,2383575781708,2606489924249,767154388959
864,134319351737,2437510912,13253540987,51088274300,13374582536
405,24092401616,7605772568,72961753087,36347126401,377171703
317,2333659560286,211594627418,1147669842869,1176688188882,361432719809
777,10309820471,180502525,34588556833,34761655807,31196935
845,51980149806,37840031191,50785781940,36482484063,1227812367
143,152667459161,21247131101,170414423562,64325500195,39551777312
20,4873187594462,1112427112264,3022712450844,3064691682795,721986423700
74,4964408618,1168821208,5633458010,2096076046,1120807276
1142,5388906453927,669819194154,2928776033053,2940260953941,1000057881705
456,13889651154,991870809,3902653033,811282075,459636788
726,361725915510,172426182421,311035096456,232261144292,92082481713
940,1394847043602,225075487989,776711701657,725296144372,161887268834
1456,2451942743714,245075140662,1143608247514,1161302252290,474635286053
517,1563726348230,539150987477,1305888670482,1149077068378,370158794429
1042,28631531254,20085206056,48696783846,119338673969,1620021054
526,777068056098,41439064440,229380606947,250275060822,121432017682
714,857270665179,283146504169,806078444948,408805443856,113175273704
89,9166284441352,1289210931723,4764301787974,4411839463718,1512853847829
749,622496414884,124311587262,478424110822,402418591908,63584703830
879,163175615044,27759516268,64886557876,82539881342,47918045553
94,1423895113769,191388689968,913997891851,708517738882,207041761227
92,277681336371,29889193644,344171020527,324706044903,43145416944
900,230768828669,40089092359,151773129822,167091763014,58635661347
718,473145140010,151205996868,262776428656,230224962780,18533663677
516,1563726348230,539150987477,1305888670482,1149077068378,370158794429
81,4319409172671,1147848899938,2892233175686,2729898932549,867600056698
1126,455561647768,49428596571,384213087206,309595235765,44330068380
90,3399252061644,1000748991314,2505512627041,2297813461721,796328696934
704,2527057941615,269321871574,1342573011738,1600573480585,391866776508
522,2741892550608,266640512669,1233143012723,1308634693743,480960872145
850,122660567250,8218796425,52329370960,42773261992,6748461659
545,8779317372444,893855753280,4810816536837,4582858618310,1464859555077
776,2579632739036,468298418325,1692652461939,1592917965798,584070016034
41,701031776681,140911908801,626786313702,475650037969,77841024843
1038,123341981271,17297085435,36001983963,122910026021,9187750891
1193,132458416265,37054907182,40774434311,53872136225,1031708964
175,1581319519,6785697940,4140169075,39286110539,3403249494
523,35441815487,1151551251,244231568,4356092265,4731711
1039,10174693421,7125902507,6619731544,2526276929,491015612
1460,2451942743714,245075140662,1143608247514,1161302252290,474635286053
521,2741892550608,266640512669,1233143012723,1308634693743,480960872145
352,112740488099,782618500,3389877809,36793621039,1266000075
753,4718671018,456771722,215185708,969634074,115173539
1230,2735936840573,369653458507,1776639483281,1366090425041,565108285177
449,123831952110,58262105394,58403629710,66976628682,7701982730
645,1270496905559,261389069096,832874661438,696972345798,185826565647
1333,5667709004224,520380280551,2761130849662,2751090793555,988301315057
990,1174221220,6170701859,34640713789,69345123,34562365
586,294172684449,163826440534,195096019373,147984955475,19343302515
660,377710849035,146480325934,242103725194,313707522267,56519673807
769,148916358778,15888090196,71818798348,19413662634,1449825949
438,148736245,8071481,6243100,21171122,640197171
80,4735556621367,1356357752578,3499703350757,3299152205091,1201433305223
45,10282460598170,1155866987753,4620147241042,4661072744960,1484398811151
611,580487120988,192092590404,272769187318,311396721883,86472634974
1195,132458416265,37054907182,40774434311,53872136225,1031708964
610,354495818342,191810648706,240816199561,238202803347,179373793737
127,4662681887863,671040312307,2321806769450,2476811519441,505973889856
1128,430671932021,148108768015,425082893109,264160826485,115546671436
7,5279717484905,665110442162,3317847107865,2818889470875,1272722965348
1070,148256218710,2592978613,61306210719,20362871398,7888281264
106,2704441821063,231401026674,1643080144981,1371093443409,404947629623
311,11887737341163,1884851030341,6892885533329,6805652597154,2100591536464
54,2237849959920,861075548479,1691785718985,1319851974665,605477805361
1072,148256218710,2592978613,61306210719,20362871398,7888281264
904,29286549,73337881,3886970,4833933,68114664
1354,2327131619518,205448710303,1147601018341,1176412178568,361415752281
501,234795435797,11217672251,185354827568,62300989045,16346123909
984,831382958,649930989,35988519,689173515,4909508
1010,14054801536,322338685,3771159322,34558916927,1083443729
189,1683830737213,119306774064,1081274246299,854497080959,313317031598
67,952191102274,112260692528,508374359522,430230643576,154692047531
237,20436109455,42892283823,7204235117,53352515522,5808551401
1234,76398150338,2245332743,11008607196,11191737897,43917643217
552,300413290878,164744555487,200224982902,163603936374,72400849967
1140,1335764596883,179332282767,734214287706,701125251658,305806436756
296,187978314285,66016410444,112843955261,102597589320,21300785022
647,34681997936,429235634,196994642,352571875,271567321
181,16453452016,46878771290,9247040761,6815398611,3592269493
584,112212740936,11880980143,116349645563,59662857354,28095203440
1104,119160742809,61928959491,140627370888,67019892717,24381952765
462,3272847977624,286393547183,1501536112067,1547670087650,434433675861
1424,2327131619518,205448710303,1147601018341,1176412178568,361415752281
960,1496317681,165320879,85994650,152820336,101463207
1079,184814358904,52550276189,175581489956,86206592605,78127152920
380,114075631507,2484085109,62132233338,41836158352,1432449111
1259,160160894612,28814569024,99312558672,30289703964,6766418350
1071,148256218710,2592978613,61306210719,20362871398,7888281264
1329,888634640991,69856429586,469921583807,413376362695,152250276722
917,6611732874,58382973,34436217561,37495793397,462756897
1173,1293357634461,200770397706,1096726067192,938013036338,274191152434
398,132862989894,57569283574,227839809086,117898188496,41865315943
321,36540895566,668701408,8217393782,1672066321,961504617
1194,132458416265,37054907182,40774434311,53872136225,1031708964
638,266090062499,100547265250,284818419110,292794675295,55076825545
1125,455561647768,49428596571,384213087206,309595235765,44330068380
562,27857938691,53994238958,37046978111,21597136649,5593660657
1246,184814358904,52550276189,175581489956,86206592605,78127152920
121,246522509759,15078143517,179052740709,162838372417,43780472776
1068,148256218710,2592978613,61306210719,20362871398,7888281264
614,4180618698,713050146,106295160,3131224545,6263647663
391,784855547102,352317276041,655937371386,579398447427,180276766010
1018,42409459399,1251642944,7097872148,1067837779,24543812
206,64079373525,10787874305,4545196153,10734696931,42542940429
809,6212426624,375029706,355382381,34431806974,1345762273
1190,957643304750,280167961815,684124426741,500477516806,255851579789
1314,105495832126,12085675713,166606625070,53695326280,49287560246
274,3121514418,15346011,832188028,147799948,3043091667
1231,1417497751569,389616821066,870347897465,790058590619,219136184612
1179,383415786734,48314465962,233953807136,196497530438,52433554746
897,45088715497,42103645127,7230654869,37692744396,3704205812
745,314660892590,92467935893,106851054463,176777559015,12889874433
148,141474788327,77578251522,203505558706,217236658372,36067215539
1382,2327131619518,205448710303,1147601018341,1176412178568,361415752281
1096,35746414529,6794739278,714707844,503770576,6457178912
677,123374980435,24204598709,12244882745,86157235967,16480771857
1069,148256218710,2592978613,61306210719,20362871398,7888281264
18,420361,19777,4935823,339265,743159
515,1095184648447,96011300374,447074640685,452179466237,211228137257
283,1731140825344,366810005691,875424220025,977711791133,262927825685
706,82091882104,2015659100,9373991463,5493744050,6641578701
1242,150629357013,2566568682,54905416547,71264066898,416918466
133,5030131127084,601830609085,2413679952731,2533535034590,1087966035669
472,7471043184029,1644981942329,4349456350553,3968480544310,1445742964686
1274,1090513154440,152571317870,560561715878,580924340426,274983170938
26,2439317866384,218436081494,1288250419924,1292811108095,365725186841
1176,126270754925,17270726058,125518082662,34206511143,15473147325
254,4183274058,320939468,885149085,473087583,196875778
1278,1090513154440,152571317870,560561715878,580924340426,274983170938
95,9315803046528,1065855442369,5081207264137,4838449632309,1684810164481
267,3264766981387,277419168477,1636040930695,1595287508606,517022378549
632,65882122834,72042815026,50186918774,52898665938,10926326125
278,3915085690,1763105050,5215937632,4585278453,346721713
1397,2327131619518,205448710303,1147601018341,1176412178568,361415752281
1250,119330193979,12471576951,48176930058,56888426745,36713648633
583,150126913753,39531319434,136702030335,18339727401,12310515414
1371,2327131619518,205448710303,1147601018341,1176412178568,361415752281
24,229661379724,120480537334,125937524719,175816859471,66292654295
1053,1245540435672,184508180154,819326332125,675469715309,170030841082
9,935927186762,55300330882,318344652411,401991037602,77031158798
989,129466449643,74897186318,57143605460,158231361274,13032179219
387,1988844227752,191609971295,936242547199,820462816890,290456602821
364,505424716070,141966470753,417890566500,500465461783,82341768337
779,373476344754,162455190893,206282148398,346394390538,109181607393
277,3373041439123,274432401406,1695324314067,1822796032403,565607683753
467,2321492926115,270458834154,997296916590,1049720744078,351542428116
1180,383415786734,48314465962,233953807136,196497530438,52433554746
1099,103481691628,25175312450,161951454684,76016664185,44316825667
1454,986617160717,53858006259,502024951195,550988890919,186291894782
1241,150629357013,2566568682,54905416547,71264066898,416918466
204,64079373525,10787874305,4545196153,10734696931,42542940429
384,1796060167,295732366,471828907,36758302,4423173
587,40451897479,37130550076,16486782436,15466045956,631192850
240,20436109455,42892283823,7204235117,53352515522,5808551401
1003,82463272,19661335,14483391,38229084,6079294590
1113,128542289257,14146609972,60402807917,57182753403,10717724361
1373,2327131619518,205448710303,1147601018341,1176412178568,361415752281
324,6182633388,766743884,1833060563,4698966919,1501133918
155,594216566522,131542785995,543536484157,383100367114,141671116804
793,267517379422,58622517606,182160923984,228764008343,66232089709
1252,119330193979,12471576951,48176930058,56888426745,36713648633
1032,1503697308,797242837,1432861940,3982249595,65169455
1366,2327131619518,205448710303,1147601018341,1176412178568,361415752281
1284,541951134014,31702583968,392796632739,162507765317,60041246384
190,874999631921,47977527511,616330407484,448139565444,253728083357
597,65208092009,34502082545,60607588519,55018503151,11289662680
217,182870108554,7352199341,233375853718,134902102156,40133637156
288,140577690995,6191617139,249446149658,163919220956,36788971579
1245,150629357013,2566568682,54905416547,71264066898,416918466
711,68327837791,13483594586,52800326589,110740145816,54897155258
882,54287373966,3482781912,40260955074,19490383813,6699549906
787,3763174325,185642190,941171997,32094871,6080016565
936,12285141571,1395183966,34386994449,34430808358,645083438
997,1952180250,761535056,1849626376,6733801967,210989044
813,24864144712,2306050690,17157169726,50448182272,8550819157
481,477868825538,186065028853,306097561436,254527114309,75401334359
168,41298537684,7342828091,11093877878,8904382885,555015909
1438,1070533908084,131766462774,500478225508,546696832967,35591271722
1205,93559635208,13773366811,71045264569,74815059167,57944806160
803,144914388718,41836038894,22901623759,11105408733,758808936
721,383057178430,84612105405,107870918285,184731045923,12953025406
214,182870108554,7352199341,233375853718,134902102156,40133637156
756,117843598134,17244345697,70366347251,72030867210,6865106992
39,701031776681,140911908801,626786313702,475650037969,77841024843
1417,2327131619518,205448710303,1147601018341,1176412178568,361415752281
1303,787206628806,135866975393,394723694764,294983562907,182693907825
351,121589016549,7115352245,62838945904,48362248652,771376630
107,598754104579,35394704660,314265162960,148173637921,85486064215
176,13830635185,8152511261,7693935077,46798712100,4489220030
284,1731140825344,366810005691,875424220025,977711791133,262927825685
1210,4195797739376,1198996514310,2761584443637,2694835159078,778489337579
835,2042007158,898561745,4115709307,560847984,3428281685
1116,112649547705,906208842,109563811539,15200482336,1523092889
225,121142972244,32161929016,94608640865,52188240376,50298289847
1097,35746414529,6794739278,714707844,503770576,6457178912
1109,436297368390,51949361140,145490186167,142933478796,17869886084
231,2729113891379,305354041971,1464069583188,1487270488385,388578084685
239,20436109455,42892283823,7204235117,53352515522,5808551401
1222,162770118027,39329773591,90999785427,116578849052,14002283392
675,482742547358,176318552439,249061526006,374029499104,30760161777
604,76994507568,8288192239,42521171006,22335566223,13327812647
1308,130943027065,15862047797,256719914722,60943195565,9427461797
256,8066041607,1045873852,2668616916,7039513977,889094757
1369,2327131619518,205448710303,1147601018341,1176412178568,361415752281
1446,1070533908084,131766462774,500478225508,546696832967,35591271722
440,68289307585,29799217217,132473912384,88928941317,5528505593
1027,9366535502,3245574691,4839164840,7027681822,3154203884
142,1534192860351,160655603720,882897653589,727597262352,218822621577
69,18294918133009,2304639830656,9536111482541,9234221949482,2797128610781
905,5168238489,48800317201,10357473162,9921525334,4827438388
967,114798828,24222719,349089191,34586674,14657315
1167,1243018825539,385397826056,1113811337709,832149482092,265920145870
768,250658618895,79040475706,18385078425,151629274256,42229404160
679,212111000117,18925576521,137819318668,92472830242,9652051772
1419,2327131619518,205448710303,1147601018341,1176412178568,361415752281
1358,2327131619518,205448710303,1147601018341,1176412178568,361415752281
1441,1070533908084,131766462774,500478225508,546696832967,35591271722
672,270672483413,122773588255,179997507462,290937062635,65224766898
785,272461407938,172902118133,96049305268,121827931715,49222281950
122,3657221328069,456886419913,1912935723830,1908914402720,538694869897
1375,2327131619518,205448710303,1147601018341,1176412178568,361415752281
165,39430457725,788581885,7388140748,4478055231,219891550
1326,3274383981,392150340,14168788904,5820804146,433659897
349,57864421586,42087184144,6005475395,46143429083,9455627550
1317,50505606170,6324078468,9694887652,1302069641,7709786038
1146,613803331744,212274551483,505321748886,440144857591,128561184242
1081,3680071708007,369141562055,1940593580835,1763173264579,635273248907
1083,39062115400,238454777,34726808747,1411082747,34428771945
564,1668296773336,358080111505,993902830663,1113255462075,269839942660
502,234795435797,11217672251,185354827568,62300989045,16346123909
1130,430671932021,148108768015,425082893109,264160826485,115546671436
1439,1070533908084,131766462774,500478225508,546696832967,35591271722
852,153182049367,84824747298,80314217491,54246078680,42226700639
1391,2327131619518,205448710303,1147601018341,1176412178568,361415752281
730,230155254780,45323080434,73504961475,84060392048,13177652301
1285,455648577633,44223182853,192119726113,89327865697,3542615874
397,1119480150612,111427289833,729864760281,668887079415,228157210726
194,3952944342280,573823583644,2373764184296,2071238311410,805175732502
210,336284616284,47024079886,342601404182,276908910151,125783147161
732,354563834975,138005620481,77967183292,132562889485,10773354894
844,136600564345,45737892961,96048263943,80213140743,6937788289
423,1014210826,284575374,1181862804,534621045,113138793
1181,383415786734,48314465962,233953807136,196497530438,52433554746
600,13018066983,14990471769,83074922810,112472323753,7824293702
636,232399113797,184411501050,229782113369,176208605423,85334160031
1239,341915467912,95578155107,189734843831,168692987460,9838134065
952,6708303317,953446386,34588624487,34516086141,11683968
153,52999040976,47740899221,50960194500,52156124964,2403790920
1157,81945249654,4113755367,49126420631,37583698016,6884683039
658,176490528676,16163450968,134741098951,181637192723,23660014597
459,258488877011,41499494277,197225565656,74464899797,11133235160
1121,14577291166,104841789309,52796408065,8692007135,36272119543
889,8334638363,2359258077,1847621282,35761243044,1701603784
665,254909392218,82451952554,143072142840,182263183610,49796288156
308,746471643151,137307845929,615546298815,417016198931,159237153890
930,1908970136388,342605709834,656170324221,692166708886,305504162590
910,1246974,11585,2435,134217728,5931641
1137,106110803101,2143205752,18849845515,87070510794,1270508290
1251,1630268760660,189225433160,866325479871,735054458858,284967689028
100,243885363184,51183826962,163247433801,125535022814,45538602044
192,3166212180599,250618266513,1720925303250,1618501120075,543024120307
743,85837927709,18085308605,50564646179,88151294163,8249283079
574,701031776681,140911908801,626786313702,475650037969,77841024843
1076,3455187637139,361726465938,1791286503403,1820869610036,521502703252
800,146687263142,106247342948,61164864657,80828346669,8902499570
783,82230631054,534618169,15799640286,16085505410,7655186075
367,3070041712,155209812,1034565724,815452756,30538578
1407,2327131619518,205448710303,1147601018341,1176412178568,361415752281
1451,986617160717,53858006259,502024951195,550988890919,186291894782
840,13355399639,558798707,3860152454,46672928475,10267825550
474,1937889899047,525408483084,1307759092516,1290282218107,404523638994
1035,907252110,2228435697,1346821188,1018509194,281676415
103,88964140798,9058044871,126781162804,6448861098,976137605
211,3912045080232,500216616039,2479342531134,2056203986657,834757924686
177,5924567407525,1404069563890,3829917765465,3882741503782,799782134017
61,10655232490019,1747071951270,5861173246191,5669181191274,1767901096810
1227,42942554062,1669192399,36007457534,7118948413,253434934
1172,554203652833,55990789779,386756778334,285598711467,114231555577
329,3690556587649,455500881795,1940089665865,1887981834626,580761348682
1367,2327131619518,205448710303,1147601018341,1176412178568,361415752281
669,47145110348,1066447753,3731206090,34977687304,34779845769
1455,3438559904432,298933146921,1645633198710,1712291143210,660927180836
941,1288663742,52537478,49179838,554805701,301247108
568,227243633856,135860084951,119653234555,288030815991,20724576722
994,36121550,8224133,2808667,2677846,1379346
650,51303944356,6661227127,43843521002,40837106825,235045784
1202,1013361198903,169965950531,537817219548,429508646191,84384430081
1228,370459878888,10177515672,98655780736,118696672771,6617798449
32,190218926343,53148087512,46610155449,135783344025,25443981612
1208,4084011576419,683006927369,2579912631222,2103821803692,895635436053
926,2909462985,9301010005,6315776470,35307854289,6311767700
625,560374269970,158010012493,466198672182,451318882897,47869147454
849,122660567250,8218796425,52329370960,42773261992,6748461659
621,30083213889,38307706214,81852831847,22733179093,9023509682
1101,298698421679,11094423816,148019980848,152040377518,38866975302
1248,119330193979,12471576951,48176930058,56888426745,36713648633
680,381693296198,68313489138,168093993093,257091102272,26232096211
469,3565935402686,404677653856,1753583898615,1718890661018,730095675916
1298,1052527751081,270187513408,711470066524,704691058005,246222415590
577,255504712868,154015586301,343500410001,299323631496,19886200732
164,8319859291,393986669,1222529925,4763259506,632913293
244,4183274058,320939468,885149085,473087583,196875778
136,202752656950,32553812366,127283469045,133289819267,14969659760
3,151213824514,14463224024,170825219195,106286006909,2633931263
593,2763577552563,613091561820,1532384206316,1608469178796,427315815537
713,1389976274972,299322221672,1009315571931,886865705054,248785856405
635,407903475210,132207651097,159826132017,243281629987,17734507670
1374,2327131619518,205448710303,1147601018341,1176412178568,361415752281
630,14516827823,10366143862,2981854447,11093383894,6912912382
578,1635381523,3371558943,3392316246,6481199787,139609799
1388,2327131619518,205448710303,1147601018341,1176412178568,361415752281
489,5633329423982,726940460861,2333817547106,2546623625920,851801892496
995,98499944243,6757499296,9309522435,8868038125,1433503295
388,784855547102,352317276041,655937371386,579398447427,180276766010
315,10787886260,3869579331,12114433802,9441750959,6505837346
334,23734243978,5679955158,118873428239,47658561918,1608510319
1325,3274383981,392150340,14168788904,5820804146,433659897
1198,34630328487,34615170,1115682179,6252684862,191314425
147,163053679580,52004488879,104347014582,105898155342,16376679495
1017,768107473,644652933,175848557,546432365,4638925
599,2737284199358,695990929359,1868971676912,1738430075145,363723763872
1390,2327131619518,205448710303,1147601018341,1176412178568,361415752281
778,95502216317,14630547604,26264059119,78453290667,6397419738
709,157288256133,13800926881,88422937341,156900255188,14107139361
1232,1093500181284,266688202247,702822523285,649339239529,165967096777
1075,1077815661682,87391741242,347952378730,404627301989,176091168095
1002,17132041,420361,356274,535873,109246
1330,888634640991,69856429586,469921583807,413376362695,152250276722
1052,1245540435672,184508180154,819326332125,675469715309,170030841082
327,6190633834,3267927986,2456714013,2854728279,258731666
1401,2327131619518,205448710303,1147601018341,1176412178568,361415752281
988,69831663989,925150321,448674628,1724956133,68890499151
393,784855547102,352317276041,655937371386,579398447427,180276766010
198,13852857379,6442092728,334306378,2781390408,226591322
939,276398581,298153826,357448002,84756783,302438667
125,77353989953,8393196720,28880925820,57632938769,7819760695
1056,148245898364,57989755453,81426740411,128743369369,52310495768
51,11916985345921,1456761609585,6071395715636,5601814258784,1922527605721
937,7093120179,158007131,527497826,37794075100,116436851
823,508923872969,169436164487,421223488524,415104803145,61558923023
1100,930696255565,177973428421,716120210456,509333346679,205741110089
1357,2327131619518,205448710303,1147601018341,1176412178568,361415752281
642,565327561180,74433133400,226482980928,367631565984,67902918116
863,256579603680,91104527133,49797420080,102725841361,24998937984
1162,858806596839,218363850908,377777379673,445963115154,59553298329
0,6646473188089,844314160469,3864062663642,3540521883134,1211139245848
131,213047365900,11540162222,103423824430,133552727681,9833644393
1263,160160894612,28814569024,99312558672,30289703964,6766418350
416,316463600966,118777027250,342260156812,225747667751,88227370108
1073,148256218710,2592978613,61306210719,20362871398,7888281264
115,1960260593,8054120581,5737704524,4957196952,662172453
141,331536160400,68457003611,264461071463,216900426439,102273270383
83,3979174449,12071734885,38006859153,9180833192,770467248
663,370311849144,124679935551,246297937194,216628882914,85708031459
297,187978314285,66016410444,112843955261,102597589320,21300785022
1174,86166625903,100636483435,82260671712,65877379774,44487541572
1221,162770118027,39329773591,90999785427,116578849052,14002283392
1025,3457421143,1361382737,11761051414,9818305365,430745187
401,1048576,1048576,1048576,5931641,1024
543,2006040540766,444130566100,1335167049913,1059219292097,431504252896
38,718961750768,141825337663,630190317234,477353093478,78401969218
96,178354678097,6880509813,94671559725,33048023573,37010920145
1408,2327131619518,205448710303,1147601018341,1176412178568,361415752281
79,11255870364,859424795,39683456343,36123731328,98360872
482,3351481624664,559842181480,1864697657274,1715438341135,548286217457
855,287742685,46658855,86150107,368597045,115064338
1127,72738229903,43447283503,45226197050,44492121013,9068818789
1045,91070792903,3087664213,4018372397,16055434713,6457585100
953,41326231341,6818150905,979947363,624754381,35373825
491,277556081959,72204229729,227930206305,107748630551,46089516027
1011,14054801536,322338685,3771159322,34558916927,1083443729
1431,1070533908084,131766462774,500478225508,546696832967,35591271722
319,6795718939,78314709,1336953964,6798732969,43822839
1400,2327131619518,205448710303,1147601018341,1176412178568,361415752281
1171,554203652833,55990789779,386756778334,285598711467,114231555577
265,63073815846,2461897278,48071004208,34836033968,8389926462
1066,734412673797,22102281806,273569887897,295156650315,99097563256
836,133267625789,3413351741,62449309200,59311907012,6853843958
1432,1070533908084,131766462774,500478225508,546696832967,35591271722
763,595268334,229638007,1212205808,1361339821,6065656
1201,567993708222,116009064597,326864313446,257187237942,29479325475
365,1731140825344,366810005691,875424220025,977711791133,262927825685
691,170835092244,114537702889,124188232827,66687843961,21984050274
1312,382278404095,83738889930,379353682197,317664249556,51164246457
326,6190633834,3267927986,2456714013,2854728279,258731666
789,118089681971,89341482750,104135252258,131128536299,41947313408
822,136845615,21528832,17417154,84692509,68287257
434,155471700425,50787067269,121220606687,127010402223,1814703588
461,425420648976,17332650005,170622761015,77089439371,47440373529
1218,690818640469,177672202080,329309865613,388943093317,81840228509
320,454044064020,77750894998,385425328936,167877121107,65277645524
366,3041456947,4472832,772668436,335555905,6197881
1313,382278404095,83738889930,379353682197,317664249556,51164246457
674,200838513767,51193589704,163250843587,233643798401,58409370548
238,2651427277969,661332725662,1655407402018,1967814086206,530678060907
1363,3313748780236,259306716563,1649625969536,1727401069488,547707647064
1437,1070533908084,131766462774,500478225508,546696832967,35591271722
954,513934421,465947747,314408049,555210737,76270850
1347,2327131619518,205448710303,1147601018341,1176412178568,361415752281
902,237888517635,167695806404,131005665879,31313953398,44489741418
1271,45619559221,6117619736,3171219861,308518571,818036549
875,3067383687,136516300,135751248,32764360,680821
920,283527965,82611791,372438718,280215870,69928962
48,56363368009,13205731916,54488192240,85359203494,14578009441
683,895451887475,280903778272,627148085553,424571219984,182283785795
58,966286782478,218680496628,804825293521,674360402773,205297645242
369,1792731582636,377535784806,1269654604312,1025662275255,229148073093
760,88339541802,27094243262,28989620166,51752223338,4490921873
1028,124429350742,40524010612,67333654533,102667749388,2716189800
888,232916316364,177361444017,214440215210,108493975921,50054263284
1355,2327131619518,205448710303,1147601018341,1176412178568,361415752281
196,1001641456312,58653561828,716028948500,521866182551,200934026182
913,152065071182,5638419336,50449484228,14023935491,3613549842
1082,39062115400,238454777,34726808747,1411082747,34428771945
1286,674922858047,102166948545,302207772942,256390319248,99250451947
1216,690818640469,177672202080,329309865613,388943093317,81840228509
1212,2178661240597,263220067883,1236259025526,1066965857477,234094434212
263,63073815846,2461897278,48071004208,34836033968,8389926462
1152,613803331744,212274551483,505321748886,440144857591,128561184242
1304,40642529845,4525573,218332851,41432415,140371959
172,247654591380,52125692974,231959226552,92764976173,89661023295
111,138624921450,40555200208,126184301081,91388145197,1815918918
187,2721404090,413730799,6318167867,9096934159,327774950
755,152677868198,55241462260,165150189089,111133937738,38610995528
399,1048576,1048576,1048576,5931641,1024
496,5293703353,712811834,4774835329,715588041,335167592
1111,128542289257,14146609972,60402807917,57182753403,10717724361
762,114701516946,20274709505,69902995406,48959873005,1786507372
1448,986617160717,53858006259,502024951195,550988890919,186291894782
280,1731140825344,366810005691,875424220025,977711791133,262927825685
1301,11234280998,1360250828,1640668855,6283247679,215882113
546,34359738368,1048576,1073741824,1073741824,32768
1029,5744234925,2049289291,3038976973,45951991673,415064003
540,911398984636,281278949536,605354430320,653346555511,209272774134
1270,90289080478,9070479396,39000439590,4972107247,4069473949
291,565597519461,176863564557,410290821783,349219573342,106113816880
748,224192355897,64884490728,93843864411,62478095398,6720494819
84,4810778038146,678987152967,2601127387192,2483204783072,779891988475
1223,162770118027,39329773591,90999785427,116578849052,14002283392
1471,5789365260,76007968,840295396,4045833411,141511530
1276,1090513154440,152571317870,560561715878,580924340426,274983170938
701,2992445332810,435666921420,1572412556738,1768516568204,523576433124
1394,2327131619518,205448710303,1147601018341,1176412178568,361415752281
188,12256856066894,1829175949304,7160035995957,6801883092084,2503174251466
1340,2327131619518,205448710303,1147601018341,1176412178568,361415752281
918,4815291818,10325011690,7326883958,37774619521,7520857642
290,4444240831549,1023315302856,2924211237417,2922777932411,566217879620
1458,2451942743714,245075140662,1143608247514,1161302252290,474635286053
530,2963718954597,276706039682,1311145371270,1334757384558,589899646058
886,115260746291,2770632675,3100926465,71914729534,13493325974
1345,2327131619518,205448710303,1147601018341,1176412178568,361415752281
1036,281997423745,78268317537,194114646241,157664445904,58018969479
1117,341843564135,98907267542,192512268841,254061156901,46588839847
1008,38881137671,354137111,42059478884,7564741044,253130314
1203,567993708222,116009064597,326864313446,257187237942,29479325475
815,113195708133,23089544585,88598643956,90124959213,1467923193
8,1925477737982,162289600612,794122120379,967729805375,349128196041
479,2276406800943,503174386532,1388622040448,1350646724086,213860759033
1154,344082777815,43842148531,259157086962,143964791551,62994898380
500,3468778663932,461799678556,1815450599424,1948099114013,533323763208
686,193117788207,13347942097,59521008764,158071914939,49364695042
901,76940345710,36665120410,6739052896,69589911111,1179064176
443,99361281360,26184055268,63295563815,15529224635,4579280717
1200,271906683769,101325284913,299886735046,297547935335,94105728985
486,20549615039,8320854749,14501419182,41416574627,8369520134
837,133267625789,3413351741,62449309200,59311907012,6853843958
531,123829634028,17661940412,134990189916,102479551642,11659837195
1233,832141508939,219519537144,473682367660,536354195015,115912102244
484,3985399854149,397838768800,1923530160495,2148255287960,467386580217
759,266692888483,103747738108,88652592320,121363332728,54076357797
1192,132458416265,37054907182,40774434311,53872136225,1031708964
606,51095418511,14876454317,65864379968,114648505256,35730081079
504,150506678631,16843490813,140891936574,80538173844,8854978767
13,2920974636762,600726608416,1647031337640,1900727431728,395292410000
899,200028103282,32276694547,198791701140,176562458872,27054090400
243,4560903210,117655617,1938073025,2072995428,337725230
634,12277362124,15857738970,51145076760,7379018252,8117347447
1311,77950,32775,32776,1034,1031
914,16906723241,6603580896,10967163085,69828345059,7395162564
1115,1273324452313,101750144259,409605648093,515054263563,179652512220
915,1602646712933,209570489742,859453078220,867275468658,191273093684
808,102329426130,21312701143,44172603590,11809157305,502724541
571,286912206,214880016,62756863,33611271,72260258
707,82091882104,2015659100,9373991463,5493744050,6641578701
925,1785611280,136665870,451287253,6656179879,6103960361
105,3480001877110,303747939407,1888340176162,1635942880848,533471663480
199,13852857379,6442092728,334306378,2781390408,226591322
981,115991015758,26141453134,167476035933,16031896106,5932970922
433,1378812819593,285818243832,820681209082,893933904727,176533155023
1022,129431331282,75794989502,131994166283,151992080895,16412841088
436,5592007558112,1419481128668,3758755593738,3498868617593,1106908143001
805,51298022847,7747194406,17943284692,42802583552,12226578074
383,11582203005,853354794,758594647,854870775,3695618654
1150,613803331744,212274551483,505321748886,440144857591,128561184242
298,5348438979874,750866593146,2758457080588,2580924628230,668219225947
1021,70952023356,82131034272,61686627132,55777512328,36587700041
1379,2327131619518,205448710303,1147601018341,1176412178568,361415752281
843,103768016444,4178723096,82289495502,37127338364,12649654865
1337,888634640991,69856429586,469921583807,413376362695,152250276722
1059,703174985946,296235391522,407359273215,486805318709,101868688208
1365,2327131619518,205448710303,1147601018341,1176412178568,361415752281
368,724216251536,102337103635,535244875167,396580176692,182003014795
1343,2327131619518,205448710303,1147601018341,1176412178568,361415752281
570,50219593,17280569,5400146,11037877,2818686
911,41800034455,1231250741,1200839551,446232479,6109239644
78,11255870364,859424795,39683456343,36123731328,98360872
637,64460701610,4705994784,15871259723,75509253974,6659448975
425,3731740002,256876670,37646266842,1659430901,259336647
59,850133838951,211279236001,829377970879,491329326329,183417568320
916,49697045105,9445523251,11933143960,22765957014,4975898449
1055,4486263166070,536694208986,2450397263586,2286760887062,699492594651
227,121142972244,32161929016,94608640865,52188240376,50298289847
869,1072582869,39137167,1248029058,705940558,154386367
1288,20047490982,1127749249,1114413508,54419783,327713753
313,2753142904517,222008152355,1325238315972,1255713332037,409269680863
591,1658832953,3679566828,1473969440,868572220,6495539293
975,210717303,18285669,304976353,295439950,192623
1141,1081459948334,172829587311,643534512687,523201311982,185220250953
1414,2327131619518,205448710303,1147601018341,1176412178568,361415752281
145,46958903026,7688131862,46090667979,19387196054,6448811538
27,1052527751081,270187513408,711470066524,704691058005,246222415590
757,218929388033,110624672886,295235019585,230925654376,81353814960
827,7029665620,371097764,6293955552,1433953894,177558454
183,16453452016,46878771290,9247040761,6815398611,3592269493
1348,2327131619518,205448710303,1147601018341,1176412178568,361415752281
510,1305636528187,218463602701,805880044887,569688737139,154451548584
497,4603493559013,642594096499,2661503744816,2506355739282,790368047690
851,231442773076,30829813048,205105235472,108658680290,52787391601
1078,239421376629,86421326048,173763901255,231081068771,7836674248
841,602662885444,232039808839,392500528013,389845610143,123925424060
10,1811440984096,259879068316,910738028964,958402884118,306904629913
1420,2327131619518,205448710303,1147601018341,1176412178568,361415752281
524,43426412344,494968868,13038468292,2366090844,560496928
271,175012335715,9398396689,60348059172,121955808878,58140131646
1377,2327131619518,205448710303,1147601018341,1176412178568,361415752281
203,524092772332,92788492069,338731765096,344117461909,247632509260
413,2530499701428,278543223660,1371096453290,1392309225471,405132354071
860,93761994434,46007468476,45891762817,149508316033,3746082631
1211,3327101792800,906046599060,2359492619868,2020572024776,721375756514
609,122113121560,85684683701,91503828979,139547976111,46060106448
1016,3322439595,6377642676,2915094767,1988314135,7015767301
174,1581319519,6785697940,4140169075,39286110539,3403249494
255,4183274058,320939468,885149085,473087583,196875778
1442,1070533908084,131766462774,500478225508,546696832967,35591271722
758,369225744206,262338873498,220548682765,456126056342,38535086336
1094,35746414529,6794739278,714707844,503770576,6457178912
395,40810194229,1346385472,37833042994,8275959408,52600149
234,162560895231,13484005619,142704663591,79777241044,19325658156
746,33568077794,13311626628,15724382953,109505072881,7397586075
797,78579595547,3131726703,48802796618,13207694609,40882879610
5,343351477705,39939592243,403750866924,216918635398,15356569561
834,111017940903,9088972311,58892112460,12319201488,382302057
195,4813580232691,639828009765,2724614712880,2662388456253,743536825906
98,118840762182,21246852730,53701628333,13559437713,6425255084
305,274234346002,57721040005,226767144332,182868658942,21752485942
85,2795118820027,468696854484,1804014781450,1345508245101,524953032705
1229,2069032525302,199486664076,938619021777,925855437161,356785954667
68,947624626895,267847002698,917249742120,925047330601,151031382220
1015,6702511079,9823788804,1880587617,39031114582,49144060
110,100382497542,5039982802,115660791587,72125282995,1341879838
1054,887475453942,213763375595,454969505406,688692855647,65441072376
19,420361,19777,4935823,339265,743159
1468,47688373291,34549456274,6375677682,34953994700,1084434957
512,239421376629,86421326048,173763901255,231081068771,7836674248
289,353250471936,285142202759,383505305335,283465422978,149252221912
780,7137172278,143768613,1577135658,351753521,165397140
169,247654591380,52125692974,231959226552,92764976173,89661023295
520,74982447230,720604727,1637508967,3718539797,21008255
1421,2327131619518,205448710303,1147601018341,1176412178568,361415752281
692,129366338956,78767043741,30993844516,128690110606,45458787327
1043,3360233463,6273922765,7984014648,34874840984,294278376
50,56363368009,13205731916,54488192240,85359203494,14578009441
868,45706958748,41165618289,8685515444,41745506792,7458598685
565,975851568067,247405062496,489038977353,742612549868,82313825847
488,828380534118,63975012524,244813436077,389910744604,188451145917
339,1653091927262,439784337772,1196872301742,1061596936148,354479024586
874,83413854114,35068012866,8213082668,38659047302,2379063958
42,6585941108269,683547546474,3327356755085,3307102655525,879783210606
507,108051006587,13060678421,39718286989,92919901853,3860680393
1249,1016046956906,378221868861,873210602401,730633077380,266290138865
891,1114616266,1365308094,1133392319,1789525930,453696365
191,938441842441,71353611477,636619848724,457618166142,186187648743
548,128925102704,9748117321,26973821798,52931712029,12400218416
627,1402310029525,205193652306,503853167847,424861259612,167829286996
661,361573189871,107178743743,332290520680,144266056208,91042919421
539,192622482116,14068276406,149482849068,211384285192,86486210452
656,1692268309929,94575439937,595280664731,693143998959,252952269091
1392,2327131619518,205448710303,1147601018341,1176412178568,361415752281
511,4123473031725,837919059173,2614651963203,2515654792442,676116872741
924,360395096,53798534,1169455899,34995677843,6080002495
193,5119239610070,419184326867,2725515021958,2481944409655,767076365616
447,572696305685,128060563308,474028062553,346777345819,107149822846
1362,2327131619518,205448710303,1147601018341,1176412178568,361415752281
333,474790327139,180195741905,322567063717,298193293362,67095319678
118,849665670307,181561723683,416396510305,250348763215,204150754803
788,190826108623,20180653930,153372457192,65570168105,13212653632
1091,1715961708456,359663924866,1408829917509,1065278634749,596142696008
386,135658429323,10499694141,81555929534,28043686880,37124117369
985,755001454,1377406930,3700095130,6317265818,58159418
958,68755812067,57971464407,88585007390,76197057597,72472826885
350,14903019763144,2337216387172,8192270109596,8015657001555,3012792206328
1087,82773661355,14247894493,17185638331,7298538071,13266308047
205,358370044363,93478378242,272687179410,162597463259,171587174826
983,36924504216,11721888726,59861697549,82157672515,4911181907
1265,261358672344,47168665103,229140155625,112985044513,50054994532
1461,2451942743714,245075140662,1143608247514,1161302252290,474635286053
223,121142972244,32161929016,94608640865,52188240376,50298289847
163,1147513141918,183487612271,686619746570,670722232665,74018210191
833,578829018143,58482021490,211486215169,137781296125,55116253135
865,501399731,34431931081,537187476,1181411234,85078057
275,3121514418,15346011,832188028,147799948,3043091667
396,2595554132269,358884487629,1350215774988,1448097523570,385202061203
766,269162249,5733347,104083,134713714,4299181
1247,119330193979,12471576951,48176930058,56888426745,36713648633
91,512877673079,66983172806,436377825945,361885849304,19627451327
1264,261358672344,47168665103,229140155625,112985044513,50054994532
1395,2327131619518,205448710303,1147601018341,1176412178568,361415752281
1044,425864198910,167397486413,372738575299,284188373176,53321580822
1089,1132850019439,158670946917,579447028663,594007877143,275038205749
689,67455905829,9154517842,75200396348,14923959835,17123891474
1214,736438199691,183789821817,332481085475,389251611888,82658265059
678,150628736021,18003979459,147178814220,83786550170,14936054456
1185,107438900576,22993122030,166963878666,14863424232,5725135215
825,37697636175,34762943850,954920630,1006850953,1779448126
828,1297556588,134257086,172663725,228192266,312968224
132,3482605845848,294705961522,1784218986314,1715689835330,441483239982
890,105072584618,9026513797,58228513307,75312296338,17374643701
1080,184814358904,52550276189,175581489956,86206592605,78127152920
720,286550169438,152231778050,148237682802,281283306390,60557988669
347,3213186264164,424596935988,1550643885637,1416480204460,476856045097
56,2604959719062,344181109140,1393535211887,1421404800608,436980214351
1338,2327131619518,205448710303,1147601018341,1176412178568,361415752281
1386,2327131619518,205448710303,1147601018341,1176412178568,361415752281
781,84270346406,15533802343,45159711268,6555517078,8768770248
1418,2327131619518,205448710303,1147601018341,1176412178568,361415752281
1051,14135504881,9594799771,70240826791,4303827592,1751170697
1050,275392192539,98320863331,172043179921,251927683997,45012818214
861,98597701588,18903571462,73346702666,121236608293,11290379630
1102,298698421679,11094423816,148019980848,152040377518,38866975302
795,7319672204,77514300,35450332130,35273249858,4949236
1,3343104898798,260761583498,1688689749282,1742928469182,549089688872
1426,2327131619518,205448710303,1147601018341,1176412178568,361415752281
259,103173512392,16418323346,106144484924,104183767389,11746500691
534,103057029832,28325480465,98426416829,95077026583,17452391287
1098,139228106158,31970051728,162666162528,76520434761,50774004580
871,121291196333,5129721072,13420988476,80541776511,17398457181
1406,2327131619518,205448710303,1147601018341,1176412178568,361415752281
1383,3313748780236,259306716563,1649625969536,1727401069488,547707647064
949,4723694484,3210157010,1374441426,466931249,6133593266
179,16453452016,46878771290,9247040761,6815398611,3592269493
52,48114428434,1560885629,16669058761,37570396542,1241838119
421,8351370079,537913675,1403464728,19561065769,1600131830
729,322568179030,120231345007,303409099960,265171029248,95461053487
613,116609827770,42161491326,110849457777,177472928569,44028535715
616,3486171404224,695335362575,2205972367382,2193177363574,668832549446
299,3649157424078,377479195525,1686025291122,1692664803981,587592990455
376,1066231268017,155123066050,496195224239,577299876617,164396728382
257,8066041607,1045873852,2668616916,7039513977,889094757
171,247654591380,52125692974,231959226552,92764976173,89661023295
1339,2327131619518,205448710303,1147601018341,1176412178568,361415752281
1000,135743450341,43028056403,10968122732,13340460859,9562966414
494,331789090620,27363335981,194845009300,147651460872,30010820974
139,11246865908695,1353562623868,6027032619726,5187589698021,2103787673645
328,16035953229,12901531159,42149026061,3588889381,34548222822
1187,234161589007,15226409791,76269129245,161816752092,10515711252
1307,103173512392,16418323346,106144484924,104183767389,11746500691
1177,59886655423,3869073339,25236535428,47780102621,7792161210
1207,457224725297,67037515959,293738925029,350867060878,148463157102
446,3016747749496,685210191522,2108762512242,1846481129492,459403778546
1425,2327131619518,205448710303,1147601018341,1176412178568,361415752281
518,3004410385970,1004129399577,1904746725236,2042266634151,478595722196
935,12285141571,1395183966,34386994449,34430808358,645083438
819,26452588991,45927870418,49502912841,19805169540,10328516951
646,152532570439,41655902245,105304629550,49189189324,19173377926
927,5744452927,12728621231,9696113625,35199835001,486276140
1131,430671932021,148108768015,425082893109,264160826485,115546671436
856,55847137892,995424710,40821345336,41322357718,12190872592
475,957741189456,280276083656,580967019865,674578762628,155992636782
799,146687263142,106247342948,61164864657,80828346669,8902499570
1335,888634640991,69856429586,469921583807,413376362695,152250276722
1165,779082746,7999096,152511354,3183840868,6655682
180,16453452016,46878771290,9247040761,6815398611,3592269493
733,366984323887,221305701195,423501541544,311943628429,51953889776
1147,1684337239828,344041014258,1005799974395,986841690558,164152455965
418,183359831336,16067623252,125701044380,137166446539,10288020586
1189,552973580387,183315674468,488569886946,286732856825,245601986599
626,821742961161,81994844653,243037864302,361107125746,56974765159
563,6086081602,33957976,34362066640,34362512018,74492863
982,80072689310,38826510852,64818321285,55154642181,8103824307
938,8896431587,3845579166,1213368068,1654479958,907636014
29,1052527751081,270187513408,711470066524,704691058005,246222415590
1019,171511812937,139817870151,77886145108,104939299142,57359365396
752,179208254532,95975888208,147306880322,200217719810,8665842940
128,77353989953,8393196720,28880925820,57632938769,7819760695
832,120720490841,52519360615,147346980868,174598695851,56780887654
314,62793856464,12251388251,24779621732,26619400929,42904444728
1328,151188290,13344329,3069687079,16688504,3190835
950,589837928,1000864795,743525027,3833916294,120845926
1398,2327131619518,205448710303,1147601018341,1176412178568,361415752281
508,127766008956,13803591770,45058655892,93351714851,4028739914
885,149227281622,8890874062,111935917180,88507156217,7812834923
712,1191570742544,294739883894,806761612664,1044599301557,119532292628
607,253213116282,19513061371,102798893042,88491306934,52790552724
974,302655282,714893114,1165521341,1222715580,3764271
527,664371434,23936291,20921138,3073165574,4523101
93,4557473781817,359972686620,2294565867744,1559909667160,862674745422
47,1671637573728,313258428027,1123587095331,974052503786,206305794481
575,51358395731,3233443845,2535934059,79374272888,1118084141
1160,819496082649,96741390052,393849936534,384609836431,106448959334
233,162560895231,13484005619,142704663591,79777241044,19325658156
1186,234161589007,15226409791,76269129245,161816752092,10515711252
1001,60782020779,16704660062,49704591204,78495730353,8045470576
824,508923872969,169436164487,421223488524,415104803145,61558923023
1443,1070533908084,131766462774,500478225508,546696832967,35591271722
751,151209470508,54150209816,91520708893,69623244825,10968162281
476,4400826270488,1070837212314,2370399489507,2691097680554,471367930890
1114,682745942091,70137399752,447159586252,342781464870,124949279938
968,88572955788,108093279518,132773496063,155485515224,4062282797
336,353250471936,285142202759,383505305335,283465422978,149252221912
964,199038516371,106493272949,142586781928,109265880614,13870398045
44,181488850315,2823697665,177731690884,188876325822,7481133561
1385,2327131619518,205448710303,1147601018341,1176412178568,361415752281
1356,2327131619518,205448710303,1147601018341,1176412178568,361415752281
120,5390491535832,845714178931,3505844651622,2973629967635,1322924473030
955,18508308,18348018,7444166,17645303,4259090
1136,43356546650,869073513,13030149551,42018838274,859049166
1450,986617160717,53858006259,502024951195,550988890919,186291894782
323,134466037428,1263084294,11857145948,41213223234,9449793845
356,1731140825344,366810005691,875424220025,977711791133,262927825685
381,3285760545779,289127733680,1287082980570,1431267414926,551447177550
457,1047788472242,63390419077,542494658087,587031319553,221255684926
775,102003243013,88491063559,104930367399,111051176151,21865774155
631,145377307976,74320316201,93931872087,92036317099,51731747440
1184,4014602648906,556206014293,2500456010760,2228911807964,955738950172
802,35295850711,396790068,6280784732,91959935,235063523
750,6509568229,403060531,379152399,34535205445,1351815741
370,664855735,117626491,93639439,3607516409,648410189
426,42435229858,158836028267,89843386176,30289143784,41865780201
15,12381708117516,1636570877864,6271732252321,6199580189488,1944853767901
1123,14577291166,104841789309,52796408065,8692007135,36272119543
1268,77702651179,38509005170,60620834686,13705437211,1914934173
186,2721404090,413730799,6318167867,9096934159,327774950
876,132048771127,69388690479,173520417327,195691598126,93507310504
343,4875494690557,495964036925,2360989190288,2414945556309,625706769546
859,146804682467,39257548029,46845377565,44432997163,1745144588
1291,369191093940,40481510330,268461022951,287517902861,40168633680
33,1314835108425,353186460285,1132108062589,915794895560,206402209086
1257,1209843348420,165042894821,608738645936,637812767172,311696819571
30,3552694046163,1056474717930,2590790556953,2391417369532,844020104428
810,6212426624,375029706,355382381,34431806974,1345762273
872,127828237591,37663471193,66406621259,58900171194,24303377654
36,3506600064067,808468537350,2075270497021,2261992678352,507681743909
933,65082554987,62913804161,111076455312,49421259216,17249544849
88,1537930060521,392593605783,1099591275125,935534695422,345458312613
673,471501888017,105457031355,98783417368,107714747572,81112248865
542,650555823814,76154751521,222537197973,309196716831,221376478295
979,12476000757,3505149622,188020299,35229997690,173075533
1459,2451942743714,245075140662,1143608247514,1161302252290,474635286053
460,1731140825344,366810005691,875424220025,977711791133,262927825685
1197,589683141562,104092423142,334513359340,404739197104,149494866066
1090,67482211311,9281771112,42835681334,6081306931,78380018465
1143,139419037335,26367678354,136819353144,75251001439,30368601943
786,3763174325,185642190,941171997,32094871,6080016565
602,542576248049,145202083340,311594469503,438550828561,66463469739
404,5335561,4468033,311296,616969,1049622
1292,64593363069,238202974,7651255618,2343012670,314982562
428,66507481910,62170541105,60843433644,27802931125,9840101512
1423,2327131619518,205448710303,1147601018341,1176412178568,361415752281
690,48215660075,34980472700,2314888682,7369879283,11369338574
773,277537037278,118812097631,199233107575,249559433522,114363063634
687,11324465446,1475286099,38255650581,69514368463,255672721
853,41035316675,342261298,9802908390,1250559085,23710575
812,27852482428,4622205359,7992771635,4241485876,6617690258
659,325464136911,149755065588,165255548021,173097796442,45349014401
1293,127749793263,3552103026,25197845775,26220107853,4534172905
35,701031776681,140911908801,626786313702,475650037969,77841024843
112,100382497542,5039982802,115660791587,72125282995,1341879838
307,10328172463789,1186061282025,5580352030630,5160310084465,1603516859368
857,62909342256,10295416131,38383506638,20327749836,2451744098
1399,2327131619518,205448710303,1147601018341,1176412178568,361415752281
961,2930070,780393,6350658,26378499,21452
580,2108816550,553683578,454439490,35161401015,369435768
34,3395046929076,719783768995,2334978382416,1981484776471,525452418924
270,175012335715,9398396689,60348059172,121955808878,58140131646
942,7114041381,7400448769,10354625659,4346934028,85184787
212,131773381378,19892470932,114484462816,42824035336,103803232465
971,228527953957,44003320843,91768071440,135970191812,49949249919
1122,14577291166,104841789309,52796408065,8692007135,36272119543
1095,35746414529,6794739278,714707844,503770576,6457178912
345,452209598924,111561015776,195244160194,261611368335,38525335024
60,850133838951,211279236001,829377970879,491329326329,183417568320
724,404088857505,176832829768,222003510522,235795535735,62796903199
1433,1070533908084,131766462774,500478225508,546696832967,35591271722
1299,11234280998,1360250828,1640668855,6283247679,215882113
97,1209353916622,173818170600,614263344211,594483778140,281408426023
1166,1243018825539,385397826056,1113811337709,832149482092,265920145870
1048,130775474353,45463736236,78741092382,47936012583,4427263754
182,77624763540,56411184109,49716747653,42857827245,38556059636
451,1135600993313,397524440393,824311249977,796866522280,179058938036
1319,35318820623,9389350304,41590571513,43564141429,668208457
1380,2327131619518,205448710303,1147601018341,1176412178568,361415752281
641,470124646136,56610348441,155223534980,172421195596,64008259167
151,24499650315,45977211613,58297790997,40670037198,35290133972
492,2060581629479,189881645825,969667107521,871939321816,233320724273
992,2526720121,610809652,748832134,1227919058,693355490
1290,369191093940,40481510330,268461022951,287517902861,40168633680
764,8146188871,9099415725,13606414248,10135928862,374413281
848,47481746263,34767232037,1421122408,2127445837,1566668042
962,76295831404,40872518419,80644213458,38311134706,41707899037
138,1539510349280,604159609854,1234178310616,1082636271456,336885999621
595,4417429233668,978166610290,2783150883470,2774042929195,710644316944
807,4718406298198,1301711406837,3470759426897,2904383105963,1056720214223
528,286040831682,60089326994,177087094244,68821375229,78046996381
943,201850083230,101522440631,261914747867,189880955585,53274455124
332,603332616397,194342351877,382969871635,355376046765,77813044040
804,42366182705,1563964569,1315639950,72192656496,588326226
1065,3717107894490,504770931976,2156916590272,2063277883622,610201608686
126,78018361387,8417133011,28901846958,60706104343,7824283797
104,88964140798,9058044871,126781162804,6448861098,976137605
909,6754245858,1288928084,38315882198,34841460950,3117269910
881,57906868709,3815862696,77488623892,22107458463,19779394217
251,4183274058,320939468,885149085,473087583,196875778
318,6527940767,6145917115,68824528,276010313,16967527
978,141102816005,13674572624,50204297860,86717681778,41844068127
16,189701409080,15789654715,22504532693,50861357791,3216027965
250,196805756174,14389215874,150367998154,211857372775,86683086230
550,925783110562,255502799717,643218057624,530512085318,244698654936
731,262382196685,97867847805,113773006229,41459554332,50480114561
1315,122544828350,49720518905,112865223008,63340474111,48402689675
1020,6084427280,36909350,35730220,34363238936,7766623
666,125924116325,91583924801,170968756861,102814378804,50078375348
253,4183274058,320939468,885149085,473087583,196875778
226,121142972244,32161929016,94608640865,52188240376,50298289847
717,732415915858,176165731933,728712645954,461067515683,89389505013
64,63556461283,42404262941,38452775715,16854280881,2441770809
1344,2327131619518,205448710303,1147601018341,1176412178568,361415752281
156,5611147487833,748752955579,3149823747836,3049514760291,1029304139737
624,262360737111,74961325820,80626387548,250466920154,18368376707
409,179567008529,26318112802,88528703920,59254737894,7708511998
620,38177437421,4386297646,1713602605,14769259915,354647775
671,391682146764,123080570001,280532607619,295107534710,90380913141
1093,282090086066,82058026274,266535729323,125459642335,50578756192
1470,268920671,5165174,2282853,2676558,4559235
684,47167394064,1173284182,7258358816,343958555,6083859858
1320,8382792,4496097,4707352,2779466,2212432
335,1929433386384,474442830496,1310920261609,1080785877781,506522200290
1084,1129575269840,152809772647,595288524625,582335423174,309411942884
652,1259982392863,516008765583,648760064414,548985553654,244252429482
87,1537930060521,392593605783,1099591275125,935534695422,345458312613
1266,262987456581,48285539937,229375024927,113855943298,50349970581
1445,1070533908084,131766462774,500478225508,546696832967,35591271722
304,3052218529831,561049661865,2140183852630,1816292628765,891058854772
463,1006636196751,275692335086,595596876295,755712748364,89823025141
654,3361485600,4110752279,5579363723,36022510110,526517182
1092,108480449732,14910007047,112294021196,162298743633,77423942858
514,161614572463,15635860593,98941155693,56976844783,2903453727
643,192414526639,50489688300,142283409661,79230923831,15399938705
241,4560903210,117655617,1938073025,2072995428,337725230
1135,56537192140,28208152,1396492005,757385904,145207723
224,121142972244,32161929016,94608640865,52188240376,50298289847
109,100382497542,5039982802,115660791587,72125282995,1341879838
1047,130775474353,45463736236,78741092382,47936012583,4427263754
894,143281537383,5843941416,52397472561,44098637942,198259604
466,2568657879146,449891170917,1261716920262,1414212862943,280305691153
533,103057029832,28325480465,98426416829,95077026583,17452391287
1209,1462798927516,140697645509,701160638384,691640251356,190870603574
1046,105471344341,11732771421,52935985207,97035983884,6219142165
1295,358327912699,33472055490,349863191039,120169652572,74067194956
873,398414902612,84935315059,309190166119,162952818936,54723412283
272,8051379889,513247426,1213629541,2853607483,330992634
1023,1618247,8575165,2203694,2732169,749820
1182,4139413773102,595832444652,2496463239933,2213801881686,1068958483944
1077,239421376629,86421326048,173763901255,231081068771,7836674248
1412,2327131619518,205448710303,1147601018341,1176412178568,361415752281
754,44054099489,7462201470,59536094241,48605912782,6793378816
1159,81945249654,4113755367,49126420631,37583698016,6884683039
735,75533931410,21880489764,26785485970,46362044674,13339675091
37,701031776681,140911908801,626786313702,475650037969,77841024843
75,391635006275,144593301279,259938454668,240367905593,133480664923
306,5898673589834,1020130891976,3589247042061,3423471333453,875043562867
11,2432353385459,210134875684,1211702059879,1192357811575,373624676289
948,82488136448,8483210428,51569776997,76307474159,670191791
499,234795435797,11217672251,185354827568,62300989045,16346123909
1405,2327131619518,205448710303,1147601018341,1176412178568,361415752281
1466,2451942743714,245075140662,1143608247514,1161302252290,474635286053
657,488164623101,40633370127,220483822958,294560084248,133784348092
1283,541951134014,31702583968,392796632739,162507765317,60041246384
292,1804124366737,245177756994,1008151259259,919059352489,381789571328
201,64079373525,10787874305,4545196153,10734696931,42542940429
495,95226189,20079425,185411018,98662680,8708314
62,948372649791,258229400582,922123581718,612043794410,186139713826
1156,7433066251,366109024,2962091876,3003102564,1284625483
513,161614572463,15635860593,98941155693,56976844783,2903453727
664,815547362745,159246841071,400545629965,526342044475,38937208850
1243,150629357013,2566568682,54905416547,71264066898,416918466
1267,1148236559263,170275467945,561099060195,560402270179,37506205896
71,4942820895629,464295792215,2438189341096,2417759562478,859166766111
880,84701094,20547096,7345773,285324165,4200430
640,8236976121,13233758221,36245830800,2641770253,12882552930
682,1838422651,84317562,574090316,2047497401,6116253396
1034,3981962216,1750455990,5472540081,4696528509,439009263
76,11255870364,859424795,39683456343,36123731328,98360872
1105,1229328262932,298459760337,718996422759,594800826311,335852307388
814,113195708133,23089544585,88598643956,90124959213,1467923193
973,9076794,28790858,153056049,152041658,7154040
452,2873789635283,378391771611,1341616625193,1373877642196,546558833383
884,406100755266,64259236298,138724730809,111124311495,74569333072
63,850133838951,211279236001,829377970879,491329326329,183417568320
431,127477008344,36985044408,50973274410,47252175486,1789753845
300,267504794324,18826294162,258941239350,184078175605,54996212415
1007,9155364191,15308253356,7577537961,39764887347,275310717
4,151213824514,14463224024,170825219195,106286006909,2633931263
996,92083922537,9819840990,43723590963,8435187534,10047531457
1261,200803424458,28819094598,99530891524,30331136380,6906790310
1381,2327131619518,205448710303,1147601018341,1176412178568,361415752281
394,336291683,1066047,18014063,201824,82977
668,232302668664,39939641121,17454683031,122984030048,9733000131
1305,281361741826,68366639784,342996294245,187584356925,92328039772
1436,1070533908084,131766462774,500478225508,546696832967,35591271722
1148,613803331744,212274551483,505321748886,440144857591,128561184242
403,245163788814,41179983098,18947972135,161000180423,10108445982
221,261408901580,11376711286,58352102275,72949195510,21315861161
581,274132736633,53649802612,236248657065,148327135052,50619341940
344,11742871619210,1769628585197,6564672761617,6440325995603,2304772223962
576,423107829783,196692761068,400017576269,417110737965,52618499902
258,8066041607,1045873852,2668616916,7039513977,889094757
