scenic,28720.25,22521.0,24872.5,25027.25,18330.25
mel gibson,17784.0,14105.0,15858.5,15686.5,11692.25
falling,9200.0,7196.75,7683.5,7847.25,5829.75
superman,3248.5,2612.0,3043.0,3033.25,2179.5
space opera,88397.75,69549.25,77103.75,77504.0,55679.75
Holocaust,40811.25,32032.75,35019.25,35946.25,26700.0
a dingo ate my baby,301.75,253.5,297.25,301.0,183.5
Rosebud,10441.25,7999.75,8751.25,9124.25,6566.25
batman,3248.5,2612.0,3043.0,3033.25,2179.5
radio,1590.0,1276.25,1268.25,1408.25,1043.25
ben stiller,8438.75,6533.25,7254.75,7262.75,5334.5
Tolkien,39976.25,31435.5,34773.75,35100.25,25553.0
Captain Kirk,6277.25,5069.75,5619.5,5730.75,3810.0
nanny,7087.0,5862.5,5969.75,6148.75,4405.75
inhumane,825.75,604.75,659.25,601.5,529.5
poetic,2934.25,2336.5,2494.0,2489.25,1899.25
bears,3261.5,2518.0,2693.75,2827.75,1898.25
Capone,7395.5,5804.0,6662.75,6660.75,4703.5
ships,976.75,777.25,889.0,933.0,624.0
ferris wheel,5244.5,4004.0,4317.25,4328.5,3279.25
consumerism,31490.25,23923.75,26718.75,26905.0,20157.25
Jason Biggs,9559.75,7445.5,8392.0,8475.25,6113.75
unnecessary sequel,2860.25,2304.0,2726.75,2806.25,1918.25
powerful ending,41626.75,31619.0,35306.5,35581.5,26560.5
freedom,3127.25,2281.0,2611.0,2717.0,2068.0
a clever chef rat,18102.5,14587.75,15555.25,15695.25,11590.75
helena bonham carter,39872.0,30675.5,33823.75,34111.5,25610.75
David Bowie,8438.75,6533.25,7254.75,7262.75,5334.5
wry,1634.0,1249.5,1277.5,1315.0,967.75
assassination,53302.5,41094.25,45970.5,46108.5,33674.25
Lonesome Polecat,759.0,652.75,694.25,722.25,495.75
They Might Be Giants,320.25,238.75,257.75,261.0,230.5
river,4316.5,3381.25,3671.5,3793.25,2643.25
POW,12047.5,9712.75,10891.0,10960.75,7567.75
wine,7904.0,6100.0,6838.5,6979.25,4965.5
photographer,11581.75,9089.5,9686.0,10003.5,7232.0
Horrible directing,3112.0,2450.25,2880.5,2841.5,2033.25
Joker,3112.0,2450.25,2880.5,2841.5,2033.25
Christmas,32839.25,26477.75,27898.25,28505.75,20857.0
coulda been a contender,3720.75,2883.0,3159.75,3219.25,2323.25
space action,26528.0,20718.5,22861.25,23047.75,16745.0
Seth MacFarlane,2120.75,1723.0,1870.5,1948.25,1419.5
Scifi masterpiece,18720.75,14512.0,16287.0,16315.5,11830.5
Las Vegas,15292.75,12054.5,13488.5,13564.25,9903.0
jake gyllenhaal,19385.5,14621.5,15952.75,16274.0,12036.75
American propaganda,6087.0,4849.75,5462.5,5552.5,3949.5
bluegrass,14355.0,11194.0,12378.75,12421.0,9024.25
Backwards. memory,24640.75,18825.5,21277.25,21220.25,15716.0
vampire,13346.0,10468.5,11869.75,11842.25,8648.75
r:graphic sexuality,29544.5,22347.25,24959.0,25183.0,18900.0
big top,790.0,609.0,659.0,625.0,546.5
Agatha Christie,4283.5,3559.75,3651.0,3871.75,2718.0
parody,58161.25,44565.5,49216.25,49391.0,36670.5
music,118631.75,92645.25,101400.25,102540.5,75144.75
memory,24990.0,19306.25,20920.75,21149.5,15981.75
mind-bending,22147.75,17002.25,18503.75,18689.0,14129.75
r:sustained strong stylized violence,29544.5,22347.25,24959.0,25183.0,18900.0
fun family movie,13527.75,10916.5,11700.75,11778.0,8878.25
uplifting,8880.5,6741.5,7505.0,7970.75,5884.25
atmospheric,355539.0,271195.5,301085.75,304489.25,224504.25
Politics,3251.75,2670.0,2807.25,2861.75,2000.0
psychopaths,4608.75,3650.0,3958.75,4139.5,2951.0
Union,911.5,775.0,790.0,834.75,609.5
pudding,5469.75,4240.75,4576.75,4608.75,3433.25
bad writing,5260.0,4240.5,4737.0,4732.25,3482.0
Robert Penn Warren,398.0,355.25,394.75,339.0,240.25
Charlize Theron,9863.5,7877.5,8853.0,8904.75,6417.5
superhero,211342.25,167340.75,186336.75,186565.5,134651.5
masterpiece,62675.75,47320.0,52488.5,52992.0,39689.5
dialogue,38802.0,29555.25,33068.25,33365.25,24678.75
political right versus left,58.5,53.5,47.0,52.5,34.5
Charlotte Bronte,58.5,50.5,45.0,49.5,38.0
fatherhood,7742.75,6058.25,6757.5,6941.75,4902.0
brainwashing,21213.5,15878.75,17555.0,17652.25,13346.5
space craft,14784.25,11439.0,12893.25,12920.0,9216.75
stage,655.25,546.0,602.25,629.5,480.0
superficial plot,21230.0,16806.5,18447.5,18632.75,13585.75
surfing,427.75,371.25,432.25,436.0,301.75
Rita Hayworth can dance!,46.5,51.0,45.0,45.0,28.5
psychiatrist,7149.75,5603.75,6159.5,6316.25,4814.0
Louisa May Alcott,1811.75,1517.25,1539.0,1725.5,1175.5
deafness,173.75,136.0,150.5,160.75,109.25
costume drama,11967.5,9359.25,10593.25,10594.25,7822.0
Ewan McGregor,1751.0,1377.75,1474.25,1573.75,1181.75
mockumentary,13548.75,10828.25,11585.75,11555.25,8534.0
Amtrak,714.5,504.5,517.5,558.75,424.0
r:violence,29544.5,22347.25,24959.0,25183.0,18900.0
aging,1520.75,1328.25,1399.0,1461.5,1027.75
longing,3735.25,2855.0,3028.75,3210.75,2435.25
lack of development,16917.75,13493.0,14895.5,14939.75,10614.25
Rogers and Hammerstein,7446.5,6140.0,6406.75,6676.75,4674.25
dancing,29544.5,22347.25,24959.0,25183.0,18900.0
needed more autobots,4201.0,3437.5,3952.75,3928.25,2833.25
happy ending,3469.0,2756.5,2981.0,3164.75,2312.0
philosopical,1174.0,822.5,877.25,891.75,680.5
nuclear war,18720.75,14512.0,16287.0,16315.5,11830.5
Tolstoy,139.75,124.0,96.75,132.75,103.0
Charles Dickens,1312.75,1059.5,1120.0,1147.5,870.5
bad-ass,29544.5,22347.25,24959.0,25183.0,18900.0
gun tactics,2743.0,2191.25,2577.75,2553.0,1753.25
hitman,51554.75,39131.0,44199.0,44223.0,32861.5
mythology,30052.75,23579.5,26021.5,26188.0,19290.5
Dystopia,2797.25,2072.25,2415.0,2445.5,1838.0
Indonesia,1290.75,1032.5,1149.5,1176.25,816.75
nostalgia,1393.0,1100.0,1090.0,1220.25,913.25
evil children,1725.75,1364.25,1409.75,1448.75,1103.25
zoe kazan,1329.0,1069.25,1102.25,1167.25,760.25
Everything you want is here,15767.75,12559.25,13388.75,13819.0,10195.5
nuns,3953.25,3417.75,3549.25,3593.0,2557.25
Gangs,3602.5,2999.25,3116.5,3132.0,2256.75
Saturday Night Live,8861.0,6879.75,7540.0,7653.75,5635.5
interracial marriage,1956.25,1636.75,1730.5,1736.5,1161.75
Boston,451.5,382.0,359.5,424.25,340.25
Bittersweet,15135.5,11824.75,13104.25,13312.0,9520.5
space travel,32900.75,25401.0,28244.0,28285.75,20400.75
orphans,8880.5,6844.25,7401.5,7517.5,5599.0
BEST PICTURE,10112.5,8061.75,8856.0,9001.25,6485.75
lawyer,9482.5,7793.0,8425.75,8476.25,6098.5
Scott Turow,1201.5,1019.5,1100.5,1129.25,793.25
Boxing story,4044.0,3150.5,3808.5,3758.25,2717.0
Ghosts,4663.5,3757.25,4127.0,4227.75,3034.25
Audrey Tautou,8404.0,6645.25,7434.75,7487.25,5489.5
shrimp,29500.0,23313.75,25429.5,25829.0,19213.0
bleak,2171.0,1624.25,1841.0,1769.0,1386.25
Disaster,6672.5,5339.25,5874.75,6016.0,4264.0
stupid ending,7506.25,6028.5,6698.25,6684.25,4934.0
Nuclear disaster,931.5,801.5,812.25,841.75,606.25
Cambodia,2847.0,2210.25,2477.25,2578.25,1785.25
harsh,2171.0,1624.25,1841.0,1769.0,1386.25
stop using useless characters for filler,4201.0,3437.5,3952.75,3928.25,2833.25
not linear,2813.75,2159.5,2364.0,2420.0,1798.0
Christopher Lloyd,9245.25,7265.0,7758.0,7962.25,5882.75
Studio Ghibli,23818.75,18525.0,20050.5,19894.75,14729.5
Hollywood,10264.5,8116.5,9062.25,8993.0,6696.25
Atmospheric,46214.5,36049.25,38926.5,39625.5,29148.5
Suspenseful,682.5,515.25,531.75,584.75,406.25
women,616.5,504.5,484.0,523.0,406.25
gun fu,2254.75,1747.0,1942.25,1966.0,1419.0
Margot Robbie,3112.0,2450.25,2880.5,2841.5,2033.25
elegiac,1634.0,1249.5,1277.5,1315.0,967.75
Captain America,19580.0,15595.5,17237.5,17324.0,12548.25
Eric Bana,5219.75,4096.25,4663.0,4555.25,3425.75
whales,4803.5,3876.25,4340.25,4462.5,2940.25
heroic bloodshed,2254.75,1747.0,1942.25,1966.0,1419.0
Grace,5046.75,3668.75,4044.5,4040.25,3198.75
R language,670.0,513.5,498.0,546.75,412.0
boring,7810.5,6245.5,6894.75,7001.25,5015.75
Tradition!,2779.0,2375.5,2425.0,2513.25,1656.75
heroin,31328.0,23775.25,26542.0,26786.25,20171.5
visually stunning,32827.75,25520.75,28088.0,28314.5,20679.25
philosophical,117831.75,89141.25,99244.25,99967.25,74156.25
Astaire and Rogers,1802.0,1462.25,1545.0,1655.25,1219.0
boksdrama,4850.25,4003.5,4421.5,4458.25,3157.5
terminal illness,3559.5,2835.0,3076.5,3114.75,2289.75
hope,7604.5,6101.0,6757.25,6973.5,4862.25
dark fairy tale,9542.25,7590.25,8030.75,8058.75,5807.75
High School,34119.0,27138.25,29091.0,29696.75,21349.75
science fiction,12397.75,9651.0,10762.0,10800.75,8155.75
cruel characters,1418.75,1077.0,1213.0,1219.5,963.5
off-beat comedy,29571.5,22369.25,24826.0,25015.25,18544.25
Made me cry,1013.75,801.5,808.5,881.5,687.25
stylish,49037.25,37474.25,42354.0,42422.5,31184.5
humor,13761.5,10596.75,11991.25,12273.25,8758.5
crime scene scrubbing,29544.5,22347.25,24959.0,25183.0,18900.0
first was much better,9360.5,7305.0,8270.5,8192.5,5925.25
bad ass,29544.5,22347.25,24959.0,25183.0,18900.0
father-son relationship,10428.75,8132.75,9206.75,9265.0,6546.75
disappointing,2075.75,1720.0,1760.5,1851.0,1346.25
pop culture references,29544.5,22347.25,24959.0,25183.0,18900.0
jackie chan,1594.75,1295.5,1463.75,1467.25,1012.75
double life,31490.25,23923.75,26718.75,26905.0,20157.25
stand-up comedy,361.75,320.0,287.25,302.25,233.0
animal movie,364.75,347.0,357.75,368.75,209.25
tolkien,30052.75,23579.5,26021.5,26188.0,19290.5
Queen Victoria,1028.75,897.25,918.75,993.0,671.0
menacing,3694.25,2844.75,3041.0,3043.75,2357.75
spying,12058.75,9493.75,10284.25,10457.75,7699.25
Middle East,7378.0,5760.5,6482.0,6403.0,4574.25
bromantic,4534.25,3661.5,3982.5,4139.0,3055.0
Jekyll and Hyde,513.75,412.75,394.5,451.25,327.0
black-and-white,1663.75,1354.75,1352.75,1421.5,1034.25
irony,29544.5,22347.25,24959.0,25183.0,18900.0
plot twist,30309.0,23149.25,26156.75,26226.25,19432.75
planes,398.0,322.25,322.25,343.25,266.0
schizophrenia,41626.75,31619.0,35306.5,35581.5,26560.5
Harvey Keitel,29544.5,22347.25,24959.0,25183.0,18900.0
stiller,7988.75,6409.0,7090.75,7160.0,5168.0
post-college,1070.75,850.5,911.75,939.0,694.75
lies,18811.25,14726.5,16440.5,16398.5,11959.75
Motivational,13058.0,10090.0,11129.75,11311.5,8297.5
Missionary,1886.25,1500.75,1638.25,1687.5,1160.25
soccer,6080.25,4982.25,5264.25,5439.75,3832.25
Paul Giamatti,14043.25,11079.25,12353.75,12445.25,9168.25
symbolism,5663.25,4364.0,4702.25,4741.25,3555.25
gun-fu,8203.0,6389.5,7444.5,7294.75,5164.75
nonlinear,72941.25,55208.5,62045.75,62171.5,46466.25
existentialism,42951.75,32055.25,35983.75,36369.25,26218.0
colourful,22147.75,17002.25,18503.75,18689.0,14129.75
non-linear timeline,29544.5,22347.25,24959.0,25183.0,18900.0
Broadway,3271.25,2613.0,2729.25,2760.0,1980.0
Dull,15983.0,11908.0,13348.5,13346.0,9786.5
undercover cop,19411.25,15064.0,17038.0,17027.0,12698.75
noir,29544.5,22347.25,24959.0,25183.0,18900.0
Nudity (Topless),31490.25,23923.75,26718.75,26905.0,20157.25
NASA,17080.75,13558.75,15115.75,15363.25,10679.5
drugs & music,29544.5,22347.25,24959.0,25183.0,18900.0
amazing,29544.5,22347.25,24959.0,25183.0,18900.0
abstract,593.75,407.0,389.25,441.0,371.5
fantasy world,52539.0,41046.0,44923.0,44922.0,33059.75
based on a true story,44388.5,34300.5,37821.5,38610.0,28492.5
Homeless,714.5,504.5,517.5,558.75,424.0
C.S. Lewis,11566.0,9633.25,10241.5,10362.0,7201.25
Peta Wilson,5285.0,4249.75,4753.25,4702.0,3285.75
Anne Boleyn,333.0,321.5,330.25,345.25,248.5
Scotland,17784.0,14105.0,15858.5,15686.5,11692.25
Turkey,2860.25,2304.0,2726.75,2806.25,1918.25
gangster,33940.0,25603.25,28717.25,28974.0,21802.0
alternate universe,37813.25,29376.25,32592.75,32946.0,24404.5
Enterprise,4420.0,3536.0,4003.5,4131.25,2840.75
genius,29544.5,22347.25,24959.0,25183.0,18900.0
adoption,2158.5,1715.5,1775.75,1898.0,1468.25
assassin,65731.0,50292.25,56875.25,56912.0,41814.75
time travel,167314.25,129207.25,143570.0,144131.5,105244.25
Thanos,5109.25,4047.75,4450.25,4475.75,3278.5
Shark,10737.0,8532.0,9311.0,9367.0,6665.75
gunfight,2905.5,2312.25,2611.5,2622.5,1899.5
prejudice,1956.25,1636.75,1730.5,1736.5,1161.75
Beautiful,9038.25,6806.5,7344.5,7569.25,5636.5
saints,1505.5,1318.75,1366.5,1387.25,935.0
heartbreaking,32962.5,26217.0,28360.5,28930.0,21370.5
tear jerker,20209.75,15672.5,17168.5,17397.0,13009.25
disjointed timeline,29544.5,22347.25,24959.0,25183.0,18900.0
Arthur C. Clarke,15983.0,11908.0,13348.5,13346.0,9786.5
Mental Hospital,3943.5,3090.25,3271.0,3423.5,2515.5
way too long,19411.25,15064.0,17038.0,17027.0,12698.75
multiple roles,1110.0,894.0,998.25,943.5,675.0
luke skywalker,47157.5,36998.5,40950.75,41205.0,29776.0
bad language,29544.5,22347.25,24959.0,25183.0,18900.0
intimate,3735.25,2855.0,3028.75,3210.75,2435.25
war,10921.25,8592.0,9839.5,9979.25,6820.25
comedy,142092.25,109719.0,121521.75,122434.25,91182.0
enjoyable,412.5,330.5,378.5,413.75,281.75
Quentin Tarantino,100570.0,75989.0,85929.0,86319.75,64592.0
anti-Semitism,1810.5,1454.75,1551.25,1651.0,1082.0
Tokyo,134.75,121.5,150.25,140.75,79.5
Adam Sandler,16725.25,13440.25,14620.5,14906.25,10868.5
Girl Power,5141.5,4247.5,4450.75,4608.25,3217.25
conspiracy,5000.0,3919.5,4451.25,4536.75,3229.75
homeless,5851.25,4665.5,5070.25,5118.5,3677.75
Viggo Mortensen,3127.25,2281.0,2611.0,2717.0,2068.0
villain nonexistent or not needed for good story,8545.75,6841.5,7282.25,7495.75,5268.25
historical,17784.0,14105.0,15858.5,15686.5,11692.25
Jim Morrison,3063.25,2345.0,2673.0,2587.0,2003.0
death penalty,7033.75,5764.0,6161.25,6400.25,4716.25
alter ego,16307.25,12451.0,13472.75,13878.75,10418.75
brothers,2965.5,2352.0,2585.75,2570.5,1833.25
high fantasy,30052.75,23579.5,26021.5,26188.0,19290.5
Police,12532.25,9716.5,11008.25,10991.75,7999.0
blindness,7070.25,5539.5,5951.75,6173.25,4382.5
notable soundtrack,46004.75,35214.25,38785.25,39563.5,29332.0
predictable,62084.25,48889.25,55240.0,55581.0,39626.25
geeky,12043.5,9264.75,10108.0,10155.75,7578.5
Marion Cotillard,1122.5,895.0,968.5,1016.25,733.25
dance marathon,673.25,510.25,542.5,559.25,372.25
Exquisite plotting.,4678.25,3565.75,4081.25,4118.0,2912.25
mobster,29544.5,22347.25,24959.0,25183.0,18900.0
college,7294.5,5690.0,6345.25,6471.0,4439.5
Titanic,121.25,94.0,122.25,134.25,58.75
ballet,8039.5,6491.75,6729.25,6828.5,5116.0
Guns,19267.25,14592.5,16662.25,16487.0,12208.25
Visually stunning,5109.25,4047.75,4450.25,4475.75,3278.5
ogres,12841.75,10437.5,11229.75,11294.5,8310.75
android(s)/cyborg(s),10212.75,7830.25,8836.5,8867.5,6320.75
apocalypse,31705.75,24720.5,27857.5,27853.5,20240.5
characters,37573.25,28371.0,31893.75,32319.0,24023.5
wrongful imprisonment,30990.0,24372.75,26931.75,27286.75,20152.0
drama,74750.5,56987.0,63791.75,64113.25,47875.0
Judaism,5032.5,4119.25,4208.25,4469.0,3035.75
rebellion,4093.25,3322.5,3749.25,3857.25,2674.25
memory loss,6946.25,5821.0,5945.0,6269.75,4524.75
thriller,72453.5,55559.5,62281.5,62849.5,46576.5
r:strong language,29544.5,22347.25,24959.0,25183.0,18900.0
lesbian,781.5,599.0,665.0,722.5,488.25
passion,13801.75,10593.0,11573.75,11866.5,8928.0
police,37976.25,29334.25,33123.0,33202.0,24081.25
setting:space/space ship,15983.0,11908.0,13348.5,13346.0,9786.5
revolutionary,15983.0,11908.0,13348.5,13346.0,9786.5
fugitive,2117.25,1663.25,1759.75,1817.75,1384.25
anthology,29544.5,22347.25,24959.0,25183.0,18900.0
MMA,4044.0,3150.5,3808.5,3758.25,2717.0
action,194351.0,149955.75,168231.75,168949.0,124209.0
suspense,232550.0,178834.5,199236.75,201621.0,149420.0
bad science,21230.0,16806.5,18447.5,18632.75,13585.75
bad jokes,3805.0,3055.0,3465.25,3625.75,2498.0
alternate reality,66388.75,51302.25,56542.0,57049.75,42821.0
updated classics,5078.0,4011.25,4185.5,4359.25,3145.25
Robert De Niro,20061.5,15988.5,17472.25,17740.75,13045.5
missionary,4116.5,3317.25,3717.5,3714.0,2594.25
camp,948.5,770.0,825.25,847.5,593.75
last man on earth,36991.25,29382.75,32206.5,32467.25,24034.0
06 Oscar Nominated Best Movie - Animation,26787.25,21287.5,22768.5,22779.5,16844.5
Mel Gibson,3952.0,3192.5,3571.0,3587.75,2587.5
televangelist,357.5,281.75,311.25,315.5,252.75
TV,24892.0,19323.25,21209.75,21485.75,15677.0
moving,28473.0,22176.5,24235.75,25003.5,18472.25
franchise,5457.5,4312.25,5050.75,5083.75,3578.25
New York City,6189.0,4809.5,5139.75,5360.25,4157.25
computers,3920.0,3225.5,3557.75,3524.25,2506.75
video,7517.0,5767.0,6309.5,6609.75,4770.75
Insane,3275.25,2398.0,2574.25,2565.25,1846.0
ben affleck,3248.5,2612.0,3043.0,3033.25,2179.5
Mafia,107309.75,81724.25,91516.25,91992.0,69158.75
slow,15983.0,11908.0,13348.5,13346.0,9786.5
Psychological Thriller,18376.75,14072.5,15812.25,15915.75,11824.5
mind-blowing,31490.25,23923.75,26718.75,26905.0,20157.25
threesome,5271.25,3972.0,4447.0,4621.75,3448.75
George Bernard Shaw,4488.25,3607.5,3842.0,3961.25,2867.0
Quirky,14919.0,11315.25,12563.75,12575.5,9411.0
morality,18948.5,14478.25,16317.5,16508.25,12126.5
jungle,536.75,425.25,490.75,506.5,340.5
steve carell,10112.5,8061.75,8856.0,9001.25,6485.75
conversation,29544.5,22347.25,24959.0,25183.0,18900.0
aliens,125272.25,97394.5,108389.5,109067.75,78698.0
plastic surgery,2679.5,2157.5,2278.5,2285.5,1731.0
oninous,3694.25,2844.75,3041.0,3043.75,2357.75
freedom of expression,3686.25,2830.5,3250.25,3349.0,2440.0
assassin-in-training (scene),16919.25,13352.5,15254.0,15242.0,10706.5
slavery,3653.5,2895.0,3246.5,3280.75,2342.75
show business,3104.5,2536.5,2585.25,2722.75,2017.75
theater,421.75,371.0,361.25,358.25,261.5
Not Seen,2558.75,2028.25,2120.25,2229.75,1607.0
american idolatry,1364.0,1102.0,1275.5,1262.0,797.0
Mindfuck,24640.75,18825.5,21277.25,21220.25,15716.0
Conan,232.0,181.5,181.25,187.0,143.5
mountain climbing,3127.75,2391.0,2680.5,2744.75,1890.25
alcoholism,7289.0,5593.75,6116.5,6446.0,4715.25
Jessica Alba,9412.75,7573.5,8597.25,8747.5,6129.75
halloween,1477.0,1091.5,1168.75,1260.75,915.75
mermaid,2911.0,2531.5,2639.5,2662.5,1948.0
bad humor,223.5,162.5,190.25,190.0,125.25
Jane Austen,14494.25,11910.25,12191.5,12779.0,9302.5
Morgan Freeman,51196.75,40172.5,44668.5,45023.5,33193.0
Jude Law,13472.5,10502.0,11896.25,11962.0,8684.75
hugh jackman,24302.0,19238.25,21654.5,21627.0,15426.0
mecha,1891.25,1309.5,1510.75,1543.0,1099.5
lions,364.75,347.0,357.75,368.75,209.25
ryan reynolds,1245.5,958.25,1087.75,1089.5,785.0
Dr. Seuss,4438.75,3638.75,3925.75,3896.0,2830.5
spelling bee,2598.0,2158.0,2174.5,2294.0,1561.25
Atomic bomb,14919.0,11315.25,12563.75,12575.5,9411.0
overrated,27208.5,21008.5,23037.0,23350.0,16988.0
the catholic church is the most corrupt organization in history,861.0,653.75,632.0,755.0,491.25
Tom Clancy,12922.25,10192.25,11652.5,11567.0,8065.5
sisterhood,616.5,504.5,484.0,523.0,406.25
Classic,5212.5,4051.0,4664.0,4645.0,3410.0
art house,3275.25,2398.0,2574.25,2565.25,1846.0
Keanu Reeves,10946.0,8580.75,10022.25,9847.75,6918.0
Bible,19415.75,15260.75,16375.5,16586.75,12303.25
coma,8047.75,6446.0,6898.25,7121.5,5185.0
Tolkein,88529.25,69411.5,76658.25,77059.25,56517.0
music business,697.75,541.5,545.25,587.25,470.75
Poor story,3112.0,2450.25,2880.5,2841.5,2033.25
mirrors,743.5,595.0,648.0,636.0,497.25
parenthood,218.5,200.75,193.0,213.5,141.5
kidnapping,39338.25,30329.25,33774.75,34009.75,24991.75
spaghetti western,17507.5,13363.5,15204.5,15314.75,11097.0
symbolic,234.75,171.25,198.75,203.5,144.5
building a family,3127.25,2281.0,2611.0,2717.0,2068.0
serial killer,42919.0,33020.75,36695.0,37096.0,27335.75
ocean,7430.0,5942.5,6650.25,6885.25,4820.25
George Lucas,23945.75,18844.25,20813.25,20844.25,15096.0
Pearl S Buck,125.0,108.75,103.5,111.25,72.25
big boys with guns,29544.5,22347.25,24959.0,25183.0,18900.0
cult,46371.0,35208.5,39416.0,39621.25,29680.75
carnival,664.5,546.5,577.25,578.0,400.5
magic board game,9731.0,7706.25,8352.5,8555.25,6323.0
journalism,31925.5,25236.75,27366.5,28157.0,20468.5
imdb top 250,199477.25,153151.75,169952.75,171036.0,126901.75
Australia,20097.25,16332.75,17447.75,17856.75,12807.0
domestic violence,953.75,815.25,852.25,836.5,659.0
amnesia,13248.5,10292.25,11476.25,11604.25,8236.0
child abuse,12713.5,9933.75,10955.0,11285.5,8127.25
Great performances,21961.25,16737.75,19133.0,19123.0,14216.0
apes,15983.0,11908.0,13348.5,13346.0,9786.5
transplants,10568.75,8430.75,9326.75,9477.75,7114.25
sniper,25619.25,19557.0,22416.25,22266.5,16289.0
DC Comics,3612.5,2998.75,3380.75,3413.25,2305.25
conspiracy theory,8916.25,7034.0,7801.5,7951.25,5803.5
entertaining,29544.5,22347.25,24959.0,25183.0,18900.0
Europe,7693.5,6042.25,6707.25,6742.75,4981.75
embarassing scenes,670.0,513.5,498.0,546.75,412.0
motherhood,1645.5,1346.5,1386.0,1478.5,1138.25
Edward Norton,43457.75,33283.0,37312.0,37499.25,27979.25
Arthur Miller,908.25,692.25,738.25,806.75,578.0
Johnny Cash,8273.0,6576.25,7121.75,7234.5,5213.5
prequel,12695.75,10068.5,11331.75,11244.5,8114.75
blood,29544.5,22347.25,24959.0,25183.0,18900.0
relaxing,15983.0,11908.0,13348.5,13346.0,9786.5
insomnia,6407.75,5026.0,5607.75,5614.25,4206.75
school,13700.0,10748.25,11620.0,11771.5,8684.25
Jesse Eisenberg,13194.5,10170.75,11368.75,11459.0,8429.0
Simon Pegg,16917.75,13493.0,14895.5,14939.75,10614.25
based on a play,512.25,388.75,366.75,464.0,314.0
multiple storylines,52733.0,39815.0,44830.5,45030.25,33865.0
masculinity,4534.25,3661.5,3982.5,4139.0,3055.0
drugs,92036.75,69981.75,78565.75,79090.75,58666.75
Hammett,3573.0,2807.75,3133.25,3044.5,2278.0
ridiculous,6999.5,5565.0,6289.25,6380.75,4605.25
heist,125645.5,97418.0,109328.0,109902.75,80895.75
great cinematography,3369.5,2570.75,2764.5,2841.5,2125.25
test tag,5850.75,4670.25,5149.25,5235.5,3754.0
elegant,3735.25,2855.0,3028.75,3210.75,2435.25
unoriginal,21230.0,16806.5,18447.5,18632.75,13585.75
racism,45289.75,35269.5,38960.5,39413.0,29000.0
convent,750.0,593.0,577.25,594.25,461.0
butler,1325.0,1078.75,1136.0,1177.75,800.5
homosexuality,29544.5,22347.25,24959.0,25183.0,18900.0
Ryan Reynolds,17659.0,14276.0,15937.0,16098.75,11428.0
basketball,8400.5,6790.75,7443.25,7572.0,5301.5
2D animation,1931.25,1429.0,1582.25,1560.75,1160.5
road trip,817.25,612.25,632.25,684.75,531.0
Oscar (Best Supporting Actress),1506.25,1279.5,1333.0,1404.75,946.25
Big Brothers,402.0,288.25,313.0,303.25,259.25
Dialogue,8028.75,6023.75,6934.75,7136.0,5123.5
Anthony Hopkins,3892.25,3060.25,3441.75,3526.0,2648.5
psychedelic,8192.25,6012.25,6777.5,7011.25,5202.75
long takes,3735.25,2855.0,3028.75,3210.75,2435.25
gambling,4829.0,3950.0,4178.75,4319.5,3175.0
drug overdose,29544.5,22347.25,24959.0,25183.0,18900.0
retro,31295.5,23725.0,26433.25,26756.75,20081.75
Dickens,3373.75,2780.0,2960.5,3047.0,2163.0
video games,12043.5,9264.75,10108.0,10155.75,7578.5
seen more than once,10206.75,8198.5,8750.25,8954.5,6702.25
personals ads,816.25,700.75,637.25,739.0,608.75
Chris Klein,9559.75,7445.5,8392.0,8475.25,6113.75
Eva Green,4792.0,3778.25,4411.5,4369.75,2984.75
Quakers,261.25,218.0,231.75,245.25,176.0
Graham Greene,2323.0,1923.75,2064.0,2187.25,1541.0
archaeology,52131.5,41550.25,45430.0,45832.0,33238.25
lyrical,4973.25,3752.75,3996.5,4181.75,3197.0
cult film,107282.5,81118.25,89849.25,90497.25,67661.0
cheating,18811.25,14726.5,16440.5,16398.5,11959.75
accident,957.75,780.25,798.75,780.0,602.25
Jake Gyllenhaal,11972.5,9207.5,10551.75,10529.5,7727.75
space adventure,26528.0,20718.5,22861.25,23047.75,16745.0
cameo:Whoopi Goldberg,3383.5,2730.0,3069.0,3152.75,2082.75
ROBOTS AND ANDROIDS,26528.0,20718.5,22861.25,23047.75,16745.0
enigmatic,52491.5,39738.5,44241.25,44549.25,32830.25
Suspense,18720.75,14512.0,16287.0,16315.5,11830.5
dystopia,22539.0,17651.25,19764.75,19981.75,14344.0
wonderwoman,3248.5,2612.0,3043.0,3033.25,2179.5
Africa,23571.75,18837.25,20993.75,21238.75,15432.5
"""artsy""",705.0,532.25,596.25,577.25,413.25
zombies,39100.75,29929.0,33002.0,33290.0,24540.5
King Arthur,25098.25,19497.25,21442.75,21432.5,15673.25
humane,22147.75,17002.25,18503.75,18689.0,14129.75
Shakespeare sort of,12171.25,9778.75,10300.0,10489.5,7817.0
imagination,22887.0,17554.0,19102.0,19277.75,14567.75
E.M. Forster,1877.5,1586.25,1621.75,1722.25,1186.25
absorbing,7423.5,5671.25,6420.75,6458.75,4837.75
disturbing,173850.25,132408.5,147516.75,148542.25,111451.5
GIVE ME BACK MY SON!,3952.0,3192.5,3571.0,3587.75,2587.5
british comedy,42172.0,32630.0,35887.0,35675.0,26415.75
von Bulow,1140.25,939.75,1075.75,1120.25,731.75
will ferrell,6473.25,5097.5,5524.75,5640.75,4079.25
true story,42227.25,32374.5,36319.5,36640.75,27213.25
EPIC,26528.0,20718.5,22861.25,23047.75,16745.0
singletons,7893.0,6387.25,6651.5,6965.25,5055.5
hallucinatory,50678.25,37872.75,42038.5,42295.5,31438.25
saint,1470.5,1127.5,1160.75,1156.5,892.5
mental illness,106673.5,81282.25,89467.0,90738.0,67513.5
Huey Long,398.0,355.25,394.75,339.0,240.25
heavy metal,7858.25,6166.0,6726.0,6707.0,4807.5
opera,1870.5,1448.0,1533.0,1546.75,1144.25
Coen Brothers,70824.0,54229.5,60449.5,60978.25,44843.25
Hemingway,249.5,218.0,215.25,221.5,178.25
haunting,825.75,604.75,659.25,601.5,529.5
California,6118.0,5086.0,5578.5,5542.75,4008.75
bombs,547.25,431.75,446.5,505.5,354.5
Dinosaur,21357.75,16786.0,18372.75,18683.25,13634.0
island,1751.75,1375.5,1531.0,1524.25,1115.25
Oscar (Best Cinematography),17784.0,14105.0,15858.5,15686.5,11692.25
lord of the rings,28720.25,22521.0,24872.5,25027.25,18330.25
Oscar (Best Effects - Visual Effects),15983.0,11908.0,13348.5,13346.0,9786.5
Christian Bale,42747.25,33384.25,37721.5,37820.75,27359.0
Stock Market,15402.0,11703.5,13259.25,13417.0,10068.5
family,17519.25,14016.5,14927.0,15437.5,11217.5
friendship,53517.0,41021.25,45686.75,45862.5,34028.25
Slim Pickens,14919.0,11315.25,12563.75,12575.5,9411.0
plot holes,28037.75,22302.75,25226.5,25221.5,18321.25
scifi cult,9257.5,7208.0,8109.25,8182.25,5778.75
casino,15292.75,12054.5,13488.5,13564.25,9903.0
Steven Spielberg,32913.5,25844.75,28568.0,28736.75,20760.0
alone in the world,12985.0,10208.5,11570.5,11538.0,8410.0
lawn mower,2965.5,2352.0,2585.75,2570.5,1833.25
circus,4503.5,3497.5,3694.0,3626.75,3019.25
audience intelligence underestimated,8037.0,6580.0,7159.75,7331.75,5150.75
Epic,22185.5,17359.0,19691.75,19592.0,14373.75
Andy Garcia,5212.5,4051.0,4664.0,4645.0,3410.0
obsession,24018.5,18462.0,20111.75,20548.75,15456.75
nocturnal,3735.25,2855.0,3028.75,3210.75,2435.25
salute to Douglas Sirk,1989.5,1616.25,1705.75,1770.25,1308.0
Alcatraz,9749.75,7782.25,8776.0,8795.0,6447.0
arthouse,22147.75,17002.25,18503.75,18689.0,14129.75
Harper Lee,8024.0,6443.0,6853.5,6953.5,5050.25
Stones of Summer,88.5,79.5,81.25,85.0,70.5
Jeff Bridges,28508.5,21792.5,24614.75,24694.5,18147.5
Native Americans,7999.25,6443.25,7058.25,7205.25,4971.25
royal with cheese,29544.5,22347.25,24959.0,25183.0,18900.0
John Grisham,10623.25,8684.75,9722.25,9875.25,6931.5
interesting characters,2006.75,1538.25,1786.0,1740.5,1299.0
fast-paced dialogue,8406.75,6491.25,7305.5,7288.75,5342.25
good writing,3127.25,2281.0,2611.0,2717.0,2068.0
black humour,29544.5,22347.25,24959.0,25183.0,18900.0
cool,29544.5,22347.25,24959.0,25183.0,18900.0
England,40345.0,31941.0,34871.5,35178.5,25449.0
rich guy - poor girl,2420.75,1978.25,2003.0,2175.5,1557.25
love,22678.0,17389.5,18928.0,19118.5,14443.75
union,931.5,801.5,812.25,841.75,606.25
chick flick,11036.5,8907.75,9273.0,9601.5,7170.0
great humor,19580.0,15595.5,17237.5,17324.0,12548.25
thought-provoking,293829.5,225506.5,250324.5,253258.5,188028.75
predictible plot,5831.25,4525.0,5260.25,5316.75,3763.5
Gulf War,1671.25,1413.25,1521.5,1516.75,1136.0
Chuck Palahniuk,31490.25,23923.75,26718.75,26905.0,20157.25
Amazing Cinematography,5078.0,4011.25,4185.5,4359.25,3145.25
immigration,2731.75,2080.5,2373.75,2434.75,1676.25
teen,28945.25,22067.0,24344.75,24749.25,18150.5
character development,29544.5,22347.25,24959.0,25183.0,18900.0
horror,41253.25,31837.0,35023.75,35747.5,26161.75
depressing,34369.5,25430.5,28580.75,29023.5,21756.5
stop looking at me swan,3300.0,2623.5,2784.0,2913.0,2115.5
black comedy,104442.5,79515.0,88483.5,88638.5,66657.0
twisted,13140.25,9676.0,11045.25,10932.0,8389.0
surprise ending,8407.75,6416.75,7335.5,7371.0,5373.25
Amish,5341.0,4439.0,4708.25,4818.0,3497.75
Bette Davis,254.0,189.5,207.0,228.25,164.25
awkward,5469.75,4240.75,4576.75,4608.75,3433.25
quick cuts,16917.75,13493.0,14895.5,14939.75,10614.25
movies,7585.75,5815.25,6250.25,6384.25,4893.5
exciting,29544.5,22347.25,24959.0,25183.0,18900.0
Lloyd Dobbler,3668.5,2976.25,3071.75,3222.25,2225.75
Steve Buscemi,66037.0,50000.25,55865.25,56174.75,41952.0
fucked up,3275.25,2398.0,2574.25,2565.25,1846.0
mystery,81503.25,62180.75,69425.5,69814.5,51517.5
fatalistic,8007.25,5971.75,6807.5,6854.25,4817.0
Ghost,651.25,507.0,528.0,557.0,484.5
biblical references,29544.5,22347.25,24959.0,25183.0,18900.0
Jaime Pressly,4534.25,3661.5,3982.5,4139.0,3055.0
childish naivity,3936.5,3243.0,3377.5,3526.5,2609.75
joss whedon,6802.25,5431.25,5906.75,5852.0,4051.0
Peace Corp,205.25,175.75,197.0,196.25,109.25
philosophical issues,24781.75,19112.25,21354.75,21580.0,16029.75
Nathan Fillion,6802.25,5431.25,5906.75,5852.0,4051.0
future,88967.75,68038.0,76476.75,76599.0,55374.5
interesting,42010.0,31744.5,35801.25,36114.75,26784.0
achronological,29544.5,22347.25,24959.0,25183.0,18900.0
Funny,11386.25,9034.75,9662.5,9993.5,7246.75
bad music,1077.25,932.0,940.25,1037.75,693.0
romantic comedy,3577.25,2982.75,3084.0,3222.0,2412.0
cattle drive,808.5,627.5,738.75,738.75,484.5
coke,29544.5,22347.25,24959.0,25183.0,18900.0
divorce,42699.5,34387.75,36858.75,37930.25,27818.0
italy,58.5,53.5,47.0,52.5,34.5
Norman Bates,11531.75,9121.5,9625.0,9865.0,7418.75
cyberpunk,25226.0,18927.75,21460.0,21376.25,15545.5
tobacco,5077.5,3893.0,4337.75,4479.75,3295.75
Henry James,801.5,659.75,698.25,740.75,552.0
Mrs. DeWinter,3258.75,2616.75,2703.25,2841.25,2092.5
India,26023.75,20602.5,22408.0,22967.25,16558.0
lion,3920.5,3258.25,3551.5,3550.5,2504.0
Revenge,8203.0,6389.5,7444.5,7294.75,5164.75
big wave,71.5,54.0,81.25,67.5,52.5
Mexico,6118.0,5086.0,5578.5,5542.75,4008.75
Adrien Brody,2006.75,1538.25,1786.0,1740.5,1299.0
cryptic,3275.25,2398.0,2574.25,2565.25,1846.0
Navy,7602.75,6020.5,6786.0,6868.75,4884.5
introspection,1688.0,1295.5,1326.75,1325.75,1042.75
asylum,3943.5,3090.25,3271.0,3423.5,2515.5
marvel,21925.0,17222.25,19406.5,19249.75,13965.0
slick,15898.75,12603.0,14283.5,14280.75,10226.5
Afghanistan,6087.0,4849.75,5462.5,5552.5,3949.5
pool,2760.0,2141.25,2419.25,2438.75,1694.75
Stephen King,86320.75,67701.25,73634.25,75416.75,56005.25
cancer,4570.25,3511.0,3892.5,3985.0,2819.25
Disney animated feature,16056.75,12962.0,13813.75,14067.5,10382.5
lack of plot,3112.0,2450.25,2880.5,2841.5,2033.25
casual violence,29544.5,22347.25,24959.0,25183.0,18900.0
South America,2312.75,1905.75,2062.0,2105.25,1473.25
bad script,13200.25,10466.75,12033.25,12040.25,8576.25
oil,827.5,698.0,730.25,765.25,530.0
McCarthy hearings,4768.25,3788.25,4198.25,4258.25,3034.75
real estate,3203.0,2513.75,2679.0,2874.75,2010.75
Stanley Kubrick,33131.25,24972.75,27529.5,27809.0,20789.5
Moses,3454.25,2867.5,2924.5,3098.25,2198.5
Humour,21961.25,16737.75,19133.0,19123.0,14216.0
brilliant,5240.25,4066.0,4612.75,4764.75,3310.5
Dogs,5742.75,4621.75,4846.75,4953.25,3595.5
In Netflix queue,181135.5,142652.0,154412.0,157614.0,114978.75
jazz,20840.75,16229.75,17447.25,18042.25,13377.0
blood splatters,29544.5,22347.25,24959.0,25183.0,18900.0
French,19267.25,14592.5,16662.25,16487.0,12208.25
Josh Brolin,3727.75,2937.5,3367.0,3355.5,2423.75
spiders,3267.25,2592.0,2817.5,2966.75,2078.75
1920s,4216.25,3390.75,3566.0,3723.0,2705.75
stupid but funny,2644.0,2121.25,2297.25,2296.25,1658.0
Natalie Portman,19267.25,14592.5,16662.25,16487.0,12208.25
melancholy,28851.75,22078.5,23867.25,24356.25,18394.25
prison,37590.25,29651.5,32786.75,33157.75,24279.25
Shangri-La,683.75,551.75,572.75,562.5,405.25
Nabokov,342.0,279.25,306.75,356.25,209.0
screwball,4906.25,3984.0,4267.5,4395.5,3130.25
philosophy,139436.5,106925.5,118250.75,119468.25,89219.25
bizzare,193.5,123.25,125.5,132.5,122.0
James Fennimore Cooper,5016.75,3989.75,4572.5,4572.0,3224.75
Vietnam,78783.0,60615.75,67771.0,68847.0,50506.75
happpiness,22147.75,17002.25,18503.75,18689.0,14129.75
John Goodman,18290.5,13810.25,15503.0,15444.5,11647.5
Clock,898.0,754.25,782.75,764.25,581.5
mobsters,29544.5,22347.25,24959.0,25183.0,18900.0
prom,4650.5,3674.25,3692.0,3942.0,2948.25
Vulgar,1960.25,1517.5,1772.0,1800.25,1300.5
deaf,855.5,745.0,732.25,811.75,529.0
Soundtrack,21961.25,16737.75,19133.0,19123.0,14216.0
Inigo Montoya,15607.75,12547.0,13398.25,13423.5,9603.5
Paul Rudd,11146.25,8988.0,9476.5,9822.0,7379.5
gritty,91360.75,70150.5,78333.5,79143.75,58423.75
Metaphorical,3407.0,2583.0,2628.5,2815.75,2018.5
grim,6076.75,4604.5,5062.0,5142.75,3824.5
Not available from Netflix,1083.0,891.0,972.0,993.75,667.0
David Thewlis,4792.0,3778.25,4411.5,4369.75,2984.75
human rights,35.0,20.0,30.0,30.0,15.0
reflective,7884.75,5973.5,6334.75,6561.5,4952.5
Matt Damon,10218.0,7982.25,9111.75,9250.0,6500.0
Medieval,17784.0,14105.0,15858.5,15686.5,11692.25
marijuana,18290.5,13810.25,15503.0,15444.5,11647.5
computer animation,22960.5,18480.5,19696.25,20022.25,14918.75
Rogue,12599.75,10029.0,11254.25,11106.25,7997.0
immortality,1245.5,958.25,1087.75,1089.5,785.0
Will Ferrell,32407.25,25419.5,28047.5,28130.5,20580.25
Arnold Schwarzenegger,27978.25,21720.0,24396.25,24497.75,17609.25
winona ryder,3943.5,3090.25,3271.0,3423.5,2515.5
smart writing,29544.5,22347.25,24959.0,25183.0,18900.0
intelligent sci-fi,19807.25,15064.5,17192.75,17128.75,12583.0
Salieri,10072.75,7762.0,8659.5,8770.75,6317.25
Star Wars,26528.0,20718.5,22861.25,23047.75,16745.0
chilly,3694.25,2844.75,3041.0,3043.75,2357.75
Thor,5109.25,4047.75,4450.25,4475.75,3278.5
bittersweet,122753.0,96261.5,104213.75,105603.0,78905.25
MCU,5109.25,4047.75,4450.25,4475.75,3278.5
doll,905.25,720.0,670.25,759.5,521.0
hostage,7430.0,5942.5,6650.25,6885.25,4820.25
disability,5114.25,4124.75,4454.25,4563.0,3346.5
kung fu,1594.75,1295.5,1463.75,1467.25,1012.75
John Travolta,29544.5,22347.25,24959.0,25183.0,18900.0
Ninotchka remake,116.25,96.0,80.75,96.25,90.0
cynical,12318.5,9375.75,10667.5,10609.0,7744.0
Ben Stiller,21837.25,17593.25,19171.75,19387.75,13893.0
food,11261.25,8846.25,9704.25,10084.75,7113.0
diner,29544.5,22347.25,24959.0,25183.0,18900.0
mindfuck,212492.25,162329.75,181478.5,182963.25,134876.0
reunion,7711.5,6181.25,6738.25,6833.0,4841.5
teacher,2232.5,1789.5,1953.25,1993.5,1462.25
epic,19675.25,15414.5,17369.25,17229.5,12791.75
gothic,50217.25,39430.75,43055.25,43534.0,32275.25
entirely dialogue,29544.5,22347.25,24959.0,25183.0,18900.0
S.E. Hinton,1665.75,1328.25,1442.5,1471.0,1017.5
dinosaurs,12302.0,9855.5,11002.25,10989.75,7809.25
roald dahl,10660.5,8485.5,9189.25,9194.25,6724.0
Dumas,5097.25,4081.25,4669.0,4644.25,3304.25
thought provoking,2797.25,2072.25,2415.0,2445.5,1838.0
Robin Williams,22107.25,17556.0,19252.5,19561.5,14330.0
Robert Ludlum,16919.25,13352.5,15254.0,15242.0,10706.5
innovative,29544.5,22347.25,24959.0,25183.0,18900.0
comics,10428.75,8132.75,9206.75,9265.0,6546.75
weddings,6222.5,5089.75,5257.25,5524.75,4129.0
Modern war,4549.0,3536.25,4131.0,4070.75,2890.0
start of a beautiful friendship,13082.0,10334.75,11263.0,11503.75,8313.0
diabetes,1590.5,1406.5,1341.5,1433.25,1071.75
multiple personalities,515.25,429.25,459.75,485.75,337.75
twist ending,239311.0,183421.25,205896.75,207022.5,153444.0
Rob Zombie,2212.0,1609.25,1778.0,1846.0,1355.5
bad plot,21060.25,16917.0,19379.75,19570.25,13796.25
allegorical,1500.5,1072.25,1155.0,1224.25,1001.0
Stoner Movie,5842.25,4444.25,4905.0,4870.0,3733.0
indie record label,50.5,37.5,47.5,47.5,38.0
good and evil,2713.0,2119.5,2217.0,2229.75,1741.25
con artists,2006.75,1538.25,1786.0,1740.5,1299.0
France,1873.0,1588.0,1686.5,1720.5,1276.5
space,143280.5,112316.0,124878.25,125556.25,90090.5
self discovery,11519.25,8853.5,9860.75,9951.75,7285.75
Visually appealing,5109.25,4047.75,4450.25,4475.75,3278.5
Francis Ford Coppola,5212.5,4051.0,4664.0,4645.0,3410.0
hip hop,1039.5,820.5,890.0,963.0,698.75
classic,170005.5,130818.5,145341.0,146083.25,107882.75
romance,74480.0,59402.25,64466.25,65955.25,47782.25
new composer,5457.5,4312.25,5050.75,5083.75,3578.25
Halle Berry,10115.0,7978.25,8944.5,9024.25,6475.25
M. Night Shyamalan,8596.75,6896.25,7431.75,7568.5,5498.5
documentary,526.75,404.25,424.25,440.5,326.75
Neil Patrick Harris,6802.25,5431.25,5906.75,5852.0,4051.0
slow action,15967.25,12400.5,13998.75,14202.5,10212.5
slow paced,15983.0,11908.0,13348.5,13346.0,9786.5
anime,85979.5,66254.0,72040.0,71551.25,53316.0
comic book,72326.5,57433.75,64550.5,64446.75,46224.0
2001-like,15346.75,11533.25,12998.25,13112.25,9563.5
interwoven storylines,29544.5,22347.25,24959.0,25183.0,18900.0
Nicolas Cage,2455.75,1870.0,2210.5,2221.0,1545.25
court,45373.5,36308.25,39535.75,40442.25,29167.25
Harley Quinn's ass,3112.0,2450.25,2880.5,2841.5,2033.25
suspenseful,17677.75,13975.25,14846.25,15270.5,11314.0
Tarantino,48300.5,36383.0,40768.5,40951.25,30750.25
tedious,15983.0,11908.0,13348.5,13346.0,9786.5
great dialogue,47835.0,36157.5,40462.0,40627.5,30547.5
sequel,69177.0,54628.0,60906.5,60957.5,44012.5
crude humor,25582.75,20174.5,22172.75,22418.25,16346.75
superhero team,19580.0,15595.5,17237.5,17324.0,12548.25
Jim Carrey,5751.0,4631.75,4970.0,4921.0,3561.25
ransom,18290.5,13810.25,15503.0,15444.5,11647.5
Venice,5244.5,4004.0,4317.25,4328.5,3279.25
Bill Murray,13194.5,10170.75,11368.75,11459.0,8429.0
satirical,49780.75,37734.0,42221.75,42349.5,31804.75
star wars,2249.5,1844.75,1951.75,2087.25,1397.5
transvestite,754.25,602.25,609.0,649.0,473.5
statue,5358.5,4199.0,4606.25,4530.0,3383.25
prostitution,19356.5,15512.5,16358.25,17077.75,12408.75
bruce willis,29544.5,22347.25,24959.0,25183.0,18900.0
eerie,5217.25,3986.25,4225.0,4337.25,3321.25
small time criminals,4125.25,3183.25,3700.5,3852.75,2620.25
individualism,3127.25,2281.0,2611.0,2717.0,2068.0
jon hamm,2797.25,2072.25,2415.0,2445.5,1838.0
Italy,4293.0,3560.5,3705.5,3860.75,2749.0
meditative,18168.25,13641.0,15228.25,15181.75,11189.25
Disturbing,8407.75,6416.75,7335.5,7371.0,5373.25
jack nicholson,35316.0,26788.0,29542.5,29897.25,22630.25
dust bowl,2205.0,1760.5,1891.25,1936.25,1368.0
city politics,58.5,53.5,47.0,52.5,34.5
remake,45454.75,35800.25,39251.75,40047.0,29335.5
robbery,4125.25,3183.25,3700.5,3852.75,2620.25
inspiring,30428.25,23693.75,25849.0,26624.75,19485.25
seen at the cinema,1200.0,984.5,1112.0,1107.75,825.25
revolution,4093.25,3322.5,3749.25,3857.25,2674.25
Canada,1989.25,1584.5,1695.0,1778.25,1196.0
Ichabod Crane,8649.25,6964.75,7476.0,7660.25,5584.5
insightful,22147.75,17002.25,18503.75,18689.0,14129.75
virginity,11579.25,8902.25,9916.5,9996.75,7322.5
feel-good,49960.25,39286.0,42581.0,43055.5,32084.75
tricky,23747.75,18271.0,20714.25,20779.25,15347.5
magic,11967.5,9359.25,10593.25,10594.25,7822.0
strange,3275.25,2398.0,2574.25,2565.25,1846.0
Firefly,12669.75,9913.0,11181.5,11037.0,7695.0
cross dressing,14402.5,11657.0,12542.75,13043.5,9557.25
Up series,1089.25,833.5,838.5,875.0,647.5
not funny,9559.75,7445.5,8392.0,8475.25,6113.75
christmas,22934.75,18740.75,19816.5,20370.5,14631.5
Toto,10173.75,8158.75,8554.0,8755.75,6239.25
Palahnuik,31490.25,23923.75,26718.75,26905.0,20157.25
fairy tales,22304.0,17727.25,19218.25,19390.5,14306.0
action packed,29544.5,22347.25,24959.0,25183.0,18900.0
skiing,2368.25,1921.5,2010.25,2007.5,1486.25
Othello,123.25,111.5,109.0,103.0,86.5
Edith Wharton,1740.25,1399.0,1416.25,1530.75,1095.5
Ben Kingsley,1245.5,958.25,1087.75,1089.5,785.0
Trey Parker,8679.0,6700.25,7289.5,7381.5,5461.0
confusing,4678.25,3565.75,4081.25,4118.0,2912.25
military,46989.25,37527.25,41568.0,42103.5,30255.25
dc comics,6360.5,5062.25,5923.5,5874.75,4212.75
Howard Hughes,9081.0,7055.25,8041.25,8117.0,5934.0
Jean Reno,19267.25,14592.5,16662.25,16487.0,12208.25
solitude,15346.75,11533.25,12998.25,13112.25,9563.5
six-fingered man,15607.75,12547.0,13398.25,13423.5,9603.5
secrets,7120.5,5537.5,6142.25,6182.5,4604.0
nightclub,6266.75,4776.0,5297.25,5384.5,4009.5
Rolling Stone,10030.75,7816.75,8559.75,8758.75,6451.75
economics,5195.0,3873.75,4428.75,4545.25,3384.0
martial arts,92349.25,71580.75,79815.75,80306.0,58938.5
Hepburn and Tracy,4196.0,3455.25,3827.75,3868.5,2607.25
Truman Capote,5474.25,4231.0,4590.5,4861.25,3473.5
Tom Hardy,8722.25,6716.25,7889.75,7876.25,5629.25
Kevin Spacey,3546.75,2682.5,3019.0,3222.5,2274.25
heartwarming,87908.5,69364.0,75563.5,76959.25,56523.25
wistful,5469.75,4240.75,4576.75,4608.75,3433.25
new york,14145.25,11056.75,11792.5,12092.75,8896.25
Creature Feature,3911.0,3174.5,3512.5,3579.75,2511.75
preacher,557.75,444.75,467.0,453.25,360.25
fast-paced,29544.5,22347.25,24959.0,25183.0,18900.0
original plot,53490.25,41191.5,45772.25,46027.25,33996.0
intense,56440.75,42924.75,47752.25,48484.25,36154.0
royalty,3593.75,2983.5,3090.25,3223.0,2307.0
Ralph Fiennes,13004.5,9859.5,11067.0,11169.5,8189.0
Eugene O'Neill,20.25,13.5,11.25,27.0,22.5
Aardman,23988.25,19037.25,20874.25,20436.25,14866.0
spacecraft,15983.0,11908.0,13348.5,13346.0,9786.5
game,9731.0,7706.25,8352.5,8555.25,6323.0
for katie,687.5,579.75,638.25,655.5,420.0
submarine,11230.5,8868.75,10181.5,10214.0,7110.75
moldy,1701.5,1376.5,1571.75,1577.25,1095.75
Great Visuals,18689.5,14766.25,16227.0,16161.5,11722.0
adorable,1688.0,1295.5,1326.75,1325.75,1042.75
easygoing,6791.0,5348.5,5828.0,5850.0,4089.5
Ed Harris,6352.0,4964.5,5754.0,5779.5,4080.75
tom hardy,8055.25,6208.5,7064.25,7344.25,5126.25
golden watch,29544.5,22347.25,24959.0,25183.0,18900.0
teenagers,141.25,128.0,143.0,134.25,97.75
Sci-Fi,17371.25,13429.0,15217.0,15241.25,10933.25
DC,3612.5,2998.75,3380.75,3413.25,2305.25
new society,5260.0,4240.5,4737.0,4732.25,3482.0
Wesley Snipes,4580.75,3676.0,4213.0,4185.75,2931.25
cheesy,3612.5,2998.75,3380.75,3413.25,2305.25
Holy Grail,17249.25,13784.75,15118.5,15261.0,11043.0
sword fight,17784.0,14105.0,15858.5,15686.5,11692.25
classic movie,29544.5,22347.25,24959.0,25183.0,18900.0
creepy,61455.25,47121.75,51213.25,52134.25,38616.25
different,29544.5,22347.25,24959.0,25183.0,18900.0
Brittany Murphy,3943.5,3090.25,3271.0,3423.5,2515.5
imaginative,11092.25,8862.0,9713.25,9677.25,7088.0
smart,45708.75,35340.5,39601.5,39991.75,28713.5
daniel craig,4678.25,3565.75,4081.25,4118.0,2912.25
Oscar Wilde,428.0,347.25,413.5,423.0,259.0
Marvel,8914.25,7102.75,7915.5,8101.5,5776.5
president,14555.75,11895.25,13086.75,13426.75,9391.5
financial crisis,3546.75,2682.5,3019.0,3222.5,2274.25
Eccentric,1688.0,1295.5,1326.75,1325.75,1042.75
travolta,29544.5,22347.25,24959.0,25183.0,18900.0
lieutenant dan,29500.0,23313.75,25429.5,25829.0,19213.0
rug,18290.5,13810.25,15503.0,15444.5,11647.5
Renee Zellweger,1751.0,1377.75,1474.25,1573.75,1181.75
Beatles,2091.5,1696.25,1670.0,1752.75,1328.75
Roger Avary,29544.5,22347.25,24959.0,25183.0,18900.0
androids,19767.75,14944.25,16807.75,16853.5,12181.5
swashbuckler,25497.0,20348.25,22268.5,22308.0,16472.75
singers,467.25,383.75,389.0,400.5,290.25
Sean Connery,5285.0,4249.75,4753.25,4702.0,3285.75
storytelling,29544.5,22347.25,24959.0,25183.0,18900.0
Disney,167344.25,135303.25,143431.0,145104.75,105949.75
movies about movies,1459.75,1150.25,1257.0,1178.0,963.25
religion,89568.75,69862.5,77323.5,77676.0,56804.75
computer,15983.0,11908.0,13348.5,13346.0,9786.5
cool style,29544.5,22347.25,24959.0,25183.0,18900.0
not seen,15703.5,11658.0,13345.75,13260.5,10085.0
classic sci-fi,26528.0,20718.5,22861.25,23047.75,16745.0
very funny,43072.25,33263.75,36659.75,36961.0,27778.25
fish,29571.0,23473.0,25548.5,25770.0,18952.0
dark humor,44592.75,33799.25,37567.75,37947.25,28282.0
good,3077.75,2419.5,2797.25,2825.75,1994.5
Maggie Gyllenhaal,10489.75,8383.5,9091.5,9202.75,6683.25
sports,20878.5,16764.0,18738.0,19090.0,13286.75
r:disturbing violent images,29544.5,22347.25,24959.0,25183.0,18900.0
poignant,29483.5,22945.5,24925.5,25122.25,19060.5
80's,986.75,726.25,766.75,781.0,553.5
Something for everyone in this one... saw it without and plan on seeing it with kids!,2174.25,1814.75,1931.5,1909.25,1461.75
confrontational,13883.75,10694.75,11789.0,11913.0,8827.0
Narrative pisstake,95.75,55.25,86.0,63.5,49.25
sentimental,27515.25,21687.0,23516.25,23722.25,17805.75
dark,158309.0,120805.0,134833.75,135656.75,100458.25
Casey Affleck,5475.0,4353.75,4892.75,4931.0,3443.0
somber,10428.75,8132.75,9206.75,9265.0,6546.75
ending,14971.0,11991.0,12978.0,13240.25,9704.25
romantic,25883.0,19857.25,21532.5,21899.75,16565.0
killer-as-protagonist,29544.5,22347.25,24959.0,25183.0,18900.0
Screwball,5355.25,4340.25,4589.5,4729.5,3394.5
western,21961.25,16737.75,19133.0,19123.0,14216.0
quotable,6612.0,5326.5,5494.0,5683.0,4324.5
free to download,739.25,551.75,598.25,588.75,438.0
Russia,657.5,562.5,624.75,624.0,460.25
quirky romantic,22147.75,17002.25,18503.75,18689.0,14129.75
crazy,1161.0,852.75,960.0,939.25,744.5
live action/animation,9659.25,7696.75,8399.5,8334.0,6040.5
great screenplay,13058.0,10090.0,11129.75,11311.5,8297.5
Bruce Willis,39849.75,30728.5,34030.0,34362.25,25400.75
justice,10711.75,8512.0,9753.5,9656.5,7152.75
small towns,1946.0,1518.5,1544.75,1611.75,1177.75
independent film,9510.75,7181.5,8252.25,8165.75,5891.0
foul language,29544.5,22347.25,24959.0,25183.0,18900.0
understated,1665.5,1235.25,1401.0,1493.75,1074.0
Loretta Lynn,995.25,804.5,830.0,897.0,659.25
free speech,8679.0,6700.25,7289.5,7381.5,5461.0
Adventure,28720.25,22521.0,24872.5,25027.25,18330.25
Al Pacino,44150.75,33537.0,38014.75,38079.25,28765.5
quirky,228363.25,175131.0,192993.25,194659.25,144373.5
bowling,18290.5,13810.25,15503.0,15444.5,11647.5
fast paced,29544.5,22347.25,24959.0,25183.0,18900.0
matchmaker,384.75,375.0,342.0,375.25,267.25
stranded,7852.0,6129.75,6806.25,7080.75,5066.75
Liam Neeson,9773.0,7805.25,9008.75,9124.25,6322.5
stupid is as stupid does,29500.0,23313.75,25429.5,25829.0,19213.0
high school,49635.75,39062.25,41674.0,43092.0,31176.25
overcomplicated,7506.25,6028.5,6698.25,6684.25,4934.0
character study,17314.5,13279.75,14616.0,14777.25,11024.25
Rome,26475.25,20795.0,23465.25,23368.25,17067.75
Will Smith,10854.75,8604.75,9863.0,9798.0,7031.25
Rachel Weisz,11080.75,8730.25,9818.25,9917.5,7192.0
Gambling,936.75,775.75,761.75,767.5,585.75
Philip K. Dick,19767.75,14944.25,16807.75,16853.5,12181.5
fairy tale,2075.75,1720.0,1760.5,1851.0,1346.25
Magic,89983.5,71532.25,77211.5,78780.5,57838.25
murder,24889.0,19756.25,21318.0,21652.5,15969.5
death,8232.75,6425.25,6710.0,6946.5,5057.5
captain nemo,5285.0,4249.75,4753.25,4702.0,3285.75
subway,1599.0,1264.25,1331.75,1324.5,971.25
spies,9229.75,7350.75,8025.5,8146.0,5949.25
workplace,13480.75,10334.0,11428.5,11683.75,8230.0
sophisticated,29544.5,22347.25,24959.0,25183.0,18900.0
freaks,18691.25,14534.75,15668.75,16112.0,11716.25
prodigies,987.0,793.0,807.25,853.25,609.0
large cast,1994.75,1490.0,1652.5,1769.5,1219.25
postmodern,31490.25,23923.75,26718.75,26905.0,20157.25
golfing,1318.5,1083.5,1168.0,1192.25,861.25
shark,420.75,333.5,376.25,392.0,263.25
Veterinarian,2383.75,1964.0,2107.5,2093.0,1561.5
pregnancy,22850.25,18061.25,19240.0,20148.75,14388.25
Watergate,4631.75,3694.0,3910.25,4141.75,2953.0
technology,15983.0,11908.0,13348.5,13346.0,9786.5
humour,29544.5,22347.25,24959.0,25183.0,18900.0
ironic,34096.25,25701.75,28676.0,28976.75,21849.5
procedural,35.0,20.0,30.0,30.0,15.0
truth,5195.0,3873.75,4428.75,4545.25,3384.0
DEPRESSING,6749.25,5099.75,5890.5,5917.75,4520.25
whimsical,30672.25,23530.25,25447.0,25930.75,19238.75
missing children,511.75,425.0,417.75,448.75,324.5
Harrison Ford,23945.75,18844.25,20813.25,20844.25,15096.0
Visually Striking,8055.25,6208.5,7064.25,7344.25,5126.25
television,13137.0,10240.5,10951.75,11025.5,8274.0
special effects,17371.25,13429.0,15217.0,15241.25,10933.25
generation X,21937.5,16786.25,18426.0,19076.5,13798.0
McDonalds,9302.25,7298.75,8051.0,8296.0,5827.0
sci-fi,289684.0,224453.0,250429.75,251566.75,183900.0
Alicia Vikander,927.25,733.0,873.0,881.25,598.5
aviation,10075.25,7941.0,8753.0,8751.5,6413.75
slasher,11793.25,9345.5,10330.5,10510.0,7368.25
bible,29544.5,22347.25,24959.0,25183.0,18900.0
weather forecaster,2302.75,1828.5,1940.75,1988.5,1463.5
killer,8203.0,6389.5,7444.5,7294.75,5164.75
Wizards,59930.75,47952.75,51190.0,52592.5,38547.75
World War II,32595.25,25797.0,29373.75,29626.5,21084.0
e-mail,5861.75,4756.0,4970.25,5275.25,3800.5
mental hospital,1594.25,1193.75,1276.0,1321.5,958.25
Documentary,328.25,271.25,287.5,283.75,192.25
Wall Street,18948.75,14386.0,16278.25,16639.5,12342.75
based on a book,74239.5,56512.0,63424.5,63775.5,47434.75
insanity,27079.25,20476.75,23105.5,23254.0,17144.5
Heartwarming,14133.0,11068.0,12106.5,12254.25,9184.75
unusual,29544.5,22347.25,24959.0,25183.0,18900.0
darth vader,47157.5,36998.5,40950.75,41205.0,29776.0
Thrilling,12023.75,9426.25,10547.0,10783.75,7753.5
Civil War,13554.5,10957.0,11908.5,12421.25,8646.0
chess,8213.5,6407.0,6921.0,7013.0,5119.5
reciprocal spectator,712.75,568.5,608.75,581.25,468.0
animation,79251.75,62816.25,68101.0,68131.25,50320.5
Bugs Bunny,4424.5,3519.5,3930.5,3953.75,2834.25
werewolf,1499.5,1135.25,1186.0,1235.5,884.25
sofia coppola,5408.0,4184.5,4292.75,4484.25,3333.25
hotel,15292.75,12054.5,13488.5,13564.25,9903.0
multiple short stories,4551.75,3354.5,3717.0,3793.75,2949.5
southern US,708.25,576.25,607.75,601.25,484.25
Prince,638.75,504.5,552.0,569.75,407.5
Julianne Moore,18290.5,13810.25,15503.0,15444.5,11647.5
wedding,17129.75,14052.0,14805.75,15411.75,11209.75
dance,36779.5,28240.25,30918.25,31486.25,23513.75
stylized,167966.0,128711.25,142881.75,143995.75,106818.0
corruption,46317.5,35606.75,40765.5,40902.0,30048.25
Mila Kunis,3469.0,2756.5,2981.0,3164.75,2312.0
priest,6636.5,5349.75,5613.0,5864.75,4393.75
James Cameron,21230.0,16806.5,18447.5,18632.75,13585.75
amazing artwork,3606.5,2700.0,3103.5,3016.25,2220.0
creativity,739.25,551.75,598.25,588.75,438.0
system holism,20.0,20.0,20.0,22.5,10.0
biopic,16459.25,12985.75,14664.25,14813.0,10674.5
intellectual,61387.75,46996.25,52235.25,52743.0,39435.5
interracial romance,666.0,537.25,531.25,598.0,461.0
Bad story,3112.0,2450.25,2880.5,2841.5,2033.25
cliche characters,15967.25,12400.5,13998.75,14202.5,10212.5
indiana jones,22700.75,18014.5,19731.5,19869.25,14439.25
Seth Rogen,15416.5,11897.75,13291.75,13300.75,9898.25
paranoia,16763.0,12652.75,13796.5,14210.5,10405.75
film noir,29544.5,22347.25,24959.0,25183.0,18900.0
really bad,4310.75,3436.5,3742.0,3726.25,2780.5
organized crime,63829.75,48642.75,55182.25,55331.75,40802.75
Horror,17148.25,13064.75,14181.0,14463.0,11003.0
tearjerking,14133.0,11068.0,12106.5,12254.25,9184.75
FIGHTING THE SYSTEM,5457.5,4312.25,5050.75,5083.75,3578.25
Insanity,512.25,388.75,366.75,464.0,314.0
artsy,11071.25,8019.25,9115.0,9207.5,6622.0
Morrow,4768.25,3788.25,4198.25,4258.25,3034.75
Post apocalyptic,57056.75,44622.25,49408.75,49698.5,36763.0
wizards,30052.75,23579.5,26021.5,26188.0,19290.5
mathematics,30165.0,23195.25,26035.5,26273.25,18947.0
cate blanchett,7485.0,5809.75,6525.75,6586.75,4880.0
Beethoven,1285.25,1026.0,1107.5,1144.5,845.75
1980s,7965.5,6496.0,6750.75,7020.5,4979.0
anger,5469.75,4240.75,4576.75,4608.75,3433.25
unintelligent,5260.0,4240.5,4737.0,4732.25,3482.0
futuristic,37213.0,28714.5,31796.0,31978.75,23372.25
vampires,10061.0,7767.5,8724.25,8922.5,6409.5
Gary Oldman,19267.25,14592.5,16662.25,16487.0,12208.25
gold,277.0,216.5,221.25,245.75,178.75
bad acting,9262.5,7367.25,8516.0,8709.5,6076.25
Rachel McAdams,1710.5,1280.75,1480.75,1509.75,1089.25
painter,1522.75,1192.75,1258.25,1360.25,912.75
Ben Affleck,7856.75,6228.75,7172.5,7089.5,4983.5
Cold War,12403.25,9655.25,10804.25,10742.25,7934.0
Wolverine,12599.75,10029.0,11254.25,11106.25,7997.0
celebrity fetishism,20.0,20.0,20.0,22.5,10.0
Simple,15967.25,12400.5,13998.75,14202.5,10212.5
I see dead people,21292.25,16693.5,18187.5,18499.25,13564.75
jay and silent bob,9004.75,7043.25,7860.25,7918.5,5681.75
annoying,16379.75,12698.75,13982.5,14297.75,10844.0
Cole Porter,93.0,101.75,78.5,97.5,72.75
twists & turns,28796.75,22452.5,24995.0,24935.5,18350.0
Borg,6202.0,4859.5,5529.25,5614.5,3782.75
money,2510.75,1879.75,2164.5,2242.25,1585.0
Denzel Washington,7596.75,5946.0,6902.0,6990.75,5029.0
south park,8679.0,6700.25,7289.5,7381.5,5461.0
voyeurism,11581.75,9089.5,9686.0,10003.5,7232.0
far fetched,2075.75,1720.0,1760.5,1851.0,1346.25
visual,15983.0,11908.0,13348.5,13346.0,9786.5
directorial debut,2813.75,2159.5,2364.0,2420.0,1798.0
Bechdel Test:Fail,22960.5,18480.5,19696.25,20022.25,14918.75
macho,9257.5,7208.0,8109.25,8182.25,5778.75
courtroom drama,4874.25,3887.25,4316.0,4492.75,3287.5
In Your Eyes,3668.5,2976.25,3071.75,3222.25,2225.75
nerds,11519.25,8853.5,9860.75,9951.75,7285.75
Dan Aykroyd,5786.5,4574.5,5044.0,4984.25,3685.25
Philip Seymour Hoffman,18290.5,13810.25,15503.0,15444.5,11647.5
the Force,12695.75,10068.5,11331.75,11244.5,8114.75
offensive,30214.5,22860.75,25457.0,25729.75,19312.0
tragedy,6076.75,4604.5,5062.0,5142.75,3824.5
Michael Cera,40023.0,30985.25,33795.0,34488.0,25296.25
kids,13527.75,10916.5,11700.75,11778.0,8878.25
Steve Carell,15296.0,12138.75,13328.75,13315.75,9587.5
unpredictable,29544.5,22347.25,24959.0,25183.0,18900.0
horses,4976.75,4076.0,4486.0,4507.5,3191.75
Jean Grey,12599.75,10029.0,11254.25,11106.25,7997.0
Orlando Bloom,4792.0,3778.25,4411.5,4369.75,2984.75
goretastic,6854.75,5120.25,5714.0,5780.5,4153.75
political commentary,20206.75,15799.75,17736.75,17736.75,13041.0
cerebral,101183.5,77188.5,85779.0,86609.25,64010.0
emotional,163367.5,127141.75,139891.5,141786.25,106005.25
sexy,29544.5,22347.25,24959.0,25183.0,18900.0
Palme d'Or,29544.5,22347.25,24959.0,25183.0,18900.0
gentle,2798.25,2092.25,2252.0,2394.25,1839.5
immigrants,9545.5,7650.5,8293.75,8540.0,6032.0
lovely,22147.75,17002.25,18503.75,18689.0,14129.75
parrots,401.5,311.5,332.0,351.0,225.5
Siam,1821.75,1578.0,1657.25,1700.75,1132.5
trains,4864.0,3956.75,4243.75,4359.25,3037.0
70mm,175.5,163.75,163.5,164.75,131.5
politics,90364.5,70713.75,78507.75,79835.0,58245.25
purity of essence,14919.0,11315.25,12563.75,12575.5,9411.0
figure skating,912.75,723.0,753.25,824.5,529.25
Henry Darger,328.25,271.25,287.5,283.75,192.25
Anne Hathaway,24361.5,19175.5,21410.5,21462.5,15631.75
holocaust,13260.0,10180.0,11450.5,11503.25,8525.0
Halloween,11417.5,8951.0,9484.25,9575.25,7272.75
beat poetry,2536.5,2062.0,2140.5,2199.0,1640.25
investor corruption,5195.0,3873.75,4428.75,4545.25,3384.0
samurai,21290.5,16239.5,17924.25,18155.0,12700.0
hula hoop,4007.75,3114.25,3333.5,3361.75,2471.75
good dialogue,66888.5,51213.25,56995.25,57681.0,42651.5
silly,29169.5,23071.5,25402.0,25626.5,18409.75
Matrix,5458.25,3983.5,4652.25,4522.75,3364.0
space station,1066.0,812.75,940.25,964.75,605.25
dumb,9559.75,7445.5,8392.0,8475.25,6113.75
Samuel L. Jackson,79997.75,61489.75,68691.25,69173.0,51259.75
realistic,3546.75,2682.5,3019.0,3222.5,2274.25
highschool,13051.0,10359.0,11328.75,11617.25,8234.75
Cerebral,11255.25,8590.25,9651.25,9834.75,6908.0
random,29544.5,22347.25,24959.0,25183.0,18900.0
meaningless violence,29544.5,22347.25,24959.0,25183.0,18900.0
Strangers on a Train,1125.25,915.25,938.5,1007.25,672.0
teenage pregnancy,16460.25,12867.0,13826.25,14380.5,10432.0
ex-con,4704.25,3757.25,4103.0,4226.25,2833.5
good music,29544.5,22347.25,24959.0,25183.0,18900.0
Lolita theme,19267.25,14592.5,16662.25,16487.0,12208.25
nightmare,22.0,18.75,19.0,14.75,13.75
Chris Evans,9412.75,7573.5,8597.25,8747.5,6129.75
John Malkovich,9985.5,7726.0,8554.5,8537.0,6390.25
art,4012.25,2990.5,3301.0,3423.0,2513.75
Jack Nicholson,19411.25,15064.0,17038.0,17027.0,12698.75
Music,2390.25,1877.0,2039.0,2124.25,1505.75
alan rickman,15767.75,12559.25,13388.75,13819.0,10195.5
Dark,5109.25,4047.75,4450.25,4475.75,3278.5
unconventional,11202.5,8813.75,9633.25,9746.0,7068.25
great acting,80302.0,60863.5,68340.0,68575.0,51265.5
dreams,22960.5,18480.5,19696.25,20022.25,14918.75
cheeky,11092.25,8862.0,9713.25,9677.25,7088.0
scandal,10697.0,8523.25,9350.0,9639.5,6892.5
big name actors,29544.5,22347.25,24959.0,25183.0,18900.0
avant-garde romantic comedy,1634.0,1249.5,1277.5,1315.0,967.75
tense,94960.5,73243.25,81432.25,82462.25,60267.5
sex,3469.0,2756.5,2981.0,3164.75,2312.0
ark of the covenant,22700.75,18014.5,19731.5,19869.25,14439.25
Russell Crowe,22185.5,17359.0,19691.75,19592.0,14373.75
crime,172127.0,131562.25,147969.0,148385.25,109647.5
daniel radcliffe,1329.0,1069.25,1102.25,1167.25,760.25
British,593.5,500.75,532.75,524.5,351.75
time-travel,24781.75,19112.25,21354.75,21580.0,16029.75
nonlinear timeline,29544.5,22347.25,24959.0,25183.0,18900.0
Sci-fi,15346.75,11533.25,12998.25,13112.25,9563.5
Highly quotable,51664.25,39133.75,43689.5,43972.0,32968.75
babies,2282.5,1915.25,1980.0,2074.75,1524.25
Mark Wahlberg,1783.5,1428.0,1583.0,1603.25,1271.5
controversial,25617.5,19307.5,21351.75,21724.25,16146.75
tension,6222.25,4629.5,5355.5,5389.25,3902.0
Dodie Smith,440.25,351.25,406.75,404.5,263.0
families,1933.0,1589.0,1652.5,1723.0,1238.25
PTSD,512.25,388.75,366.75,464.0,314.0
Alfred Hitchcock,29842.25,23428.0,25196.0,25575.75,19031.75
zither,5244.5,4004.0,4317.25,4328.5,3279.25
non-linear,29544.5,22347.25,24959.0,25183.0,18900.0
football,5594.5,4563.25,5062.25,5139.0,3530.0
infertility,669.25,614.25,640.5,606.25,466.25
adult humor,8679.0,6700.25,7289.5,7381.5,5461.0
Stupid ending,16379.75,12698.75,13982.5,14297.75,10844.0
Sundance award winner,714.5,504.5,517.5,558.75,424.0
modern fantasy,10489.75,8383.5,9091.5,9202.75,6683.25
secret society,10946.0,8580.75,10022.25,9847.75,6918.0
beautiful scenery,39014.0,30911.5,34306.0,34319.25,25278.0
too much love interest,6458.25,5043.25,5851.75,5888.0,4094.0
wapendrama,9458.25,7129.5,8413.5,8228.75,6072.0
narnia,3920.5,3258.25,3551.5,3550.5,2504.0
Sinbad,249.0,213.25,235.0,229.5,156.5
downbeat,7375.75,5671.75,6220.0,6304.5,4737.5
gangsters,40489.5,31019.75,34648.0,34981.25,25875.75
The Entertainer,8034.25,6466.0,7213.25,7138.75,4959.0
Jason Segel,4534.25,3661.5,3982.5,4139.0,3055.0
Moving,1529.0,1151.5,1323.0,1280.75,939.75
Stand Up,925.0,754.0,770.0,776.5,609.25
guns,38802.0,29555.25,33068.25,33365.25,24678.75
gangs,524.75,436.75,441.0,491.25,358.75
Food,1378.0,1127.25,1179.5,1117.5,918.75
business,22370.25,17057.25,19365.75,20084.25,14277.25
aggressive,29544.5,22347.25,24959.0,25183.0,18900.0
Christina Ricci,9245.25,7265.0,7758.0,7962.25,5882.75
weird,33820.25,25568.0,27958.75,28268.0,20953.5
hilarious,28120.5,21885.0,24466.0,24460.75,17715.5
Hugh Jackman,17538.5,13649.5,15365.25,15483.0,11313.0
hippies,446.5,359.75,374.75,413.25,308.25
Oscar (Best Actress),1038.25,854.75,929.5,952.75,703.75
action choreography,7405.0,5701.25,6566.0,6504.25,4704.5
Deep Throat,4631.75,3694.0,3910.25,4141.75,2953.0
Colin Farrell,13004.5,9859.5,11067.0,11169.5,8189.0
ummarti2006,21128.25,16314.75,18421.0,18371.75,13627.5
sexuality,31757.0,24167.25,26560.75,27110.25,20570.75
Seann William Scott,13870.5,10882.0,12134.0,12201.5,8894.25
contemplative,764.5,566.75,596.25,654.75,477.75
loneliness,44671.25,34205.0,38011.25,38323.25,28490.75
nonlinear narrative,29544.5,22347.25,24959.0,25183.0,18900.0
Hungary,157.75,141.0,127.0,151.0,116.5
birds,8936.25,7147.0,7694.0,8019.0,5562.75
con men,5726.75,4522.25,4989.75,5124.25,3663.25
Jason,3101.75,2423.75,2700.25,2681.75,1813.0
short stories,4551.75,3354.5,3717.0,3793.75,2949.5
deadpan,18290.5,13810.25,15503.0,15444.5,11647.5
Monty Python,19038.25,14673.5,16197.0,16098.0,11866.0
Priest,1886.25,1500.75,1638.25,1687.5,1160.25
melancholic,3735.25,2855.0,3028.75,3210.75,2435.25
great ending,28614.5,22216.5,25072.25,25107.75,18414.25
George Clooney,9985.5,7726.0,8554.5,8537.0,6390.25
Cold,3312.0,2655.0,2844.75,2809.75,2054.5
pageant,6426.75,5363.0,5635.5,5794.0,4130.25
Gal Gadot,3248.5,2612.0,3043.0,3033.25,2179.5
China,3288.75,2646.75,2901.25,2943.25,2109.5
dogs,32762.5,26311.75,28403.0,28677.75,21349.5
sad,19540.25,15506.25,16298.25,16747.75,12555.0
Andy Kaufman,5113.75,3914.75,4302.0,4423.25,3333.5
Kurt Russell,8028.75,6023.75,6934.75,7136.0,5123.5
AS Byatt,419.0,341.25,349.25,373.75,285.75
Train,714.5,504.5,517.5,558.75,424.0
Nick and Nora Charles,4157.5,3422.0,3814.25,3961.0,2668.25
Michael Bay,13950.75,11219.75,12728.75,12723.25,9280.25
no dialogue,739.25,551.75,598.25,588.75,438.0
iconic,29544.5,22347.25,24959.0,25183.0,18900.0
L.A.,9575.25,7256.75,7939.0,8205.25,5982.5
rabbi,2070.5,1727.75,1736.5,1800.75,1406.75
cartoon,22960.5,18480.5,19696.25,20022.25,14918.75
South Africa,201.25,145.5,173.75,173.0,148.0
Ray Bradbury,2265.25,1779.5,1954.25,1967.75,1378.25
FBI,6993.25,5452.75,6268.25,6360.0,4444.0
unsettling,1500.5,1072.25,1155.0,1224.25,1001.0
Uma Thurman,29544.5,22347.25,24959.0,25183.0,18900.0
china,13699.0,10603.75,11840.5,11844.75,8597.75
heroine in tight suit,9203.75,7407.75,8452.25,8400.5,5971.25
good soundtrack,31594.25,24364.25,27684.75,27682.0,20401.5
intertwining storylines,29544.5,22347.25,24959.0,25183.0,18900.0
Emilia Clarke,2249.5,1844.75,1951.75,2087.25,1397.5
organised crime,29544.5,22347.25,24959.0,25183.0,18900.0
r:strong bloody violence,29544.5,22347.25,24959.0,25183.0,18900.0
Mozart,10072.75,7762.0,8659.5,8770.75,6317.25
alternate endings,12458.25,9390.5,10367.0,10565.75,7810.0
ensemble cast,77020.75,58904.0,65641.0,65978.5,49080.5
irreverent,22139.25,17011.5,19039.0,19184.25,13944.25
unlikely hero,18689.5,14766.25,16227.0,16161.5,11722.0
Quotable,29544.5,22347.25,24959.0,25183.0,18900.0
Comedy,5458.75,4293.25,4750.5,4856.0,3334.0
HOT actress,3469.0,2756.5,2981.0,3164.75,2312.0
virtual reality,4365.25,3296.25,3728.75,3705.0,2769.5
imaginary friend,31490.25,23923.75,26718.75,26905.0,20157.25
austere,238.5,174.75,193.75,191.25,134.75
Twist Ending,2813.75,2159.5,2364.0,2420.0,1798.0
Macaulay Culkin,4511.75,3571.25,3979.0,4036.0,2919.5
jim carrey,22147.75,17002.25,18503.75,18689.0,14129.75
multiple stories,29544.5,22347.25,24959.0,25183.0,18900.0
terrorism,24917.25,19687.0,22077.75,22204.25,16161.25
bad,20949.25,16700.75,18625.25,18637.25,13275.25
Zooey Deschanel,11386.25,9034.75,9662.5,9993.5,7246.75
abortion,1476.0,1204.25,1222.0,1337.25,975.5
World War I,1693.75,1371.75,1583.5,1619.0,1054.25
Andrew Lloyd Weber,1525.25,1311.5,1400.0,1401.5,986.5
Cult classic,18290.5,13810.25,15503.0,15444.5,11647.5
colorful,11092.25,8862.0,9713.25,9677.25,7088.0
black humor,29544.5,22347.25,24959.0,25183.0,18900.0
Romans,22185.5,17359.0,19691.75,19592.0,14373.75
Guardians of the Galaxy,5109.25,4047.75,4450.25,4475.75,3278.5
video game adaptation,927.25,733.0,873.0,881.25,598.5
based on a TV show,32766.0,25715.5,28859.75,28917.5,21001.75
Harley Quinn,3112.0,2450.25,2880.5,2841.5,2033.25
Christoph Waltz,44240.75,33582.25,38225.75,38232.5,28718.25
ballroom dance,1429.75,1168.75,1218.25,1311.5,997.25
brutality,38979.75,29334.5,32865.25,33341.75,24926.0
gruesome,3275.25,2398.0,2574.25,2565.25,1846.0
rape,30744.25,23365.25,26097.75,26411.25,19714.25
episodic,29544.5,22347.25,24959.0,25183.0,18900.0
AIDs,7200.0,5770.5,6352.75,6463.25,4748.5
1900s,782.75,637.25,718.0,729.5,534.0
Sad,5109.25,4047.75,4450.25,4475.75,3278.5
big budget,39911.25,31051.5,34554.75,34814.25,25714.5
movie business,33180.0,26001.5,28192.25,28614.5,21223.75
Witty,9249.0,6961.25,8051.0,8092.25,5777.5
original,43028.5,33205.5,36655.5,36884.0,27568.25
I am your father,23945.75,18844.25,20813.25,20844.25,15096.0
beautiful,54218.25,41530.5,45984.5,46486.5,34320.25
Doc Ock,13457.0,10586.5,11863.75,11874.75,8561.0
challenging,31490.25,23923.75,26718.75,26905.0,20157.25
violence in america,12098.5,9294.5,10229.0,10307.75,7613.75
Jennifer Lawrence,4093.25,3322.5,3749.25,3857.25,2674.25
pizza beer,9559.75,7445.5,8392.0,8475.25,6113.75
New York,21016.75,16553.5,17085.25,18158.75,13293.5
Juliette Lewis,4015.75,3093.25,3436.5,3543.25,2631.0
Istanbul,2860.25,2304.0,2726.75,2806.25,1918.25
pixar,23468.75,18692.25,20173.75,20428.75,15165.5
violence,121420.0,91458.0,102727.25,102970.25,77289.5
men in drag,23904.5,19157.75,20429.75,21283.25,15515.5
boxing,46095.5,36305.0,40814.25,41726.5,29699.5
social commentary,98841.5,75942.75,83650.5,85035.0,63174.0
earnest,13058.0,10090.0,11129.75,11311.5,8297.5
flood,283.5,219.0,248.5,271.5,164.0
Batman,3112.0,2450.25,2880.5,2841.5,2033.25
Oscar (Best Music - Original Score),16056.75,12962.0,13813.75,14067.5,10382.5
Hayao Miyazaki,11649.25,9139.0,9745.0,9762.75,7154.75
Teen movie,4424.5,3581.25,3779.0,3918.5,2845.5
twist,36965.25,28277.5,31611.5,31836.0,23600.25
witty,81922.25,62894.75,69814.5,70864.0,52096.5
awesome,14230.0,11214.75,12414.25,12431.0,8973.75
adultery,24305.25,19591.25,20916.25,21669.5,15724.75
illusions,7506.25,6028.5,6698.25,6684.25,4934.0
old,1701.5,1376.5,1571.75,1577.25,1095.75
Family,5008.0,3931.25,4262.0,4356.5,3197.5
Pee Wee Herman,2896.0,2219.25,2314.75,2380.25,1744.5
societal criticism,31490.25,23923.75,26718.75,26905.0,20157.25
love story,47366.75,37089.25,41047.5,41273.5,30506.5
demons,18448.5,14346.75,15319.0,15837.0,11483.5
tragic,6841.25,5171.25,5658.25,5797.5,4302.25
rasicm,7391.75,6113.0,6630.75,6670.25,4816.25
paranoid,25118.0,18478.25,20912.75,20835.5,15555.0
confusing ending,15983.0,11908.0,13348.5,13346.0,9786.5
lawyers,19419.0,15433.0,16697.5,17099.75,12655.0
fantasy,83798.0,66077.0,72795.0,73487.0,53742.75
Jesse Ventura,9257.5,7208.0,8109.25,8182.25,5778.75
los angeles,29544.5,22347.25,24959.0,25183.0,18900.0
governess,917.5,778.0,799.5,809.5,590.0
bromance,9009.5,7085.25,7891.25,8034.25,5923.25
Star Trek,4391.0,3532.0,3953.75,4070.25,2715.0
psychological thriller,31490.25,23923.75,26718.75,26905.0,20157.25
bank,3546.75,2682.5,3019.0,3222.5,2274.25
Shia LaBeouf,4201.0,3437.5,3952.75,3928.25,2833.25
James Franco,10317.5,7868.0,8813.75,8765.25,6601.25
Dwayne Johnson,1924.5,1551.75,1681.0,1765.25,1167.0
1970s,8671.25,6716.5,6933.0,7280.5,5324.5
Jared Leto,11992.5,9191.75,10385.5,10812.25,7917.5
busniess,1635.0,1419.75,1471.75,1532.75,1080.75
Hannibal Lector,25938.75,20047.25,22170.5,22443.25,16766.75
film-noir,29544.5,22347.25,24959.0,25183.0,18900.0
amazing dialogues,29544.5,22347.25,24959.0,25183.0,18900.0
suburbia,6841.75,5041.75,5382.25,5572.75,4162.75
1960s,3063.25,2345.0,2673.0,2587.0,2003.0
too many characters,7596.75,6112.25,6911.0,6932.5,4886.75
Crude humor,1960.25,1517.5,1772.0,1800.25,1300.5
General Motors,3028.0,2352.5,2453.5,2552.5,1890.75
neo-noir,48300.5,36383.0,40768.5,40951.25,30750.25
black and white,26190.25,20231.5,21395.25,22213.25,16522.0
interesting scenario,345.5,282.0,326.5,377.5,224.5
Marx brothers,2942.0,2321.5,2411.5,2413.75,1830.5
addiction,1783.5,1428.0,1583.0,1603.25,1271.5
dark hero,10946.0,8580.75,10022.25,9847.75,6918.0
violent,71168.0,53969.25,60528.0,61175.75,45502.75
goofy,18367.0,14492.75,15908.0,15977.0,11670.0
r:disturbing violent content including rape,29544.5,22347.25,24959.0,25183.0,18900.0
pulp,29544.5,22347.25,24959.0,25183.0,18900.0
nonsense,4093.25,3322.5,3749.25,3857.25,2674.25
scary,12072.0,9438.5,10031.25,10401.75,7651.0
photography,31513.75,24085.5,26616.0,27029.5,20015.5
shenanigans,11519.25,8853.5,9860.75,9951.75,7285.75
mice,2906.25,2302.5,2441.0,2395.5,1812.5
claustrophobic,32344.25,24619.75,27396.25,27649.0,20581.75
visually appealing,217477.5,168240.75,186996.0,189263.0,138114.5
golf,12189.25,9770.0,10856.75,10965.75,7769.75
truckers,200.5,151.5,169.25,176.75,142.5
Dr. Strange,5109.25,4047.75,4450.25,4475.75,3278.5
revenge,94130.0,72888.5,82043.5,82169.5,60692.0
Michigan,3028.0,2352.5,2453.5,2552.5,1890.75
mindless one liners,8438.75,6533.25,7254.75,7262.75,5334.5
too long,32486.0,25721.0,28348.75,28705.75,20808.5
stupid,8497.25,6641.75,7357.75,7293.75,5338.75
TOGA,5219.5,4020.75,4524.25,4635.75,3207.75
black hole,24781.75,19112.25,21354.75,21580.0,16029.75
cinematography,98855.25,75968.0,85406.5,86293.25,62108.75
autism,12996.25,10228.0,11279.75,11512.25,8242.5
Shakespeare,13023.5,10541.0,11226.5,11574.75,8338.0
weak plot,5591.75,4416.25,4966.25,5023.0,3596.0
humorous,83866.75,64988.5,71750.0,72229.25,53222.75
CGI,3612.5,2998.75,3380.75,3413.25,2305.25
evolution,1656.5,1320.25,1426.75,1449.25,1058.25
American Indians,7999.25,6443.25,7058.25,7205.25,4971.25
Jennifer Connelly,10711.75,8512.0,9753.5,9656.5,7152.75
Martin Scorsese,57205.75,43933.25,49546.0,49903.0,37222.75
Nudity (Full Frontal),21010.5,15863.25,17661.75,17640.0,13492.75
Animation,328.25,271.25,287.5,283.75,192.25
crappy sequel,9360.5,7305.0,8270.5,8192.5,5925.25
Mount Rushmore,9110.5,7109.75,7887.5,7863.5,5783.25
stapler,13480.75,10334.0,11428.5,11683.75,8230.0
Peter Pan,13208.25,10769.0,11461.5,11628.25,8578.0
train,3361.75,2734.5,2921.5,3040.25,2111.75
Housekeeper,2910.5,2411.75,2574.0,2684.25,1827.75
big corporations,3546.75,2682.5,3019.0,3222.5,2274.25
beautiful cinematography,14674.75,11569.5,13190.25,13017.75,9382.5
independent,714.5,504.5,517.5,558.75,424.0
anti-intellectual,5260.0,4240.5,4737.0,4732.25,3482.0
writing,10162.5,8087.25,8870.75,9138.5,6530.25
fun,89933.75,70428.0,77614.0,78202.75,57748.75
dark comedy,194591.5,147806.0,164595.25,165722.25,123833.75
treasure hunt,31104.75,24659.75,27166.25,27356.5,19928.75
poorly paced,3112.0,2450.25,2880.5,2841.5,2033.25
beautifully filmed,14674.75,11569.5,13190.25,13017.75,9382.5
Woody Harrelson,13194.5,10170.75,11368.75,11459.0,8429.0
class,6575.75,5196.75,5696.5,5709.5,4206.25
dreamy,3735.25,2855.0,3028.75,3210.75,2435.25
biography,22243.0,17367.5,19147.25,19639.25,14572.5
made me cry,6330.75,4829.5,5306.5,5379.75,4016.0
acting,7423.5,5671.25,6420.75,6458.75,4837.75
police corruption,19267.25,14592.5,16662.25,16487.0,12208.25
suicide,5408.0,4184.5,4292.75,4484.25,3333.25
mining,2483.0,2005.25,2064.5,2140.0,1623.75
rap,152.75,120.25,118.25,128.75,94.25
shipwreck,14500.5,11556.75,12487.0,12803.75,9335.75
trippy,8021.75,6125.25,6670.75,6851.5,4940.0
marriage,4089.25,3245.75,3598.5,3673.0,2753.25
spoof,40556.5,32191.0,34976.0,35253.5,25399.0
best comedy,9559.75,7445.5,8392.0,8475.25,6113.75
Van Gogh,315.0,289.25,294.5,300.5,199.75
faerie tale,2075.75,1720.0,1760.5,1851.0,1346.25
May-December romance,5048.25,3915.25,4067.5,4041.25,3143.75
funny,181007.5,140188.25,155839.75,157199.0,115753.0
Christopher Nolan,47802.25,37071.5,41455.5,41736.75,30868.75
teachers,263.5,190.0,231.25,225.5,189.25
Stephen Crane,110.0,110.25,116.5,109.0,77.0
widows/widowers,8601.0,6711.75,7766.75,7638.0,5430.75
adventure,82131.5,65160.5,71358.25,71836.75,52655.25
poor dialogue,21230.0,16806.5,18447.5,18632.75,13585.75
Capote,6597.75,5308.0,5660.5,5759.25,4236.75
Leonardo DiCaprio,143379.0,110904.5,124481.25,125060.25,92872.5
surreal,223295.25,170477.25,187595.5,189286.5,141098.25
AWESOME,29544.5,22347.25,24959.0,25183.0,18900.0
Simon and Garfunkel,9178.75,6996.25,7622.25,7727.5,5744.5
David Fincher,31490.25,23923.75,26718.75,26905.0,20157.25
twins,8722.5,7311.0,7471.5,7831.75,5456.25
Hilary Swank,6407.75,5026.0,5607.75,5614.25,4206.75
Animal movie,16444.75,13258.75,14027.5,14555.0,10097.5
reality TV,642.25,490.75,516.25,537.25,413.25
restaurant,1297.25,1013.5,1101.0,1166.25,800.25
artistic,35902.75,27652.0,29988.0,30551.75,22678.5
Robert Downey Jr.,13516.0,10539.0,11755.75,11764.5,8620.75
intelligent,116986.25,89924.25,99506.5,100785.5,74607.0
great performances,5475.0,4353.75,4892.75,4931.0,3443.0
Black comedy,29544.5,22347.25,24959.0,25183.0,18900.0
factory,9459.0,7188.75,7726.25,7967.0,5993.5
short films,390.75,320.75,295.25,374.75,256.25
Sexual Humor,4205.5,3312.5,3721.25,3752.0,2718.25
complicated,63333.5,48572.75,53995.0,54465.0,40692.75
Emma Stone,13194.5,10170.75,11368.75,11459.0,8429.0
E. M. Forster,2063.5,1719.75,1798.75,1871.25,1368.5
aquarium,451.5,382.0,359.5,424.25,340.25
Journalism,1796.0,1479.75,1525.5,1582.0,1103.25
long shots,27492.25,21207.5,23895.5,24252.0,17501.25
vertriloquism,445.5,370.75,356.5,421.25,251.75
Recap,891.0,628.25,696.25,720.0,530.0
Luc Besson,19267.25,14592.5,16662.25,16487.0,12208.25
Butler,2910.5,2411.75,2574.0,2684.25,1827.75
younger men,1684.0,1406.75,1371.5,1489.0,1123.5
Horrid characterisation,7405.0,5701.25,6566.0,6504.25,4704.5
Tennessee Williams,4521.25,3571.75,3710.75,3918.5,3006.25
engrossing adventure,26528.0,20718.5,22861.25,23047.75,16745.0
ancient Rome,22185.5,17359.0,19691.75,19592.0,14373.75
bubba gump shrimp,29500.0,23313.75,25429.5,25829.0,19213.0
Hal,15983.0,11908.0,13348.5,13346.0,9786.5
Michael Crichton,2204.0,1807.25,1995.25,1983.75,1451.25
James Stewart,20781.75,16286.25,17369.5,17850.75,13061.75
Kevin Costner,1508.0,1204.5,1359.75,1368.25,893.0
donkey,508.25,398.5,388.5,398.5,323.75
Dorothy,10173.75,8158.75,8554.0,8755.75,6239.25
aardman,2224.25,1703.0,1923.75,1875.0,1312.5
Unique,3735.25,2855.0,3028.75,3210.75,2435.25
Favelas,3088.5,2265.25,2755.25,2569.75,1983.25
claymation,10281.5,8142.0,8629.0,8647.5,6245.75
meryl streep,5751.0,4631.75,4970.0,4921.0,3561.25
Nun,4386.0,3563.5,3894.5,3983.25,2928.25
scifi,5260.0,4240.5,4737.0,4732.25,3482.0
robots,111776.75,86393.75,96516.25,96698.25,70006.75
artificial intelligence,68792.25,52423.75,59260.5,59392.0,42800.25
mediacentralism,20.0,20.0,20.0,22.5,10.0
inspirational,87517.0,68858.0,75669.25,76585.75,56734.25
gore,29544.5,22347.25,24959.0,25183.0,18900.0
post apocalyptic,34569.75,26729.0,29799.25,30040.25,22360.0
bad dialogue,24781.75,19112.25,21354.75,21580.0,16029.75
leopard,2251.75,1786.0,1894.0,1948.75,1415.0
incest,9325.75,7151.0,7778.75,7908.25,5831.5
SPACE TRAVEL,14784.25,11439.0,12893.25,12920.0,9216.75
Academy award (Best Supporting Actress),1290.75,1032.5,1149.5,1176.25,816.75
Coen Bros,9985.5,7726.0,8554.5,8537.0,6390.25
milkshake,29544.5,22347.25,24959.0,25183.0,18900.0
mafia,17204.75,13253.0,15324.25,15426.75,11341.0
Emma,6612.0,5326.5,5494.0,5683.0,4324.5
white guilt,26962.75,21379.5,23504.0,23770.0,17220.75
President,3674.5,3022.5,3216.0,3280.0,2277.0
cia,12023.75,9426.25,10547.0,10783.75,7753.5
soundtrack,68989.25,52918.5,58687.25,59100.75,43773.5
dreamlike,151629.0,115804.5,128148.75,129386.75,95575.0
Andy Samberg,4534.25,3661.5,3982.5,4139.0,3055.0
touching,85765.75,67351.25,73381.75,74449.75,55283.5
Japan,16150.5,12363.0,13585.0,13953.75,10017.25
No DVD at Netflix,684.0,556.25,562.75,577.25,431.5
surrealism,24310.5,18486.5,20166.5,20413.25,15399.75
moody,10761.5,8065.5,9007.0,9351.75,6736.75
Western,8028.75,6023.75,6934.75,7136.0,5123.5
Myth,41923.75,32901.5,36603.75,36661.0,26660.25
SNL,1020.75,835.5,932.75,973.0,664.5
Olympics,2804.5,2396.75,2633.0,2619.0,1793.0
dead wife,31843.25,24649.0,27276.25,27560.0,20535.5
moon,18392.75,14575.5,16306.5,16361.25,11488.25
camels,480.25,405.5,429.75,436.25,298.25
doctors,3672.5,3014.0,3321.0,3397.25,2410.75
It was melodramatic and kind of dumb,3952.0,3192.5,3571.0,3587.75,2587.5
graphic design,21230.0,16806.5,18447.5,18632.75,13585.75
1990s,29544.5,22347.25,24959.0,25183.0,18900.0
Mystery,20336.25,15722.0,17779.25,17797.75,13097.75
great soundtrack,134926.5,104046.0,115472.0,116262.5,86158.25
drug abuse,32534.0,24143.25,27122.5,27527.25,20699.75
John Cusack,5552.0,4350.75,4787.5,4908.25,3622.25
unique,64710.25,49313.25,55404.75,55543.75,41088.25
leonardo DiCarpio,8055.25,6208.5,7064.25,7344.25,5126.25
clever,117606.25,91580.75,100748.5,101637.5,75189.5
psychological,201570.25,153757.0,170724.0,172513.75,128727.75
edward norton,22712.25,17386.25,19454.0,19687.75,14835.5
ethics,1245.5,958.25,1087.75,1089.5,785.0
books,986.0,812.75,856.0,911.5,700.25
Kevin Smith,9004.75,7043.25,7860.25,7918.5,5681.75
Amy Adams,7256.75,5795.25,6506.5,6506.75,4603.25
Paris,8404.0,6645.25,7434.75,7487.25,5489.5
bloody,40874.5,30891.25,34581.75,34858.75,25922.0
Great movie,4580.75,3676.0,4213.0,4185.75,2931.25
Nazis,4599.5,3554.75,3913.25,3982.75,2954.0
Heroic Bloodshed,2743.0,2191.25,2577.75,2553.0,1753.25
motherfucker,29544.5,22347.25,24959.0,25183.0,18900.0
Existential,1141.75,804.5,858.75,889.25,720.25
Empire State Building,6759.0,5648.25,5835.5,6104.25,4387.5
hit men,58855.0,44701.75,50461.25,50631.0,37270.0
Hawkeye,5016.75,3989.75,4572.5,4572.0,3224.75
Insurance,4200.5,3307.75,3579.75,3479.5,2762.25
Tim Burton,31306.25,24961.0,26545.5,26733.25,19882.25
biking,4775.0,3702.25,4026.25,3924.75,2854.0
Mark Ruffalo,5707.25,4605.5,4914.0,5038.5,3622.5
survival,21693.5,16706.75,18754.0,19232.75,13611.75
Savannah,1730.25,1416.0,1451.0,1544.75,1076.75
bizarre,13140.25,9676.0,11045.25,10932.0,8389.0
Death,4167.0,3158.75,3493.0,3551.75,2668.5
depression,2699.5,2171.25,2290.75,2337.0,1690.75
good cinematography,11255.25,8590.25,9651.25,9834.75,6908.0
Hannibal Lecter,8113.25,6210.5,6987.25,7105.25,5182.75
oldie but goodie,26528.0,20718.5,22861.25,23047.75,16745.0
beautiful visuals,11255.25,8590.25,9651.25,9834.75,6908.0
Clousseau,6354.25,5257.25,5645.0,5605.75,3915.0
blind,3680.25,2812.75,3077.5,3195.75,2474.0
sweet,9534.5,7516.5,7986.25,8162.0,6186.25
Poor plot development,7405.0,5701.25,6566.0,6504.25,4704.5
splatter,29544.5,22347.25,24959.0,25183.0,18900.0
Notable Nudity,556.25,449.25,467.5,503.75,366.25
awkward romance,19267.25,14592.5,16662.25,16487.0,12208.25
shakespeare,5078.0,4011.25,4185.5,4359.25,3145.25
out of order,29544.5,22347.25,24959.0,25183.0,18900.0
bus,11007.5,8720.75,9675.25,9854.5,7084.5
harry potter,15767.75,12559.25,13388.75,13819.0,10195.5
history,22185.5,17359.0,19691.75,19592.0,14373.75
male nudity,1511.25,1230.25,1376.75,1390.75,1012.75
baseball,10146.75,8245.5,9186.25,9412.5,6212.0
assassins,19267.25,14592.5,16662.25,16487.0,12208.25
monologue,29544.5,22347.25,24959.0,25183.0,18900.0
Lou Gehrig,504.0,427.5,460.75,477.75,281.0
Brad Pitt,89797.75,68339.0,76734.25,77001.25,57765.75
emma thompson,10489.75,8383.5,9091.5,9202.75,6683.25
Thanksgiving,1308.5,1101.25,1101.75,1195.5,811.25
brutal,15262.5,11537.0,13049.5,13151.5,9527.0
Tom Hanks,48061.5,37988.0,42297.25,42108.75,30762.25
Chile,748.75,621.75,670.0,698.5,473.5
uncomfortable,1500.5,1072.25,1155.0,1224.25,1001.0
sisters,1660.5,1370.0,1305.0,1497.75,1137.5
Day and Hudson,541.25,470.75,493.5,518.0,409.0
espionage,26904.75,21078.5,23808.5,23779.0,17096.75
adolescence,20305.75,15631.75,16383.25,17121.0,12627.5
narrated,47279.25,35645.75,39997.75,40274.5,30267.0
Nerd,26528.0,20718.5,22861.25,23047.75,16745.0
lack of story,16917.75,13493.0,14895.5,14939.75,10614.25
Justin Timberlake,3469.0,2756.5,2981.0,3164.75,2312.0
claims to be true,7517.0,5767.0,6309.5,6609.75,4770.75
Einstein,1963.5,1605.5,1710.25,1751.25,1242.75
Bad writing,3112.0,2450.25,2880.5,2841.5,2033.25
British gangster,4678.25,3565.75,4081.25,4118.0,2912.25
stone age,2613.25,2133.25,2265.75,2293.5,1730.5
HORRIBLE ACTING,419.25,363.75,376.25,394.0,268.5
space epic,26528.0,20718.5,22861.25,23047.75,16745.0
Katzanzakis,1897.75,1492.0,1558.75,1651.0,1250.0
Well Done,1594.25,1193.75,1276.0,1321.5,958.25
KIDNAPPING,18202.0,13842.75,15403.25,15547.25,11404.5
nonlinear storyline,29544.5,22347.25,24959.0,25183.0,18900.0
1950s,5405.25,4124.25,4439.75,4637.5,3287.25
lesbian subtext,8263.5,6650.25,6844.0,7140.25,5102.5
sexy female scientist,9412.75,7573.5,8597.25,8747.5,6129.75
Ireland,8614.5,6940.75,7486.25,7696.25,5729.5
r:some violence,29544.5,22347.25,24959.0,25183.0,18900.0
purposefulness,2185.25,1733.0,1879.75,1835.75,1402.75
mad scientist,5219.75,4096.25,4663.0,4555.25,3425.75
britpop,50.5,37.5,47.5,47.5,38.0
invisibility,1163.0,931.5,918.5,1000.75,764.0
knights,2746.5,2179.25,2479.0,2456.25,1816.5
Angelina Jolie,3596.0,2889.25,3320.25,3278.75,2339.5
Klingons,3568.5,2792.75,3199.25,3327.25,2188.25
cult classic,29544.5,22347.25,24959.0,25183.0,18900.0
genocide,10086.25,7938.0,8859.5,8980.25,6433.25
fighting,31490.25,23923.75,26718.75,26905.0,20157.25
MacBeth,1963.5,1570.25,1721.25,1706.75,1214.75
ghosts,46314.75,36375.0,39556.5,39977.5,29304.0
satire,117217.25,89362.75,99527.0,100317.0,74589.5
Tilda Swinton,3920.5,3258.25,3551.5,3550.5,2504.0
unexplained,5591.75,4416.25,4966.25,5023.0,3596.0
superb soundtrack,15983.0,11908.0,13348.5,13346.0,9786.5
anti-war,14034.75,10386.0,11883.0,12082.25,8917.5
pigs,8545.75,6841.5,7282.25,7495.75,5268.25
crucifixion,3653.5,2895.0,3246.5,3280.75,2342.75
post-apocalyptic,44993.25,34716.0,39330.5,39397.5,28881.5
TERRORISM,31490.25,23923.75,26718.75,26905.0,20157.25
Depressing,1334.75,971.75,1057.25,1141.5,861.5
remade,18776.25,14890.0,15769.75,16301.75,12082.5
Pixar,46128.5,37119.75,39792.75,40082.0,29847.5
Surreal,9542.25,7590.25,8030.75,8058.75,5807.75
sarcasm,54193.0,41126.0,46099.0,46330.0,34683.75
Great villain,5109.25,4047.75,4450.25,4475.75,3278.5
creative,3127.25,2281.0,2611.0,2717.0,2068.0
stephen king,6146.0,4853.75,5221.25,5405.5,3895.25
psychology,232660.25,178869.0,197523.75,200161.0,148708.0
Nick Hornby,16729.0,13345.5,14272.75,14649.5,10704.5
Action,52564.0,40629.25,45930.5,45856.0,33203.25
Johnny Depp,8381.75,6751.75,7105.0,7206.5,5453.5
dating,1737.75,1384.25,1521.25,1618.75,1129.0
tension building,8028.75,6023.75,6934.75,7136.0,5123.5
children,34496.5,27819.25,29749.75,30294.5,22269.0
Magneto,12599.75,10029.0,11254.25,11106.25,7997.0
Brooch,1482.0,1213.0,1273.5,1353.0,946.75
end of the world,1891.25,1309.5,1510.75,1543.0,1099.5
Hearst,63.5,36.75,47.25,46.0,30.75
race,11907.75,9788.25,10814.25,10785.25,7745.5
